state,lg,ward,state_code,lg_code,ward_code,pu_code,code,location,ward_des,lg_des
EDO,01,01,12,01,01,001,12/01/01/001,"UGBOGBO, OZEDI",Igarra I,Akoko Edo
EDO,01,01,12,01,01,002,12/01/01/002,"UGBOGBO, BY CO-OPERATIVE STORE",Igarra I,Akoko Edo
EDO,01,01,12,01,01,003,12/01/01/003,"UGBOGBO, KAJOLA ROAD",Igarra I,Akoko Edo
EDO,01,01,12,01,01,004,12/01/01/004,"UGBOGBO NR.,  OMOKHIDE'S HOUSE",Igarra I,Akoko Edo
EDO,01,01,12,01,01,005,12/01/01/005,"UGBOGBO, SECRETARIAT ROAD",Igarra I,Akoko Edo
EDO,01,01,12,01,01,006,12/01/01/006,"UGBOGBO, OPPOSITE L.G. COUNCIL",Igarra I,Akoko Edo
EDO,01,01,12,01,01,007,12/01/01/007,"UGBOGBO, OFUNAMI MKT. SQUARE",Igarra I,Akoko Edo
EDO,01,01,12,01,01,008,12/01/01/008,"UGBOGBO, OPPOSITE OGOGORO JUNCTION.",Igarra I,Akoko Edo
EDO,01,01,12,01,01,009,12/01/01/009,"UGBOGBO, BY LAWANI'S HOUSE",Igarra I,Akoko Edo
EDO,01,01,12,01,01,010,12/01/01/010,UGBOGBO OPPOSITE OGOGORO JN,Igarra I,Akoko Edo
EDO,01,01,12,01,01,011,12/01/01/011,"UGBOGBO, NEAR ASHIPA'S COMP.",Igarra I,Akoko Edo
EDO,01,01,12,01,01,012,12/01/01/012,"UGBOGBO, NEAR LAREMOH'S COMP.",Igarra I,Akoko Edo
EDO,01,01,12,01,01,013,12/01/01/013,"UGBOGBO, NR. JIMOH OCHIS HOUSE",Igarra I,Akoko Edo
EDO,01,01,12,01,01,014,12/01/01/014,UGBOGBO NEAR OMOKHIDES HOUSE II,Igarra I,Akoko Edo
EDO,01,01,12,01,01,015,12/01/01/015,COMPREHENSIVE HIGH SCH IGARRA,Igarra I,Akoko Edo
EDO,01,01,12,01,01,016,12/01/01/016,"LOCAL GOVT EDU AUTHORITY, IGARRA",Igarra I,Akoko Edo
EDO,01,01,12,01,01,017,12/01/01/017,"IRETUTU PRY SCHOOL, IGARRA",Igarra I,Akoko Edo
EDO,01,01,12,01,01,000,12/01/01/000,12/01/01/000,Igarra I,Akoko Edo
EDO,01,02,12,01,02,001,12/01/02/001,"UTUA 1, UTUA P/S",Igarra Ii,Akoko Edo
EDO,01,02,12,01,02,002,12/01/02/002,"UTUA I,  BY AJAYI'S COMP.",Igarra Ii,Akoko Edo
EDO,01,02,12,01,02,003,12/01/02/003,"UTUA I, OPPOSITE CUSTOMARY COURT",Igarra Ii,Akoko Edo
EDO,01,02,12,01,02,004,12/01/02/004,UTUA NR. GADIMOH'S HOUSE,Igarra Ii,Akoko Edo
EDO,01,02,12,01,02,005,12/01/02/005,"UTUA I, GODSTIME NURSERY SCHOOL",Igarra Ii,Akoko Edo
EDO,01,02,12,01,02,006,12/01/02/006,"UFA II, IRETOJI PRIMARY SCHOOL",Igarra Ii,Akoko Edo
EDO,01,02,12,01,02,007,12/01/02/007,"UFA II, NR EDEKI'S HOUSE",Igarra Ii,Akoko Edo
EDO,01,02,12,01,02,008,12/01/02/008,"UFA II, BY OVOKO'S HOUSE",Igarra Ii,Akoko Edo
EDO,01,02,12,01,02,009,12/01/02/009,"UFA II, BY OMOLOJU'S COMP.",Igarra Ii,Akoko Edo
EDO,01,02,12,01,02,010,12/01/02/010,"UFA II, UFA HALL",Igarra Ii,Akoko Edo
EDO,01,02,12,01,02,011,12/01/02/011,"UFA II, NR. ADAMAGBO'S HOUSE",Igarra Ii,Akoko Edo
EDO,01,02,12,01,02,012,12/01/02/012,"UFA II, NR. ADAMS HS",Igarra Ii,Akoko Edo
EDO,01,02,12,01,02,013,12/01/02/013,"UFA II, AKUKU P/S I",Igarra Ii,Akoko Edo
EDO,01,02,12,01,02,014,12/01/02/014,"UFA II, AKUKU P/S II",Igarra Ii,Akoko Edo
EDO,01,02,12,01,02,015,12/01/02/015,ITUA PRY SCHOOL II,Igarra Ii,Akoko Edo
EDO,01,02,12,01,02,016,12/01/02/016,"UTUA I, OPPOSITE AJAYI'S COMP",Igarra Ii,Akoko Edo
EDO,01,02,12,01,02,017,12/01/02/017,"UTUA I, OPPOSITE CUSTOMARY COURT II",Igarra Ii,Akoko Edo
EDO,01,02,12,01,02,018,12/01/02/018,"UTUA I, OPEN SPACE NR GADIMOH'S HOUSE II",Igarra Ii,Akoko Edo
EDO,01,02,12,01,02,019,12/01/02/019,"UTUA I, OPP GODSTIME NURSERY SCHOOL",Igarra Ii,Akoko Edo
EDO,01,02,12,01,02,020,12/01/02/020,"UFA II, IRETOJI PRY SCHOOL II",Igarra Ii,Akoko Edo
EDO,01,02,12,01,02,021,12/01/02/021,"UFA II, ANGLICAN GRAMMAR IGARRA",Igarra Ii,Akoko Edo
EDO,01,02,12,01,02,022,12/01/02/022,"UFA II, FRONT OF J.T SAIKI'S HOUSE",Igarra Ii,Akoko Edo
EDO,01,02,12,01,02,023,12/01/02/023,"OPEN SPACE OPPOSITE AFEKHAI'S HOUSE, UFA II.",Igarra Ii,Akoko Edo
EDO,01,02,12,01,02,024,12/01/02/024,"UFA II, OPEN SPACE OPPOSITE ADAMS HOUSE",Igarra Ii,Akoko Edo
EDO,01,02,12,01,02,025,12/01/02/025,"OPEN SPACE BY ALAFIA JUNCTION, UFA II",Igarra Ii,Akoko Edo
EDO,01,02,12,01,02,026,12/01/02/026,"OPEN SPACE OPPOSITE  ADAM'S HOUSE, UFA II.",Igarra Ii,Akoko Edo
EDO,01,02,12,01,02,027,12/01/02/027,"UFA II, AKUKU PRY HEALTH CENTER, OPEN SPACE",Igarra Ii,Akoko Edo
EDO,01,02,12,01,02,028,12/01/02/028,OPEN  SPACE BY  AKUKU ST PETERS ANG CHURCH.,Igarra Ii,Akoko Edo
EDO,01,02,12,01,02,000,12/01/02/000,12/01/02/000,Igarra Ii,Akoko Edo
EDO,01,03,12,01,03,001,12/01/03/001,"LAMPESE, LAMPESE MKT. SQ.",Imoga/ Lampese/ Bekuma/ Ekpe,Akoko Edo
EDO,01,03,12,01,03,002,12/01/03/002,"LAMPESE, UKILEKPE P.S.",Imoga/ Lampese/ Bekuma/ Ekpe,Akoko Edo
EDO,01,03,12,01,03,003,12/01/03/003,"LAMPESE,  AFORO QRTS.",Imoga/ Lampese/ Bekuma/ Ekpe,Akoko Edo
EDO,01,03,12,01,03,004,12/01/03/004,"LAMPESE,  AFORO QTRS",Imoga/ Lampese/ Bekuma/ Ekpe,Akoko Edo
EDO,01,03,12,01,03,005,12/01/03/005,"LAMPESE, UKE P/S.",Imoga/ Lampese/ Bekuma/ Ekpe,Akoko Edo
EDO,01,03,12,01,03,006,12/01/03/006,"LAMPESE, BY OLORIEGBE COMP.",Imoga/ Lampese/ Bekuma/ Ekpe,Akoko Edo
EDO,01,03,12,01,03,007,12/01/03/007,"ELEKPI, BY CHIEF OKONDON",Imoga/ Lampese/ Bekuma/ Ekpe,Akoko Edo
EDO,01,03,12,01,03,008,12/01/03/008,"IMOGA, UMAR P/S",Imoga/ Lampese/ Bekuma/ Ekpe,Akoko Edo
EDO,01,03,12,01,03,009,12/01/03/009,"IMOGA,  LEPPER SETTLEMENT",Imoga/ Lampese/ Bekuma/ Ekpe,Akoko Edo
EDO,01,03,12,01,03,010,12/01/03/010,"IMOGA, IMOGA PRIMARY SCHOOL",Imoga/ Lampese/ Bekuma/ Ekpe,Akoko Edo
EDO,01,03,12,01,03,011,12/01/03/011,"IMOGA,  BY CHIEF OBANILU'S COMP.",Imoga/ Lampese/ Bekuma/ Ekpe,Akoko Edo
EDO,01,03,12,01,03,012,12/01/03/012,"EKPE, KEKPUME P.S",Imoga/ Lampese/ Bekuma/ Ekpe,Akoko Edo
EDO,01,03,12,01,03,013,12/01/03/013,"EKPE, BY DISPENSARY",Imoga/ Lampese/ Bekuma/ Ekpe,Akoko Edo
EDO,01,03,12,01,03,014,12/01/03/014,"EKPE,  AHOR P/S.",Imoga/ Lampese/ Bekuma/ Ekpe,Akoko Edo
EDO,01,03,12,01,03,015,12/01/03/015,"LAMPESE IKPAKUMU, HALLELUJAH OPEN SPACE",Imoga/ Lampese/ Bekuma/ Ekpe,Akoko Edo
EDO,01,03,12,01,03,016,12/01/03/016,"LAMPESE, CHIEF UDUZELI'S OPEN SPACE",Imoga/ Lampese/ Bekuma/ Ekpe,Akoko Edo
EDO,01,03,12,01,03,017,12/01/03/017,"LAMPESE, IZAZI QUARTERS OPEN SPACE",Imoga/ Lampese/ Bekuma/ Ekpe,Akoko Edo
EDO,01,03,12,01,03,018,12/01/03/018,"IMOGA, OKUTU PRIMARY SCHOOL",Imoga/ Lampese/ Bekuma/ Ekpe,Akoko Edo
EDO,01,03,12,01,03,019,12/01/03/019,"OPEN SPACE, IMOGA OLD MARKET",Imoga/ Lampese/ Bekuma/ Ekpe,Akoko Edo
EDO,01,03,12,01,03,020,12/01/03/020,"OPEN SPACE BY IMOGA, LAWANSON.",Imoga/ Lampese/ Bekuma/ Ekpe,Akoko Edo
EDO,01,03,12,01,03,000,12/01/03/000,12/01/03/000,Imoga/ Lampese/ Bekuma/ Ekpe,Akoko Edo
EDO,01,04,12,01,04,001,12/01/04/001,"IBILLO, OJAH P/S.",Ibillo/ Ekpesa/ Ekor/ Ikiran-ile/ Oke,Akoko Edo
EDO,01,04,12,01,04,002,12/01/04/002,"IBILLO, IBILLO P/S.",Ibillo/ Ekpesa/ Ekor/ Ikiran-ile/ Oke,Akoko Edo
EDO,01,04,12,01,04,003,12/01/04/003,"IBILLO, BY CHIEF OMOLOJU'S HS",Ibillo/ Ekpesa/ Ekor/ Ikiran-ile/ Oke,Akoko Edo
EDO,01,04,12,01,04,004,12/01/04/004,"IBILLO,  BY CHIEF GIWA'S HS.",Ibillo/ Ekpesa/ Ekor/ Ikiran-ile/ Oke,Akoko Edo
EDO,01,04,12,01,04,005,12/01/04/005,"IBILLO,  MKT. SQUARE",Ibillo/ Ekpesa/ Ekor/ Ikiran-ile/ Oke,Akoko Edo
EDO,01,04,12,01,04,006,12/01/04/006,"IBILLO,  BY OBA'S HS.",Ibillo/ Ekpesa/ Ekor/ Ikiran-ile/ Oke,Akoko Edo
EDO,01,04,12,01,04,007,12/01/04/007,"IBILLO,  AZANE P/S.",Ibillo/ Ekpesa/ Ekor/ Ikiran-ile/ Oke,Akoko Edo
EDO,01,04,12,01,04,008,12/01/04/008,"IBILL, O EFOLO P/S.",Ibillo/ Ekpesa/ Ekor/ Ikiran-ile/ Oke,Akoko Edo
EDO,01,04,12,01,04,009,12/01/04/009,"EKPESA, OYENGBA P/S.",Ibillo/ Ekpesa/ Ekor/ Ikiran-ile/ Oke,Akoko Edo
EDO,01,04,12,01,04,010,12/01/04/010,"EKOR, EKOR PRIMARY SCHOOL",Ibillo/ Ekpesa/ Ekor/ Ikiran-ile/ Oke,Akoko Edo
EDO,01,04,12,01,04,011,12/01/04/011,"IKIRAN ILE, BY ALAFIN'S HS.",Ibillo/ Ekpesa/ Ekor/ Ikiran-ile/ Oke,Akoko Edo
EDO,01,04,12,01,04,012,12/01/04/012,"IKIRAN,  BY SUBERU HS",Ibillo/ Ekpesa/ Ekor/ Ikiran-ile/ Oke,Akoko Edo
EDO,01,04,12,01,04,013,12/01/04/013,"IKIRAN,  BY OSOGBO HS",Ibillo/ Ekpesa/ Ekor/ Ikiran-ile/ Oke,Akoko Edo
EDO,01,04,12,01,04,014,12/01/04/014,"IKIRAN OKE, MKT. SQUARE",Ibillo/ Ekpesa/ Ekor/ Ikiran-ile/ Oke,Akoko Edo
EDO,01,04,12,01,04,015,12/01/04/015,OPEN SPACE FRONT OF ERIKITOLA'S COMPOUND,Ibillo/ Ekpesa/ Ekor/ Ikiran-ile/ Oke,Akoko Edo
EDO,01,04,12,01,04,016,12/01/04/016,OPEN SPACE FRONT OF OWOLABI'S HOUSE,Ibillo/ Ekpesa/ Ekor/ Ikiran-ile/ Oke,Akoko Edo
EDO,01,04,12,01,04,017,12/01/04/017,"OPEN SPACE -IBILLO, BOLADE'S COMPOUND UFOEGUA QTRS",Ibillo/ Ekpesa/ Ekor/ Ikiran-ile/ Oke,Akoko Edo
EDO,01,04,12,01,04,018,12/01/04/018,OPEN SPACE - FRONT OF OMOTORIOGUN COMPOUND,Ibillo/ Ekpesa/ Ekor/ Ikiran-ile/ Oke,Akoko Edo
EDO,01,04,12,01,04,019,12/01/04/019,"IBILLO, OPEN SPACE - FRONT OF NASCO COMPOUND",Ibillo/ Ekpesa/ Ekor/ Ikiran-ile/ Oke,Akoko Edo
EDO,01,04,12,01,04,020,12/01/04/020,"IBILLO, OPEN SPACE - MARKET SQR II",Ibillo/ Ekpesa/ Ekor/ Ikiran-ile/ Oke,Akoko Edo
EDO,01,04,12,01,04,021,12/01/04/021,"IBILLO, OPEN SPACE - FRONT OF GARUBA'S COMP",Ibillo/ Ekpesa/ Ekor/ Ikiran-ile/ Oke,Akoko Edo
EDO,01,04,12,01,04,022,12/01/04/022,"IBILLO, OPEN SPACE - AGBABIAKA'S HOUSE",Ibillo/ Ekpesa/ Ekor/ Ikiran-ile/ Oke,Akoko Edo
EDO,01,04,12,01,04,023,12/01/04/023,"IBILLO, OPEN SPACE -FRONT OF AGBAJE'S HOUSE",Ibillo/ Ekpesa/ Ekor/ Ikiran-ile/ Oke,Akoko Edo
EDO,01,04,12,01,04,024,12/01/04/024,"IBILLO, CUSTOMARY COURT",Ibillo/ Ekpesa/ Ekor/ Ikiran-ile/ Oke,Akoko Edo
EDO,01,04,12,01,04,025,12/01/04/025,"IBILLO, OPEN SPACE -FRONT OF EKUNDAYO FAMILY COMP.",Ibillo/ Ekpesa/ Ekor/ Ikiran-ile/ Oke,Akoko Edo
EDO,01,04,12,01,04,026,12/01/04/026,"EKPESA, HEALTH CENTER",Ibillo/ Ekpesa/ Ekor/ Ikiran-ile/ Oke,Akoko Edo
EDO,01,04,12,01,04,027,12/01/04/027,"EKOR, OPEN SPACE - FRONT OF AJOGUN'S COMP",Ibillo/ Ekpesa/ Ekor/ Ikiran-ile/ Oke,Akoko Edo
EDO,01,04,12,01,04,028,12/01/04/028,"OPEN SPACE OPPOSITE BAJOGUN'S HOUSE, IKIRAN ILE",Ibillo/ Ekpesa/ Ekor/ Ikiran-ile/ Oke,Akoko Edo
EDO,01,04,12,01,04,029,12/01/04/029,"OPEN SPACE OPPOSITE BALOGUN'S HOUSE, IKIRAN ILE",Ibillo/ Ekpesa/ Ekor/ Ikiran-ile/ Oke,Akoko Edo
EDO,01,04,12,01,04,030,12/01/04/030,"OPEN SPACE OPPOSITE BELLO'S COMP, IKIRAN ILE",Ibillo/ Ekpesa/ Ekor/ Ikiran-ile/ Oke,Akoko Edo
EDO,01,04,12,01,04,031,12/01/04/031,"PRIMARY HEALTH CENTER, IKIRAN OKE",Ibillo/ Ekpesa/ Ekor/ Ikiran-ile/ Oke,Akoko Edo
EDO,01,04,12,01,04,000,12/01/04/000,12/01/04/000,Ibillo/ Ekpesa/ Ekor/ Ikiran-ile/ Oke,Akoko Edo
EDO,01,05,12,01,05,001,12/01/05/001,"DANGBALA, DANGBALA P.S. I",Makeke/ Ojah/ Dangbala/ Ojirami/ Anyawoza,Akoko Edo
EDO,01,05,12,01,05,002,12/01/05/002,"DANGBALA, DANGBALA P.S. II",Makeke/ Ojah/ Dangbala/ Ojirami/ Anyawoza,Akoko Edo
EDO,01,05,12,01,05,003,12/01/05/003,"DANGBALA, OLD DANGBALA COURT HALL",Makeke/ Ojah/ Dangbala/ Ojirami/ Anyawoza,Akoko Edo
EDO,01,05,12,01,05,004,12/01/05/004,"MAKEKE, ERESHA P.S.",Makeke/ Ojah/ Dangbala/ Ojirami/ Anyawoza,Akoko Edo
EDO,01,05,12,01,05,005,12/01/05/005,"MAKEKE, BY AGBALA'S HOUSE",Makeke/ Ojah/ Dangbala/ Ojirami/ Anyawoza,Akoko Edo
EDO,01,05,12,01,05,006,12/01/05/006,"MAKEKE,  ILETEJU PRIMARY SCHOOL",Makeke/ Ojah/ Dangbala/ Ojirami/ Anyawoza,Akoko Edo
EDO,01,05,12,01,05,007,12/01/05/007,"ANYANWOSA, ANYANWOSA OJUTAIYE",Makeke/ Ojah/ Dangbala/ Ojirami/ Anyawoza,Akoko Edo
EDO,01,05,12,01,05,008,12/01/05/008,"OJAH, OYONBA P.S. I",Makeke/ Ojah/ Dangbala/ Ojirami/ Anyawoza,Akoko Edo
EDO,01,05,12,01,05,009,12/01/05/009,"OJAH, ONYONBA P.S. II",Makeke/ Ojah/ Dangbala/ Ojirami/ Anyawoza,Akoko Edo
EDO,01,05,12,01,05,010,12/01/05/010,"OJAH, BY OBA'S HOUSE I",Makeke/ Ojah/ Dangbala/ Ojirami/ Anyawoza,Akoko Edo
EDO,01,05,12,01,05,011,12/01/05/011,"OJAH,  BY OBA'S HOUSE II",Makeke/ Ojah/ Dangbala/ Ojirami/ Anyawoza,Akoko Edo
EDO,01,05,12,01,05,012,12/01/05/012,"OJAH, OJAH COMM. HIGH SCHOOL",Makeke/ Ojah/ Dangbala/ Ojirami/ Anyawoza,Akoko Edo
EDO,01,05,12,01,05,013,12/01/05/013,"OJIRAMI, DAM P.S.",Makeke/ Ojah/ Dangbala/ Ojirami/ Anyawoza,Akoko Edo
EDO,01,05,12,01,05,014,12/01/05/014,"OJIRAMI, DISPENSARY YARD PSH",Makeke/ Ojah/ Dangbala/ Ojirami/ Anyawoza,Akoko Edo
EDO,01,05,12,01,05,015,12/01/05/015,"OJIRAMI,  AFEKUNU DISPENSARY",Makeke/ Ojah/ Dangbala/ Ojirami/ Anyawoza,Akoko Edo
EDO,01,05,12,01,05,016,12/01/05/016,"OJIRAMI, AFEKUNU MARKET",Makeke/ Ojah/ Dangbala/ Ojirami/ Anyawoza,Akoko Edo
EDO,01,05,12,01,05,017,12/01/05/017,"OPEN SPACE -MAKEKE, BY OGBOYARA SQR, OPPOSITE ANGLICAN CHURCH",Makeke/ Ojah/ Dangbala/ Ojirami/ Anyawoza,Akoko Edo
EDO,01,05,12,01,05,018,12/01/05/018,"OPEN SPACE BY OJIRAMI DAM, ILETEJU MKT SQUARE",Makeke/ Ojah/ Dangbala/ Ojirami/ Anyawoza,Akoko Edo
EDO,01,05,12,01,05,019,12/01/05/019,"OPEN SPACE -OJIRAMI PETESHI, ODOKEME QTRS",Makeke/ Ojah/ Dangbala/ Ojirami/ Anyawoza,Akoko Edo
EDO,01,05,12,01,05,020,12/01/05/020,"OPEN SPACE -OJIRAMI AFE, ODIKPAIGBE QTRS",Makeke/ Ojah/ Dangbala/ Ojirami/ Anyawoza,Akoko Edo
EDO,01,05,12,01,05,021,12/01/05/021,"OPEN SPACE, , OJIRAMI AFE, AFEKHAFE QTRS I",Makeke/ Ojah/ Dangbala/ Ojirami/ Anyawoza,Akoko Edo
EDO,01,05,12,01,05,000,12/01/05/000,12/01/05/000,Makeke/ Ojah/ Dangbala/ Ojirami/ Anyawoza,Akoko Edo
EDO,01,06,12,01,06,001,12/01/06/001,"OKPE,  IDOGUN PS. I",Oloma/ Okpe/ Ijaja/ Kakuma/ Anyara,Akoko Edo
EDO,01,06,12,01,06,002,12/01/06/002,"OKPE, IDOGUN  PS. II",Oloma/ Okpe/ Ijaja/ Kakuma/ Anyara,Akoko Edo
EDO,01,06,12,01,06,003,12/01/06/003,"OKPE, PALACE SQUARE I",Oloma/ Okpe/ Ijaja/ Kakuma/ Anyara,Akoko Edo
EDO,01,06,12,01,06,004,12/01/06/004,"OKPE, PALACE SQUARE II",Oloma/ Okpe/ Ijaja/ Kakuma/ Anyara,Akoko Edo
EDO,01,06,12,01,06,005,12/01/06/005,"OKPE, MATERNITY CENTRE",Oloma/ Okpe/ Ijaja/ Kakuma/ Anyara,Akoko Edo
EDO,01,06,12,01,06,006,12/01/06/006,"OKPE,  AJAMA PRIMARY SCHOOL",Oloma/ Okpe/ Ijaja/ Kakuma/ Anyara,Akoko Edo
EDO,01,06,12,01,06,007,12/01/06/007,"OKPE, AJAMA  P.S. I",Oloma/ Okpe/ Ijaja/ Kakuma/ Anyara,Akoko Edo
EDO,01,06,12,01,06,008,12/01/06/008,"OKPE,  OLOMA P.S. II",Oloma/ Okpe/ Ijaja/ Kakuma/ Anyara,Akoko Edo
EDO,01,06,12,01,06,009,12/01/06/009,"OKPE,  OYONBUNI HALL",Oloma/ Okpe/ Ijaja/ Kakuma/ Anyara,Akoko Edo
EDO,01,06,12,01,06,010,12/01/06/010,"OKPE,  AIYETEJU OKPE",Oloma/ Okpe/ Ijaja/ Kakuma/ Anyara,Akoko Edo
EDO,01,06,12,01,06,011,12/01/06/011,"OKPE,  OGBALISHE P.S.",Oloma/ Okpe/ Ijaja/ Kakuma/ Anyara,Akoko Edo
EDO,01,06,12,01,06,012,12/01/06/012,"ANYARAN, ANYARA PS.",Oloma/ Okpe/ Ijaja/ Kakuma/ Anyara,Akoko Edo
EDO,01,06,12,01,06,013,12/01/06/013,"IJAJAH, HEALTH CENTRE",Oloma/ Okpe/ Ijaja/ Kakuma/ Anyara,Akoko Edo
EDO,01,06,12,01,06,014,12/01/06/014,"IKAKUMOH, IKAKUMOH P.S. I",Oloma/ Okpe/ Ijaja/ Kakuma/ Anyara,Akoko Edo
EDO,01,06,12,01,06,015,12/01/06/015,"IKAKUMOH,  IKAKMOH P.S II",Oloma/ Okpe/ Ijaja/ Kakuma/ Anyara,Akoko Edo
EDO,01,06,12,01,06,016,12/01/06/016,"ARAROMI PRY SCH II, ANYARAN",Oloma/ Okpe/ Ijaja/ Kakuma/ Anyara,Akoko Edo
EDO,01,06,12,01,06,017,12/01/06/017,"OPEN SPACE, IKAKUMOH PALACE SQUARE",Oloma/ Okpe/ Ijaja/ Kakuma/ Anyara,Akoko Edo
EDO,01,06,12,01,06,018,12/01/06/018,OPEN SPACE OPPOSITE POLICE POST,Oloma/ Okpe/ Ijaja/ Kakuma/ Anyara,Akoko Edo
EDO,01,06,12,01,06,000,12/01/06/000,12/01/06/000,Oloma/ Okpe/ Ijaja/ Kakuma/ Anyara,Akoko Edo
EDO,01,07,12,01,07,001,12/01/07/001,"SOMORIKA, PUBLIC FORUM",Somorika / Ogbe / Sasaro / Onumu / Eshawa / Ogugu Igboshi-afe / Igboshi - Ele / Aiyegunle,Akoko Edo
EDO,01,07,12,01,07,002,12/01/07/002,"SOMORIKA, EKPERE",Somorika / Ogbe / Sasaro / Onumu / Eshawa / Ogugu Igboshi-afe / Igboshi - Ele / Aiyegunle,Akoko Edo
EDO,01,07,12,01,07,003,12/01/07/003,ESHAWA PUBLIC SQUARE,Somorika / Ogbe / Sasaro / Onumu / Eshawa / Ogugu Igboshi-afe / Igboshi - Ele / Aiyegunle,Akoko Edo
EDO,01,07,12,01,07,004,12/01/07/004,"ONUMU, NR. ANG. CHURCH",Somorika / Ogbe / Sasaro / Onumu / Eshawa / Ogugu Igboshi-afe / Igboshi - Ele / Aiyegunle,Akoko Edo
EDO,01,07,12,01,07,005,12/01/07/005,"OGBE, APIASA PRIMARY S CHOOL    I",Somorika / Ogbe / Sasaro / Onumu / Eshawa / Ogugu Igboshi-afe / Igboshi - Ele / Aiyegunle,Akoko Edo
EDO,01,07,12,01,07,006,12/01/07/006,"OGBE, APIASA  PRIMARY SCHOOL  II",Somorika / Ogbe / Sasaro / Onumu / Eshawa / Ogugu Igboshi-afe / Igboshi - Ele / Aiyegunle,Akoko Edo
EDO,01,07,12,01,07,007,12/01/07/007,"SASARO, MATERNITY CENTRE",Somorika / Ogbe / Sasaro / Onumu / Eshawa / Ogugu Igboshi-afe / Igboshi - Ele / Aiyegunle,Akoko Edo
EDO,01,07,12,01,07,008,12/01/07/008,"AIYEGUNLE, BY CHIEF ALIU'S COMP I",Somorika / Ogbe / Sasaro / Onumu / Eshawa / Ogugu Igboshi-afe / Igboshi - Ele / Aiyegunle,Akoko Edo
EDO,01,07,12,01,07,009,12/01/07/009,AIYEGUNLE  BY CHIEF ALIU'S COMP II,Somorika / Ogbe / Sasaro / Onumu / Eshawa / Ogugu Igboshi-afe / Igboshi - Ele / Aiyegunle,Akoko Edo
EDO,01,07,12,01,07,010,12/01/07/010,"UGBOSHI-ELE,  BY ELUKA'S COMP",Somorika / Ogbe / Sasaro / Onumu / Eshawa / Ogugu Igboshi-afe / Igboshi - Ele / Aiyegunle,Akoko Edo
EDO,01,07,12,01,07,011,12/01/07/011,"UGBOSHI-ELE,  OPPOSITE SAMSONS COMP",Somorika / Ogbe / Sasaro / Onumu / Eshawa / Ogugu Igboshi-afe / Igboshi - Ele / Aiyegunle,Akoko Edo
EDO,01,07,12,01,07,012,12/01/07/012,"UGBOSHI-AFE, BY KARKET SQUARE I",Somorika / Ogbe / Sasaro / Onumu / Eshawa / Ogugu Igboshi-afe / Igboshi - Ele / Aiyegunle,Akoko Edo
EDO,01,07,12,01,07,013,12/01/07/013,UGBOSHI-AFE  BY MARKET SQUARE II,Somorika / Ogbe / Sasaro / Onumu / Eshawa / Ogugu Igboshi-afe / Igboshi - Ele / Aiyegunle,Akoko Edo
EDO,01,07,12,01,07,014,12/01/07/014,"UGBOSHI-AFE,  L.A. P/S",Somorika / Ogbe / Sasaro / Onumu / Eshawa / Ogugu Igboshi-afe / Igboshi - Ele / Aiyegunle,Akoko Edo
EDO,01,07,12,01,07,015,12/01/07/015,"OGUGU, EDEMINA P/S.",Somorika / Ogbe / Sasaro / Onumu / Eshawa / Ogugu Igboshi-afe / Igboshi - Ele / Aiyegunle,Akoko Edo
EDO,01,07,12,01,07,016,12/01/07/016,"USOMO PRY SCH, SOMORIKA",Somorika / Ogbe / Sasaro / Onumu / Eshawa / Ogugu Igboshi-afe / Igboshi - Ele / Aiyegunle,Akoko Edo
EDO,01,07,12,01,07,017,12/01/07/017,"L.E.A PRY SCH., SOMORIKA",Somorika / Ogbe / Sasaro / Onumu / Eshawa / Ogugu Igboshi-afe / Igboshi - Ele / Aiyegunle,Akoko Edo
EDO,01,07,12,01,07,018,12/01/07/018,OPEN SPACE BY EGBABURA,Somorika / Ogbe / Sasaro / Onumu / Eshawa / Ogugu Igboshi-afe / Igboshi - Ele / Aiyegunle,Akoko Edo
EDO,01,07,12,01,07,019,12/01/07/019,"OPEN SPACE BY TOWN HALL, SASARO.",Somorika / Ogbe / Sasaro / Onumu / Eshawa / Ogugu Igboshi-afe / Igboshi - Ele / Aiyegunle,Akoko Edo
EDO,01,07,12,01,07,020,12/01/07/020,"OPEN SPACE BY DISPENSARY, AIYEGULE.",Somorika / Ogbe / Sasaro / Onumu / Eshawa / Ogugu Igboshi-afe / Igboshi - Ele / Aiyegunle,Akoko Edo
EDO,01,07,12,01,07,021,12/01/07/021,"OPEN SPACE -AIYEGUNLE, AME-DAUDU",Somorika / Ogbe / Sasaro / Onumu / Eshawa / Ogugu Igboshi-afe / Igboshi - Ele / Aiyegunle,Akoko Edo
EDO,01,07,12,01,07,022,12/01/07/022,OPEN SPACE BY UBIANEGBA,Somorika / Ogbe / Sasaro / Onumu / Eshawa / Ogugu Igboshi-afe / Igboshi - Ele / Aiyegunle,Akoko Edo
EDO,01,07,12,01,07,023,12/01/07/023,"OGUGU SECONDARY SCHOOL, OGUGU.",Somorika / Ogbe / Sasaro / Onumu / Eshawa / Ogugu Igboshi-afe / Igboshi - Ele / Aiyegunle,Akoko Edo
EDO,01,07,12,01,07,024,12/01/07/024,"OPEN SPACE BY OGUGU MARKET, OGUGU.",Somorika / Ogbe / Sasaro / Onumu / Eshawa / Ogugu Igboshi-afe / Igboshi - Ele / Aiyegunle,Akoko Edo
EDO,01,07,12,01,07,000,12/01/07/000,12/01/07/000,Somorika / Ogbe / Sasaro / Onumu / Eshawa / Ogugu Igboshi-afe / Igboshi - Ele / Aiyegunle,Akoko Edo
EDO,01,08,12,01,08,001,12/01/08/001,"ENWAN, IMIEZUA P/S I",Enwan/Atte/Ikpeshi/Egbigele,Akoko Edo
EDO,01,08,12,01,08,002,12/01/08/002,"ENWAN,  IMIEZUA P/S II",Enwan/Atte/Ikpeshi/Egbigele,Akoko Edo
EDO,01,08,12,01,08,003,12/01/08/003,"ENWAN,  ENWAN P/S",Enwan/Atte/Ikpeshi/Egbigele,Akoko Edo
EDO,01,08,12,01,08,004,12/01/08/004,"ENWAN,  EKPARI MARKET SQ.",Enwan/Atte/Ikpeshi/Egbigele,Akoko Edo
EDO,01,08,12,01,08,005,12/01/08/005,"ENWAN,  IMIEGESAKOR T. SQ.",Enwan/Atte/Ikpeshi/Egbigele,Akoko Edo
EDO,01,08,12,01,08,006,12/01/08/006,"ENWAN, ESHEKARI T. SQ I",Enwan/Atte/Ikpeshi/Egbigele,Akoko Edo
EDO,01,08,12,01,08,007,12/01/08/007,"ENWAN,  ESHEKARI T. SQ II",Enwan/Atte/Ikpeshi/Egbigele,Akoko Edo
EDO,01,08,12,01,08,008,12/01/08/008,"ATTE, MATERNITY CENTRE",Enwan/Atte/Ikpeshi/Egbigele,Akoko Edo
EDO,01,08,12,01,08,009,12/01/08/009,"ATTE,  IRHOFO P/S, ATTE",Enwan/Atte/Ikpeshi/Egbigele,Akoko Edo
EDO,01,08,12,01,08,010,12/01/08/010,"ATTE,  NR. BAPTIST CHURCH",Enwan/Atte/Ikpeshi/Egbigele,Akoko Edo
EDO,01,08,12,01,08,011,12/01/08/011,"IKPESHI, OKHUEROMOH P/S I",Enwan/Atte/Ikpeshi/Egbigele,Akoko Edo
EDO,01,08,12,01,08,012,12/01/08/012,IKPESHI OKHUEROMOH P/S II,Enwan/Atte/Ikpeshi/Egbigele,Akoko Edo
EDO,01,08,12,01,08,013,12/01/08/013,"EGBIGERE, NR. CHIEF ALIU'S HOUSE",Enwan/Atte/Ikpeshi/Egbigele,Akoko Edo
EDO,01,08,12,01,08,014,12/01/08/014,"EGBIGERE, NR. CATHOLIC CHURCH",Enwan/Atte/Ikpeshi/Egbigele,Akoko Edo
EDO,01,08,12,01,08,015,12/01/08/015,OPEN SPACE - IMIEZUA MARKET SQR,Enwan/Atte/Ikpeshi/Egbigele,Akoko Edo
EDO,01,08,12,01,08,016,12/01/08/016,OPEN SPACE - IMIEZUA NEW MATERNITY,Enwan/Atte/Ikpeshi/Egbigele,Akoko Edo
EDO,01,08,12,01,08,017,12/01/08/017,ENWAN OPEN SPACE - BY CHURCH OF CHRIST NEW SITE ENWAN,Enwan/Atte/Ikpeshi/Egbigele,Akoko Edo
EDO,01,08,12,01,08,018,12/01/08/018,OPEN SPACE BY FRONT OF MR.MOMOH FERI'S,Enwan/Atte/Ikpeshi/Egbigele,Akoko Edo
EDO,01,08,12,01,08,019,12/01/08/019,OPEN SPACE BY FRONT OF MR.MOMOH FERI'S,Enwan/Atte/Ikpeshi/Egbigele,Akoko Edo
EDO,01,08,12,01,08,020,12/01/08/020,"OPEN SPACE - UGAH JUNCTION, OPPOSITE  AFETIMOKHA'S COMP",Enwan/Atte/Ikpeshi/Egbigele,Akoko Edo
EDO,01,08,12,01,08,021,12/01/08/021,"OPEN SPACE - PLANTAIN MARKET, FRONT OF CHIEF ADEBAYO'S COMP.",Enwan/Atte/Ikpeshi/Egbigele,Akoko Edo
EDO,01,08,12,01,08,022,12/01/08/022,"OPEN SPACE - ATTE, FRONT ST. JOHN ANGLICAN CHURCH OKAGBA",Enwan/Atte/Ikpeshi/Egbigele,Akoko Edo
EDO,01,08,12,01,08,023,12/01/08/023,"OPEN SPACE - ATTE, ST JAMES ANG. CHURCH, EROKE QTRS",Enwan/Atte/Ikpeshi/Egbigele,Akoko Edo
EDO,01,08,12,01,08,024,12/01/08/024,"ATTE PRY SCHOOL, ODIDA QTRS",Enwan/Atte/Ikpeshi/Egbigele,Akoko Edo
EDO,01,08,12,01,08,025,12/01/08/025,"IKPESHI, UDUGBUREUBO TOWN HALL",Enwan/Atte/Ikpeshi/Egbigele,Akoko Edo
EDO,01,08,12,01,08,026,12/01/08/026,"IKPESHI, HEALTH CENTER I",Enwan/Atte/Ikpeshi/Egbigele,Akoko Edo
EDO,01,08,12,01,08,027,12/01/08/027,"IKPESHI, HEALTH CENTER II",Enwan/Atte/Ikpeshi/Egbigele,Akoko Edo
EDO,01,08,12,01,08,028,12/01/08/028,"EGBIGELE, NASAMU JUNCTION, OTEKU QTRS",Enwan/Atte/Ikpeshi/Egbigele,Akoko Edo
EDO,01,08,12,01,08,000,12/01/08/000,12/01/08/000,Enwan/Atte/Ikpeshi/Egbigele,Akoko Edo
EDO,01,09,12,01,09,001,12/01/09/001,"UNEME -  NEKHUA, COURT HALL I",Uneme-nekhua/Akpama/ Aiyetoro/ Ekpedo/ Erhurun/ Uneme Osu,Akoko Edo
EDO,01,09,12,01,09,002,12/01/09/002,"UNEME- NEKHUA,  COURT HALL II",Uneme-nekhua/Akpama/ Aiyetoro/ Ekpedo/ Erhurun/ Uneme Osu,Akoko Edo
EDO,01,09,12,01,09,003,12/01/09/003,"AIYETORO, OPP. CMS CHURCH",Uneme-nekhua/Akpama/ Aiyetoro/ Ekpedo/ Erhurun/ Uneme Osu,Akoko Edo
EDO,01,09,12,01,09,004,12/01/09/004,"AKPAMA,  OPP CMS CHURCH",Uneme-nekhua/Akpama/ Aiyetoro/ Ekpedo/ Erhurun/ Uneme Osu,Akoko Edo
EDO,01,09,12,01,09,005,12/01/09/005,"EKPEDO, OGUN P/, S EKPEDO",Uneme-nekhua/Akpama/ Aiyetoro/ Ekpedo/ Erhurun/ Uneme Osu,Akoko Edo
EDO,01,09,12,01,09,006,12/01/09/006,"EKPEDO,  BY DISPENSARY I",Uneme-nekhua/Akpama/ Aiyetoro/ Ekpedo/ Erhurun/ Uneme Osu,Akoko Edo
EDO,01,09,12,01,09,007,12/01/09/007,"EKPEDO, BY  DISPENSARY II",Uneme-nekhua/Akpama/ Aiyetoro/ Ekpedo/ Erhurun/ Uneme Osu,Akoko Edo
EDO,01,09,12,01,09,008,12/01/09/008,"EKPEDO,  IMIAVA STREET",Uneme-nekhua/Akpama/ Aiyetoro/ Ekpedo/ Erhurun/ Uneme Osu,Akoko Edo
EDO,01,09,12,01,09,009,12/01/09/009,"UNEME-OSU, OSU P/S I",Uneme-nekhua/Akpama/ Aiyetoro/ Ekpedo/ Erhurun/ Uneme Osu,Akoko Edo
EDO,01,09,12,01,09,010,12/01/09/010,"UNEME-OSU, OSU  P/S II",Uneme-nekhua/Akpama/ Aiyetoro/ Ekpedo/ Erhurun/ Uneme Osu,Akoko Edo
EDO,01,09,12,01,09,011,12/01/09/011,"UNEME-OSU, OSU  P/S III",Uneme-nekhua/Akpama/ Aiyetoro/ Ekpedo/ Erhurun/ Uneme Osu,Akoko Edo
EDO,01,09,12,01,09,012,12/01/09/012,"UNEME-ERHUNRUN, IGBODE P/S I",Uneme-nekhua/Akpama/ Aiyetoro/ Ekpedo/ Erhurun/ Uneme Osu,Akoko Edo
EDO,01,09,12,01,09,013,12/01/09/013,"UNEME-ERHUNRUN, IGBODE  P/S II",Uneme-nekhua/Akpama/ Aiyetoro/ Ekpedo/ Erhurun/ Uneme Osu,Akoko Edo
EDO,01,09,12,01,09,014,12/01/09/014,"UNEME-URHUNRUN,  BY C.A. JOHN'S FRONTAGE I",Uneme-nekhua/Akpama/ Aiyetoro/ Ekpedo/ Erhurun/ Uneme Osu,Akoko Edo
EDO,01,09,12,01,09,015,12/01/09/015,"UNEME-ERHUNRUN , BY C.A JOHN'S FRONTAGE II",Uneme-nekhua/Akpama/ Aiyetoro/ Ekpedo/ Erhurun/ Uneme Osu,Akoko Edo
EDO,01,09,12,01,09,016,12/01/09/016,AKOKO EDO GRAM SCH JNR I,Uneme-nekhua/Akpama/ Aiyetoro/ Ekpedo/ Erhurun/ Uneme Osu,Akoko Edo
EDO,01,09,12,01,09,017,12/01/09/017,AKOKO EDO GRAM SCH SNR II,Uneme-nekhua/Akpama/ Aiyetoro/ Ekpedo/ Erhurun/ Uneme Osu,Akoko Edo
EDO,01,09,12,01,09,018,12/01/09/018,UNEME-NEKHUA PRY SCH I,Uneme-nekhua/Akpama/ Aiyetoro/ Ekpedo/ Erhurun/ Uneme Osu,Akoko Edo
EDO,01,09,12,01,09,019,12/01/09/019,UNEME-NEKHUA PRY SCH II,Uneme-nekhua/Akpama/ Aiyetoro/ Ekpedo/ Erhurun/ Uneme Osu,Akoko Edo
EDO,01,09,12,01,09,020,12/01/09/020,"OPEN SPACE - FRONT OF CENTRAL MOSQUE, UNEME-NEKHUA",Uneme-nekhua/Akpama/ Aiyetoro/ Ekpedo/ Erhurun/ Uneme Osu,Akoko Edo
EDO,01,09,12,01,09,021,12/01/09/021,OPEN SPACE -FRONT OF HEALTH CENTER UNEME-NEKHUA,Uneme-nekhua/Akpama/ Aiyetoro/ Ekpedo/ Erhurun/ Uneme Osu,Akoko Edo
EDO,01,09,12,01,09,022,12/01/09/022,OPEN SPACE -FRONT OF CSDP SKILL ACQUISITION CENTER EKPEDO,Uneme-nekhua/Akpama/ Aiyetoro/ Ekpedo/ Erhurun/ Uneme Osu,Akoko Edo
EDO,01,09,12,01,09,023,12/01/09/023,"OPEN SPACE -FRONT OF THE APOSTOLIC CHURCH, EKPEDO",Uneme-nekhua/Akpama/ Aiyetoro/ Ekpedo/ Erhurun/ Uneme Osu,Akoko Edo
EDO,01,09,12,01,09,024,12/01/09/024,COMPREHENSIVE HIGH SCH. EKPEDO,Uneme-nekhua/Akpama/ Aiyetoro/ Ekpedo/ Erhurun/ Uneme Osu,Akoko Edo
EDO,01,09,12,01,09,025,12/01/09/025,"OPEN SPACE -FRONT OF SHOPPING MALL, EKPEDO",Uneme-nekhua/Akpama/ Aiyetoro/ Ekpedo/ Erhurun/ Uneme Osu,Akoko Edo
EDO,01,09,12,01,09,026,12/01/09/026,FRONT OF EKPEDO CENTRAL MOSQUE,Uneme-nekhua/Akpama/ Aiyetoro/ Ekpedo/ Erhurun/ Uneme Osu,Akoko Edo
EDO,01,09,12,01,09,027,12/01/09/027,"OPEN SPACE -COMPREHENSIVE HEALTH CENTER, EKPEDO",Uneme-nekhua/Akpama/ Aiyetoro/ Ekpedo/ Erhurun/ Uneme Osu,Akoko Edo
EDO,01,09,12,01,09,028,12/01/09/028,UNEME-OSU TOWN HALL,Uneme-nekhua/Akpama/ Aiyetoro/ Ekpedo/ Erhurun/ Uneme Osu,Akoko Edo
EDO,01,09,12,01,09,029,12/01/09/029,OSU MIXED SECONDARY COMMERCIAL GRAM SCH JNR I,Uneme-nekhua/Akpama/ Aiyetoro/ Ekpedo/ Erhurun/ Uneme Osu,Akoko Edo
EDO,01,09,12,01,09,030,12/01/09/030,OSU MIXED SECONDARY COMMERCIAL GRAM. SCH SNR II,Uneme-nekhua/Akpama/ Aiyetoro/ Ekpedo/ Erhurun/ Uneme Osu,Akoko Edo
EDO,01,09,12,01,09,031,12/01/09/031,UMENE-ERHUNRUN IGBODE MIXED GRAMMAR SCHOOL,Uneme-nekhua/Akpama/ Aiyetoro/ Ekpedo/ Erhurun/ Uneme Osu,Akoko Edo
EDO,01,09,12,01,09,032,12/01/09/032,OPEN SPACE -UNEME-ERHUNRUN COTTAGE HOSPITAL,Uneme-nekhua/Akpama/ Aiyetoro/ Ekpedo/ Erhurun/ Uneme Osu,Akoko Edo
EDO,01,09,12,01,09,033,12/01/09/033,"OPEN SPACE, UNEME-ERHUNRUN ARIZONA",Uneme-nekhua/Akpama/ Aiyetoro/ Ekpedo/ Erhurun/ Uneme Osu,Akoko Edo
EDO,01,09,12,01,09,034,12/01/09/034,OPEN SPACE BY UNEME-ERHRUNRUN AGBOMEMEH ROYAL SQUARE,Uneme-nekhua/Akpama/ Aiyetoro/ Ekpedo/ Erhurun/ Uneme Osu,Akoko Edo
EDO,01,09,12,01,09,035,12/01/09/035,OPEN SPACE BY UNEME-ERHRUNRUN UGELE MARKET,Uneme-nekhua/Akpama/ Aiyetoro/ Ekpedo/ Erhurun/ Uneme Osu,Akoko Edo
EDO,01,09,12,01,09,036,12/01/09/036,"OPEN SPACE BY OLD C.A.C, AFELALU.",Uneme-nekhua/Akpama/ Aiyetoro/ Ekpedo/ Erhurun/ Uneme Osu,Akoko Edo
EDO,01,09,12,01,09,000,12/01/09/000,12/01/09/000,Uneme-nekhua/Akpama/ Aiyetoro/ Ekpedo/ Erhurun/ Uneme Osu,Akoko Edo
EDO,01,10,12,01,10,001,12/01/10/001,"OSOSO, OLD MATERNITY",Ososo,Akoko Edo
EDO,01,10,12,01,10,002,12/01/10/002,"OSOSO,  OLD ANNI",Ososo,Akoko Edo
EDO,01,10,12,01,10,003,12/01/10/003,"OSOSO, EGBETUA P/S",Ososo,Akoko Edo
EDO,01,10,12,01,10,004,12/01/10/004,"OSOSO,  BY OGEDENGBE'S COMP",Ososo,Akoko Edo
EDO,01,10,12,01,10,005,12/01/10/005,"OSOSO,  OKHE PFRIMARY SCHOOL I",Ososo,Akoko Edo
EDO,01,10,12,01,10,006,12/01/10/006,"OSOSO, OKHE PRIMARY SCHOOL II",Ososo,Akoko Edo
EDO,01,10,12,01,10,007,12/01/10/007,"OSOSO,  IKPENA HALL",Ososo,Akoko Edo
EDO,01,10,12,01,10,008,12/01/10/008,"OSOSO,  UDUEGEDE HALL",Ososo,Akoko Edo
EDO,01,10,12,01,10,009,12/01/10/009,"OSOSO,  UDUREVBE T. SQ.",Ososo,Akoko Edo
EDO,01,10,12,01,10,010,12/01/10/010,"OSOSO,  IKUEGBEDE P/S",Ososo,Akoko Edo
EDO,01,10,12,01,10,011,12/01/10/011,"OSOSO,  IREVBE UDEGWA SQ.",Ososo,Akoko Edo
EDO,01,10,12,01,10,012,12/01/10/012,"OSOSO,  OLD ST. PETERS",Ososo,Akoko Edo
EDO,01,10,12,01,10,013,12/01/10/013,"OSOSO,  OLD L.A. P/S",Ososo,Akoko Edo
EDO,01,10,12,01,10,014,12/01/10/014,"OPEN SPACE, OLD MARKET, OSOSO",Ososo,Akoko Edo
EDO,01,10,12,01,10,015,12/01/10/015,OPEN SPACE BY UKHEMOFULE,Ososo,Akoko Edo
EDO,01,10,12,01,10,016,12/01/10/016,OPEN SPACE -OBEH-TITI,Ososo,Akoko Edo
EDO,01,10,12,01,10,017,12/01/10/017,OPEN SPACE -OSOSO OKE SHEGUN,Ososo,Akoko Edo
EDO,01,10,12,01,10,018,12/01/10/018,"OPEN SPACE BY EGBEOBAKAH, UKHEMOFULE",Ososo,Akoko Edo
EDO,01,10,12,01,10,000,12/01/10/000,12/01/10/000,Ososo,Akoko Edo
EDO,02,01,12,02,01,001,12/02/01/001,ASORO GRAM SCH. EVBUOTUBU I,Otubu,Egor
EDO,02,01,12,02,01,002,12/02/01/002,ASORO GRAM. SCH. EVBUOTUBU II,Otubu,Egor
EDO,02,01,12,02,01,003,12/02/01/003,EVBUOTUBU SEC. SCHOOL,Otubu,Egor
EDO,02,01,12,02,01,004,12/02/01/004,"EVBUOTUBU SC. SCHO0L,  EVBUOTUBU",Otubu,Egor
EDO,02,01,12,02,01,005,12/02/01/005,"OMO NUSERY PRIMARY SCHOOL, EVBUOTUBU I",Otubu,Egor
EDO,02,01,12,02,01,006,12/02/01/006,"OMO NURSERY PRIMARY SCHOOL,  EVBUOTUBU II",Otubu,Egor
EDO,02,01,12,02,01,007,12/02/01/007,"EVBUOTUBU PRIMARY SCHOOL,  EVBUOTUBU I",Otubu,Egor
EDO,02,01,12,02,01,008,12/02/01/008,"EVBUOTUBU PRIMARY SCHOOL,  EVBUOTUBU II",Otubu,Egor
EDO,02,01,12,02,01,009,12/02/01/009,"EVBUOTUBU TOWN HALL,  EVBUOTUBU I",Otubu,Egor
EDO,02,01,12,02,01,010,12/02/01/010,"EVBUOTUBU TOWN HALL,  EVBUOTUBU II",Otubu,Egor
EDO,02,01,12,02,01,011,12/02/01/011,"EVBUOTUBU HEALTH CENTRE,  EVBUOTUBU",Otubu,Egor
EDO,02,01,12,02,01,012,12/02/01/012,"ARUOSA PRIMARY SCHOOL,  EVBUOTUBU I",Otubu,Egor
EDO,02,01,12,02,01,013,12/02/01/013,"ARUOSA PRIMARY SCHOOL,  EVBUOTUBU II",Otubu,Egor
EDO,02,01,12,02,01,014,12/02/01/014,"URUMWON PRIMARY SCHOOL,  EVBUOTUBU I",Otubu,Egor
EDO,02,01,12,02,01,015,12/02/01/015,"URUMWON PRIMARY SCHOOL, EVBUOTUBU II",Otubu,Egor
EDO,02,01,12,02,01,016,12/02/01/016,"UGBIKHOKO PRIMARY SCHOOL,  EVBUOTUBU",Otubu,Egor
EDO,02,01,12,02,01,017,12/02/01/017,"OGBOMWAN PRIMARY SCHOOL,  EVBUOTUBU",Otubu,Egor
EDO,02,01,12,02,01,018,12/02/01/018,"OPEN SPACE,BESIDE NATIONAL OPEN UNIVERSITY I",Otubu,Egor
EDO,02,01,12,02,01,019,12/02/01/019,"REVIVAL AGE MINISTRY,BY NATIONAL OPEN UNIVERSITY, EVBOUTUBU",Otubu,Egor
EDO,02,01,12,02,01,020,12/02/01/020,"OPEN SPACE,BESIDE NATIONAL OPEN UNIVERSITY",Otubu,Egor
EDO,02,01,12,02,01,021,12/02/01/021,"OPEN SPACE BY NATIONAL OPEN UNIVERSITY, EVBUOTUBU",Otubu,Egor
EDO,02,01,12,02,01,022,12/02/01/022,"OPEN SPACE -UPPER EHRUSEH STREET,BESIDE BRIGHT FUTURE ORPHANAGE",Otubu,Egor
EDO,02,01,12,02,01,023,12/02/01/023,OPEN SPACE -POWER LINE BY CATTLE MARKET OPPOSITE PRIESTHOOD OF GOD MINISTRY,Otubu,Egor
EDO,02,01,12,02,01,024,12/02/01/024,"OPEN SPACE -UGIAGBE STREET,BY KINGDOM OF LIFE BAPTIST CHURCH",Otubu,Egor
EDO,02,01,12,02,01,025,12/02/01/025,INDUSTRIAL DEVELOPMENT CENTER,Otubu,Egor
EDO,02,01,12,02,01,026,12/02/01/026,OPEN SPACE BY ONI STREET JUNCTION,Otubu,Egor
EDO,02,01,12,02,01,027,12/02/01/027,"OPEN SPACE BY ENABOR STREET OFF ONI STREET, EVBUOTUBU.",Otubu,Egor
EDO,02,01,12,02,01,028,12/02/01/028,"OPEN SPACE BY DEEPER LIFE BIBLE CHURCH,ONI STREET, EVBUOTUBU.",Otubu,Egor
EDO,02,01,12,02,01,029,12/02/01/029,"OPEN SPACE BY ENABOR JUNCTION, EVBUOTUBU",Otubu,Egor
EDO,02,01,12,02,01,030,12/02/01/030,OPEN SPACE BY  EVBOUTUBU MARKET,Otubu,Egor
EDO,02,01,12,02,01,031,12/02/01/031,OPEN SPACE -KEKE PARK BY EVBOUTUBU JUNCTION,Otubu,Egor
EDO,02,01,12,02,01,032,12/02/01/032,"EVBOUTUBU MOTOR PARK, EVBOUTUBU",Otubu,Egor
EDO,02,01,12,02,01,033,12/02/01/033,OPEN SPACE BY EVBUOTUBU SAWMILL,Otubu,Egor
EDO,02,01,12,02,01,034,12/02/01/034,"OPEN SPACE,BESIDE DAY SPRING SCHOOLS, EVBUOTUBU",Otubu,Egor
EDO,02,01,12,02,01,035,12/02/01/035,"OPEN SPACE OPPOSITE MIRACLE CATHEDRAL, EVBUOTUBU",Otubu,Egor
EDO,02,01,12,02,01,036,12/02/01/036,"OPEN SPACE BOUNDARY ROAD BY MOUNTAIN OF FIRE I, URUMWON",Otubu,Egor
EDO,02,01,12,02,01,037,12/02/01/037,OPEN SPACE BOUNDARY ROAD BY MOUNTAIN OF FIRE.URUMWON II,Otubu,Egor
EDO,02,01,12,02,01,038,12/02/01/038,"OPEN SPACE - UGBIKHOKO MARKET, EVBOUTUBU",Otubu,Egor
EDO,02,01,12,02,01,039,12/02/01/039,"OPEN SPACE -IGBINOVIA STREET, OPPOSITE DIVINE SPRING INTERNATIONAL SCHOOL",Otubu,Egor
EDO,02,01,12,02,01,040,12/02/01/040,"OPEN SPACE BY SUPERIOR RD,BESIDE WINNERS CHURCH",Otubu,Egor
EDO,02,01,12,02,01,041,12/02/01/041,"OPEN SPACE,SECOND POWER LINE JUNCTION.EVBOUTOUBU",Otubu,Egor
EDO,02,01,12,02,01,042,12/02/01/042,"OPEN SPACE BY MOTOR PARK,OGBEMUDIA STREET, UGBIKHOKO",Otubu,Egor
EDO,02,01,12,02,01,000,12/02/01/000,12/02/01/000,Otubu,Egor
EDO,02,02,12,02,02,001,12/02/02/001,"AUNTY MARIA NUR/PRIMARY SCHOOL, OLIHA I",Oliha,Egor
EDO,02,02,12,02,02,002,12/02/02/002,"AUNTY MARIA NUR/PRIMARY SCHOOL, OLIHA II",Oliha,Egor
EDO,02,02,12,02,02,003,12/02/02/003,"AUNTY MARIA NUR/PRIMARY SCHOOL, OLIHA III",Oliha,Egor
EDO,02,02,12,02,02,004,12/02/02/004,"AUNTY MARIA NUR/PRIMARY SCHOOL, OLIHA  IV",Oliha,Egor
EDO,02,02,12,02,02,005,12/02/02/005,"AUNTY MARIA NUR/PRIMARY SCHOOL, OLIHA V",Oliha,Egor
EDO,02,02,12,02,02,006,12/02/02/006,"ABRAKA STANDARD NUR. SCHOOL, OLIHA VI",Oliha,Egor
EDO,02,02,12,02,02,007,12/02/02/007,"ABRAKA STANDARD NUR. SCHOOL, OLIHA VII",Oliha,Egor
EDO,02,02,12,02,02,008,12/02/02/008,"ORONMIYAN PRIMARY SCHOOL, OLIHA I",Oliha,Egor
EDO,02,02,12,02,02,009,12/02/02/009,"ORONMIYAN PRIMARY SCHOOL, OLIHA II",Oliha,Egor
EDO,02,02,12,02,02,010,12/02/02/010,"JOSSY WISDOM NUR/PRIMARY SCHOOL, OLIHA I",Oliha,Egor
EDO,02,02,12,02,02,011,12/02/02/011,"JOSSY WISDOM NUR/PRIMARY SCHOOL, OLIHA II",Oliha,Egor
EDO,02,02,12,02,02,012,12/02/02/012,"JOSSY WISDOM NUR/PRIMARY SCHOOL, OLIHA III",Oliha,Egor
EDO,02,02,12,02,02,013,12/02/02/013,"NIGHTINGALE NUR/PRIMARY SCHOOL, OLIHA I",Oliha,Egor
EDO,02,02,12,02,02,014,12/02/02/014,"NIGHTINGALE NUR/PRIMARY SCHOOL, OLIHA II",Oliha,Egor
EDO,02,02,12,02,02,015,12/02/02/015,"OPEN SPACE BY  ST. THOMAS  BASIC GROUP OF SCH., OLIHA BY OBAYUWANA STR. OFF SILOKO",Oliha,Egor
EDO,02,02,12,02,02,016,12/02/02/016,"OPEN SPACE BY THE SAWMILL, IGBINADUWA STREET",Oliha,Egor
EDO,02,02,12,02,02,017,12/02/02/017,EVANGEL SURE FOUNDATION SCHOOL BY IMAGBENIKARO STREET.,Oliha,Egor
EDO,02,02,12,02,02,018,12/02/02/018,"OPEN SPACE BY PARK LAND NUR./PRY. SCHOOL, FIRST GARRICK LAYOUT",Oliha,Egor
EDO,02,02,12,02,02,019,12/02/02/019,"OPEN SPACE BY NEW DAWN GROUP OF SCHOOL, DOCTOR GARRICK LAYOUT",Oliha,Egor
EDO,02,02,12,02,02,020,12/02/02/020,"OPEN SPACE BY, ADOLOR STR OFF 2ND EAST",Oliha,Egor
EDO,02,02,12,02,02,021,12/02/02/021,OPEN SPACE BY AUNTY MARIA NUR/PRY SCH II,Oliha,Egor
EDO,02,02,12,02,02,022,12/02/02/022,OKHOKHUGBO PRY.SCH.I,Oliha,Egor
EDO,02,02,12,02,02,023,12/02/02/023,OKHOKHUGBO HEALTH CENTER,Oliha,Egor
EDO,02,02,12,02,02,024,12/02/02/024,"OPEN SPACE BY THE REDEEM CHRISTIAN CHURCH OF GOD, FIRST ORONMIYAN STR.",Oliha,Egor
EDO,02,02,12,02,02,025,12/02/02/025,OKHOKHUGBO SEC. SCH.,Oliha,Egor
EDO,02,02,12,02,02,026,12/02/02/026,OKHOKHUGBO TOWN HALL,Oliha,Egor
EDO,02,02,12,02,02,027,12/02/02/027,"OPEN SPACE BY TAMAR NUR.,PRY,& SECONDARY SCHOOLS BY 2ND ORONMIYAN",Oliha,Egor
EDO,02,02,12,02,02,028,12/02/02/028,"OPEN SPACE BY BRAIN TUTORS ACADEMY, AYO IGBINOVIA STR.",Oliha,Egor
EDO,02,02,12,02,02,029,12/02/02/029,"ST MERCY GROUP OF SCHOOLS, EDEBIRI STR. OFF ORONMIYAN",Oliha,Egor
EDO,02,02,12,02,02,030,12/02/02/030,"OPEN SPACE BY VACGLON ACADEMY GROUP OF SCHOOLS, UYI STR. UPPER ERHUMWUNSE",Oliha,Egor
EDO,02,02,12,02,02,031,12/02/02/031,OPEN SPACE BY CHRIST MODEL ACADEMY BY EGHOSA,Oliha,Egor
EDO,02,02,12,02,02,000,12/02/02/000,12/02/02/000,Oliha,Egor
EDO,02,03,12,02,03,001,12/02/03/001,"OGIDA MOTOR PARK,  OGIDA I",Ogida/Use,Egor
EDO,02,03,12,02,03,002,12/02/03/002,"OGIDA MOTOR PARK,  OGIDA II",Ogida/Use,Egor
EDO,02,03,12,02,03,003,12/02/03/003,"OGIDA MOTOR PARK, OGIDA III",Ogida/Use,Egor
EDO,02,03,12,02,03,004,12/02/03/004,"OGIDA MOTOR PARK,  OGIDA IV",Ogida/Use,Egor
EDO,02,03,12,02,03,005,12/02/03/005,"OGIDA MOTOR PARK,  OGIDA V",Ogida/Use,Egor
EDO,02,03,12,02,03,006,12/02/03/006,OGIDA MOTOR PARK OGIDA VI,Ogida/Use,Egor
EDO,02,03,12,02,03,007,12/02/03/007,OGIDA PRIMARY SCHOOL OGIDA I,Ogida/Use,Egor
EDO,02,03,12,02,03,008,12/02/03/008,"OGIDA PRIMARY SCHOOL, OGIDA II",Ogida/Use,Egor
EDO,02,03,12,02,03,009,12/02/03/009,"ENINA NUR/PRIMARY SCHOOL, OGIDA I",Ogida/Use,Egor
EDO,02,03,12,02,03,010,12/02/03/010,ENINA NUR/PRIMARY SCHOOL OGIDA II,Ogida/Use,Egor
EDO,02,03,12,02,03,011,12/02/03/011,HOPEWELL GROUP OF SCH. USE,Ogida/Use,Egor
EDO,02,03,12,02,03,012,12/02/03/012,EWEKA PRIMARY SCHOOL USE I,Ogida/Use,Egor
EDO,02,03,12,02,03,013,12/02/03/013,EWEKA PRIMARY SCHOOL USE II,Ogida/Use,Egor
EDO,02,03,12,02,03,014,12/02/03/014,EWEKA PRIMARY SCHOOL USE III,Ogida/Use,Egor
EDO,02,03,12,02,03,015,12/02/03/015,EWEKA PRIMARY SCHOOL USE IV,Ogida/Use,Egor
EDO,02,03,12,02,03,016,12/02/03/016,EWEKA PRIMARY SCHOOL USE V,Ogida/Use,Egor
EDO,02,03,12,02,03,017,12/02/03/017,USE TOWN HALL USE,Ogida/Use,Egor
EDO,02,03,12,02,03,018,12/02/03/018,USE SEC. SCHOOL USE I,Ogida/Use,Egor
EDO,02,03,12,02,03,019,12/02/03/019,"USE SCH. SCHOOL, USE II",Ogida/Use,Egor
EDO,02,03,12,02,03,020,12/02/03/020,BLESSED ASSURANCE NUR/PRIMARY SCHOOL,Ogida/Use,Egor
EDO,02,03,12,02,03,021,12/02/03/021,OPEN SPACE OGIDA MARKET JUNCTION BY SILUKO OKHOKHUGBO,Ogida/Use,Egor
EDO,02,03,12,02,03,022,12/02/03/022,"OPEN SPACE OPP. OGIDA BARRACKS BY UNITY STREET JUNCTION, UPPER SILUKO",Ogida/Use,Egor
EDO,02,03,12,02,03,023,12/02/03/023,OPEN SPACE MOBILE AVENUE JUNCTION BY CON OIL,Ogida/Use,Egor
EDO,02,03,12,02,03,024,12/02/03/024,"OPEN SPACE BY IGBINEWEKA STREET JUNCTION,BESIDE MENDE PETROL STATION",Ogida/Use,Egor
EDO,02,03,12,02,03,025,12/02/03/025,"OPEN SPACE BY ENINA GROUP OF SCHOOL JUNCTION, OMOGIATE STR.",Ogida/Use,Egor
EDO,02,03,12,02,03,026,12/02/03/026,"OPEN SPACE OGIDA STREET JUNCTION BY TRAFFIC LIGHT, OKHOKHUGBO",Ogida/Use,Egor
EDO,02,03,12,02,03,027,12/02/03/027,OPEN SPACE BY  EKHATOR STREET JUNCTION OKHOKHUGBO.,Ogida/Use,Egor
EDO,02,03,12,02,03,028,12/02/03/028,OPEN SPACE AKUGBE STREET JUNCTION BY AKARA DEPOT.,Ogida/Use,Egor
EDO,02,03,12,02,03,029,12/02/03/029,"OPEN SPACE FRONT OF HI TECH CONSTRUCTION, OKHOKHUGBO",Ogida/Use,Egor
EDO,02,03,12,02,03,030,12/02/03/030,"OPEN SPACE BY PALACE ROAD JUNCTION, SILUKO",Ogida/Use,Egor
EDO,02,03,12,02,03,031,12/02/03/031,"OPEN SPACE, OWENVBIUGIE STREET JUNCTION, CLOSE TO CAGHOL PETROL STATION, OKHOKHUGBO",Ogida/Use,Egor
EDO,02,03,12,02,03,032,12/02/03/032,"OPEN SPACE ENINA NUR/PRIMARY SCHOOL, OGIDA/USEH",Ogida/Use,Egor
EDO,02,03,12,02,03,033,12/02/03/033,"OPEN SPACE OLOMUZA MARKET JUNCTION, OGIDA/USEH",Ogida/Use,Egor
EDO,02,03,12,02,03,034,12/02/03/034,"OPEN SPACE, HOPEWELL GRP OF SCH II BY AIBANGBEE STR",Ogida/Use,Egor
EDO,02,03,12,02,03,035,12/02/03/035,EGOR HEALTH CENTER BY USEH ROAD,Ogida/Use,Egor
EDO,02,03,12,02,03,036,12/02/03/036,EGOR HEALTH CENTER BY USEH ROAD,Ogida/Use,Egor
EDO,02,03,12,02,03,037,12/02/03/037,OPEN SPACE IGBINADUWA JUNCTION KEKENAPEP BUSSTOP,Ogida/Use,Egor
EDO,02,03,12,02,03,038,12/02/03/038,EGOR HEALTH CARE CENTER BY OKHOKHUGBO,Ogida/Use,Egor
EDO,02,03,12,02,03,039,12/02/03/039,USEH COMMUNITY TOWN HALL I BY OMOJUWA STR.,Ogida/Use,Egor
EDO,02,03,12,02,03,040,12/02/03/040,USEH COMMUNITY TOWN HALL II,Ogida/Use,Egor
EDO,02,03,12,02,03,041,12/02/03/041,OPEN SPACE BY OBAYUWANA JUNCTION OGIDA,Ogida/Use,Egor
EDO,02,03,12,02,03,042,12/02/03/042,OPEN SPACE CLOSE TO USEH COMMUNITY TOWN HALL OMOJUWA STR. OKHOKHUGBO,Ogida/Use,Egor
EDO,02,03,12,02,03,043,12/02/03/043,BLESSED ASSURANCE NUR/PRI SCHOOL I,Ogida/Use,Egor
EDO,02,03,12,02,03,044,12/02/03/044,BLESSED ASSURANCE NUR/PRI SCHOOL II,Ogida/Use,Egor
EDO,02,03,12,02,03,045,12/02/03/045,OPEN SPACE BY  OWENBOR STREET JUNCTION OGIDA QTRS BY OKHOKHUGBO,Ogida/Use,Egor
EDO,02,03,12,02,03,046,12/02/03/046,"BLESSED ASSURANCE NUR/PRI SCHOOL BY ODEH STR., OKHOKHUGBO",Ogida/Use,Egor
EDO,02,03,12,02,03,047,12/02/03/047,USEH SECONDARY SCHOOL,Ogida/Use,Egor
EDO,02,03,12,02,03,048,12/02/03/048,"OPEN SPACE BY OGIDA POLICE STATION BY SILUKO RD, OKHOKHUGBO  I",Ogida/Use,Egor
EDO,02,03,12,02,03,049,12/02/03/049,"OPEN SPACE, OGIDA POLICE STATION BY SILUKO , OKHOKHUGBO II",Ogida/Use,Egor
EDO,02,03,12,02,03,050,12/02/03/050,"OPEN SPACE, OGIDA POLICE STATION BY SILUKO RD, OKHOKHUGBO  III",Ogida/Use,Egor
EDO,02,03,12,02,03,000,12/02/03/000,12/02/03/000,Ogida/Use,Egor
EDO,02,04,12,02,04,001,12/02/04/001,"EGOR PRIMARY SCHOOL,  EGOR  I",Egor,Egor
EDO,02,04,12,02,04,002,12/02/04/002,"EGOR PRIMARY SCHOOL,  EGOR  II",Egor,Egor
EDO,02,04,12,02,04,003,12/02/04/003,"EGOR PRIMARY SCHOOL,  EGOR III",Egor,Egor
EDO,02,04,12,02,04,004,12/02/04/004,"EGOR SEC. SCHOOL,  EGOR  I",Egor,Egor
EDO,02,04,12,02,04,005,12/02/04/005,"EGOR SEC. SCHOOL,  EGOR II",Egor,Egor
EDO,02,04,12,02,04,006,12/02/04/006,"TIPPER GARAGE,  EGOR",Egor,Egor
EDO,02,04,12,02,04,007,12/02/04/007,"TIPPER GARAGE/MARKET SQUARE,  EGOR I",Egor,Egor
EDO,02,04,12,02,04,008,12/02/04/008,"TIPPER GARAGE/,MARKET SQUARE,  EGOR II",Egor,Egor
EDO,02,04,12,02,04,009,12/02/04/009,"P &  T TRAINING SCH, EGOR",Egor,Egor
EDO,02,04,12,02,04,010,12/02/04/010,"OPEN SPACE BESIDE NO 46,OLD SILUKO ROAD",Egor,Egor
EDO,02,04,12,02,04,011,12/02/04/011,EGOR HEALTH CENTRE EGOR I,Egor,Egor
EDO,02,04,12,02,04,012,12/02/04/012,"OPEN SPACE BESIDE THE TRANSFORMER BY PALACE JUNCTION, EGOR",Egor,Egor
EDO,02,04,12,02,04,013,12/02/04/013,"OPEN SPACE BY OLD ROAD,  SAWMILL, EGOR",Egor,Egor
EDO,02,04,12,02,04,014,12/02/04/014,"OPEN SPACE BESIDE GOD'S ANOINTED GRACE ASSEMBLY,EGOR",Egor,Egor
EDO,02,04,12,02,04,015,12/02/04/015,"OPEN SPACE- WINNERS STREET JUNCTION ALONG OLD SILUKO ROAD,EGOR",Egor,Egor
EDO,02,04,12,02,04,016,12/02/04/016,"OPEN SPACE BESIDE SPIRIT AND LIFE CHURCH,VINCENT EDOWMWANDE AVENUE,EGOR",Egor,Egor
EDO,02,04,12,02,04,017,12/02/04/017,"OPEN SPACE, I-CARE  STREET JUNCTION, OPPOSITE SAWMILL",Egor,Egor
EDO,02,04,12,02,04,018,12/02/04/018,"OPEN SPACE BY LIGHT AND MIRACLE ASSEMBLY, OKUNBO STR., UPPER SILUKO RD.",Egor,Egor
EDO,02,04,12,02,04,019,12/02/04/019,"OPEN SPACE, OPPOSITE EGOR MARKET",Egor,Egor
EDO,02,04,12,02,04,020,12/02/04/020,OPEN SPACE BY VICTORY FOUNDATION ACADEMY VINCENT STR. EGOR,Egor,Egor
EDO,02,04,12,02,04,021,12/02/04/021,OPEN SPACE BESIDE NO 8 AMEGOR STREET,Egor,Egor
EDO,02,04,12,02,04,022,12/02/04/022,"OPEN SPACE BESIDE NO 9,OSA LANE,OFF OSAYIMERE STREET, EGOR",Egor,Egor
EDO,02,04,12,02,04,023,12/02/04/023,"OPEN SPACE BESIDE NO 18,NIPOST ROAD, UPPER SILUKO, BESIDE THE APOSTOLIC CHURCH",Egor,Egor
EDO,02,04,12,02,04,000,12/02/04/000,12/02/04/000,Egor,Egor
EDO,02,05,12,02,05,001,12/02/05/001,"AMEGOR PRIMARY SCHOOL, UWELU I",Uwelu,Egor
EDO,02,05,12,02,05,002,12/02/05/002,"AMEGOR PRIMARY SCHOOL, , UWELU II",Uwelu,Egor
EDO,02,05,12,02,05,003,12/02/05/003,"AMEGOR PRIMARY SCHOOL, UWELU III",Uwelu,Egor
EDO,02,05,12,02,05,004,12/02/05/004,"UWELU SEC. SCHOOL,  UWELU I",Uwelu,Egor
EDO,02,05,12,02,05,005,12/02/05/005,"UWELU SEC. SCHOOL,  UWELU II",Uwelu,Egor
EDO,02,05,12,02,05,006,12/02/05/006,"UWELU SEC. SCHOOL,  UWELU",Uwelu,Egor
EDO,02,05,12,02,05,007,12/02/05/007,"UWELU ROAD/UWASOTA JUNCT. , UWELU I",Uwelu,Egor
EDO,02,05,12,02,05,008,12/02/05/008,"UWELU ROAD/UWASOTA JUNCT. , UWELU II",Uwelu,Egor
EDO,02,05,12,02,05,009,12/02/05/009,"UWELU HEALTH CENTRE,  UWELU I",Uwelu,Egor
EDO,02,05,12,02,05,010,12/02/05/010,"UWELU HEALTH CENTRE,  UWELU II",Uwelu,Egor
EDO,02,05,12,02,05,011,12/02/05/011,"POLICE CHILDREN SCH., UWELU I",Uwelu,Egor
EDO,02,05,12,02,05,012,12/02/05/012,"POLICE CHILDREN SCH. , UWELU II",Uwelu,Egor
EDO,02,05,12,02,05,013,12/02/05/013,OPEN SPACE BY ENEHIZENA STREET OFF UWELU ROAD BEHIND UWELU MARKET,Uwelu,Egor
EDO,02,05,12,02,05,014,12/02/05/014,"OPEN SPACE BY AIGBEKAN STREET JUNCTION OPPOSITE CHRIST APOSTOLIC CHURCH MISSION, UWELU",Uwelu,Egor
EDO,02,05,12,02,05,015,12/02/05/015,"OPEN SPACE ALONG OMOEVBARIA STREET OFF AIGBEKAN, UWELU",Uwelu,Egor
EDO,02,05,12,02,05,016,12/02/05/016,OPEN SPACE BY  GOD FORGIVENESS DELIVERANCE MINISTRY,Uwelu,Egor
EDO,02,05,12,02,05,017,12/02/05/017,"OPEN SPACE BY TRANSFORMER BY ADOLOR STREET JUNCTION OFF EWEKA ROAD, UWELU",Uwelu,Egor
EDO,02,05,12,02,05,018,12/02/05/018,"OPEN SPACE BY UHOWANGO JUNCTION ALONG EMWINOBAWAN STREET OFF COLLEGE ROAD, UWELU.",Uwelu,Egor
EDO,02,05,12,02,05,019,12/02/05/019,"OPEN SPACE OPP. AMEGOR PRIMARY SCHOOL, UWELU",Uwelu,Egor
EDO,02,05,12,02,05,020,12/02/05/020,"OPEN SPACE BY OMOREGIE AVENUE BEHIND CELESTIAL CHURCH OF CHRIST, OFF UWELU ROAD",Uwelu,Egor
EDO,02,05,12,02,05,021,12/02/05/021,OPEN SPACE ALONG EBONIYEKE STREET OFF UWELU ROAD,Uwelu,Egor
EDO,02,05,12,02,05,022,12/02/05/022,OPEN SPACE BY EWEKA JUNCTION OFF UWELU ROAD,Uwelu,Egor
EDO,02,05,12,02,05,023,12/02/05/023,"OPEN SPACE BY TRANSFORMER ALONG AKUGBE ROAD/SABBATH ROAD, UWELU QUARTERS",Uwelu,Egor
EDO,02,05,12,02,05,024,12/02/05/024,OPEN SPACE UWELU ROAD UWASOTA JUNCTION TRANSFORMER OBANOSA,Uwelu,Egor
EDO,02,05,12,02,05,025,12/02/05/025,OPEN SPACE ODOBO STREET JUNCTION BY UWELU ROAD. OPEN SPACE,Uwelu,Egor
EDO,02,05,12,02,05,026,12/02/05/026,OPEN SPACE-UWELU MOTOR SPARE PARTS HALL,Uwelu,Egor
EDO,02,05,12,02,05,027,12/02/05/027,OPEN SPACE ALONG UWELU ROAD BY KAKURU STREET JUNCTION,Uwelu,Egor
EDO,02,05,12,02,05,028,12/02/05/028,OPEN SPACE BY 2ND OTAMERE JUNCTION ALONG UWASOTA ROAD,Uwelu,Egor
EDO,02,05,12,02,05,029,12/02/05/029,OPEN SPACE EDOBOR JUNCTION BY GREAT PEOPLE ACADEMY,Uwelu,Egor
EDO,02,05,12,02,05,030,12/02/05/030,OPEN SPACE BY ADUNA JUNCTION OPPOSITE TRANSFORMER,Uwelu,Egor
EDO,02,05,12,02,05,031,12/02/05/031,OPEN SPACE-ATOE STREET OPPOSITE RIVERS OF JOY MINISTRY,Uwelu,Egor
EDO,02,05,12,02,05,032,12/02/05/032,OPEN SPACE ALONG OBASOHAN STREET BY IDAHOSA JUNCTION,Uwelu,Egor
EDO,02,05,12,02,05,033,12/02/05/033,OPEN SPACE BY IMMACULATE JUNCTION ALONG ERHUMWUNSE,Uwelu,Egor
EDO,02,05,12,02,05,034,12/02/05/034,OPEN SPACE ALONG ERESOYEN STREET BEHIND POLICE BARRACKS FENCE OFF POWERLINE,Uwelu,Egor
EDO,02,05,12,02,05,035,12/02/05/035,IGBAMA JUNCTION OPEN SPACE UNDER THE TREE ALONG POWER LINE,Uwelu,Egor
EDO,02,05,12,02,05,000,12/02/05/000,12/02/05/000,Uwelu,Egor
EDO,02,06,12,02,06,001,12/02/06/001,"UDENS INT. SCH.,  EVBAREKE I",Evbareke,Egor
EDO,02,06,12,02,06,002,12/02/06/002,"UDENS INT. SCH.,  EVBAREKE II",Evbareke,Egor
EDO,02,06,12,02,06,003,12/02/06/003,"UDENS INT. SCH.,  EVBAREKE III",Evbareke,Egor
EDO,02,06,12,02,06,004,12/02/06/004,"UNDER A TREE BY UWELU RD.,  EVBAREKE I",Evbareke,Egor
EDO,02,06,12,02,06,005,12/02/06/005,"UNDER A TREE BY UWELU RD.,  EVBAREKE II",Evbareke,Egor
EDO,02,06,12,02,06,006,12/02/06/006,"BASO INT. SCH.,  EVBAREKE I",Evbareke,Egor
EDO,02,06,12,02,06,007,12/02/06/007,"BASO INT. SCH. , EVBAREKE II",Evbareke,Egor
EDO,02,06,12,02,06,008,12/02/06/008,"ADAMS INT. SCH.,  EVBAREKE I",Evbareke,Egor
EDO,02,06,12,02,06,009,12/02/06/009,"ADAMS INT. SCH., EVBAREKE  II",Evbareke,Egor
EDO,02,06,12,02,06,010,12/02/06/010,"EVBAREKE GRAM SCH.,  EVBAREKE I",Evbareke,Egor
EDO,02,06,12,02,06,011,12/02/06/011,"EVBAREKE GRAM SCH., EVBAREKE II",Evbareke,Egor
EDO,02,06,12,02,06,012,12/02/06/012,"EVBAREKE GRAM SCH. , EVBAREKE III",Evbareke,Egor
EDO,02,06,12,02,06,013,12/02/06/013,"EVBAREKE GRAM SCH.,  EVBAREKE IV",Evbareke,Egor
EDO,02,06,12,02,06,014,12/02/06/014,"EVBAREKE GRAM SCH. , EVBAREKE V",Evbareke,Egor
EDO,02,06,12,02,06,015,12/02/06/015,AKA-ISOKAN JUNCTION (AKA INT. SCH EVBAREKE I),Evbareke,Egor
EDO,02,06,12,02,06,016,12/02/06/016,AKA-ISOKAN JUNCTION (AKA INT. SCH EVBAREKE II),Evbareke,Egor
EDO,02,06,12,02,06,017,12/02/06/017,AKA-ISOKAN JUNCTION (AKA INT. SCH EVBAREKE III),Evbareke,Egor
EDO,02,06,12,02,06,018,12/02/06/018,OPEN SPACE BY ST RAPHAEL CATHOLIC CHURCH EVBAREKE,Evbareke,Egor
EDO,02,06,12,02,06,019,12/02/06/019,OPEN SPACE BY PREVAILING SAINTS GLOBAL ASSEMBLY,Evbareke,Egor
EDO,02,06,12,02,06,020,12/02/06/020,"OPEN SPACE, SKILL AND UNSKILL LABOURER OTOTE JUNCTION",Evbareke,Egor
EDO,02,06,12,02,06,021,12/02/06/021,OPEN SPACE UNDER A TREE OGHOGHO JUNCTION,Evbareke,Egor
EDO,02,06,12,02,06,022,12/02/06/022,OPEN SPACE FAN MILK BY OMOKARO JUNCTION I,Evbareke,Egor
EDO,02,06,12,02,06,023,12/02/06/023,OPEN SPACE FAN MILK BY OMOKARO JUNCTION II,Evbareke,Egor
EDO,02,06,12,02,06,024,12/02/06/024,"OPEN SPACE BY EVBAREKE JUNCTION, TEXTILE MILL RD",Evbareke,Egor
EDO,02,06,12,02,06,025,12/02/06/025,BASO INT SCH  JUNCTION I,Evbareke,Egor
EDO,02,06,12,02,06,026,12/02/06/026,BASO/INT SCH  JUNCTION II,Evbareke,Egor
EDO,02,06,12,02,06,027,12/02/06/027,"OPEN SPACE BY AIRHIENBUWA JUNCTION, EVBAREKE",Evbareke,Egor
EDO,02,06,12,02,06,028,12/02/06/028,ADAMS INT SCH. EVBAREKE I,Evbareke,Egor
EDO,02,06,12,02,06,029,12/02/06/029,ADAMS INT SCH. EVBAREKE II,Evbareke,Egor
EDO,02,06,12,02,06,030,12/02/06/030,EVBAREKE GRAM SCH I,Evbareke,Egor
EDO,02,06,12,02,06,031,12/02/06/031,EVBAREKE GRAM SCH II,Evbareke,Egor
EDO,02,06,12,02,06,032,12/02/06/032,OBA EWUARE  PRY SCH EVBAREKE I,Evbareke,Egor
EDO,02,06,12,02,06,033,12/02/06/033,OPEN SPACE -OSAROBO/ODIASE JUNCTION,Evbareke,Egor
EDO,02,06,12,02,06,034,12/02/06/034,OPEN SPACE -OMOSEFE/AKHARI JUNCTION,Evbareke,Egor
EDO,02,06,12,02,06,035,12/02/06/035,"OPEN SPACE, EVBAREKE SPARE PART JUNCTION I",Evbareke,Egor
EDO,02,06,12,02,06,036,12/02/06/036,"OPEN SPACE,EVBAREKE SPARE PART JUNCTION II",Evbareke,Egor
EDO,02,06,12,02,06,037,12/02/06/037,"OPEN SPACE, COMMUNITY SKILL DEV JUNCTION I",Evbareke,Egor
EDO,02,06,12,02,06,038,12/02/06/038,OPEN SPACE -IZEKOR/AIGBEDION JUNCTION,Evbareke,Egor
EDO,02,06,12,02,06,039,12/02/06/039,"OPEN SPACE,OMOREGIE AKENZUA JUNCTION I",Evbareke,Egor
EDO,02,06,12,02,06,040,12/02/06/040,"OPEN SPACE,OMOREGIE AKENZUA JUNCTION I",Evbareke,Egor
EDO,02,06,12,02,06,041,12/02/06/041,"OPEN SPACE, OBARASE JUNCTION I",Evbareke,Egor
EDO,02,06,12,02,06,042,12/02/06/042,"OPEN SPACE, OBARASE JUNCTION I",Evbareke,Egor
EDO,02,06,12,02,06,000,12/02/06/000,12/02/06/000,Evbareke,Egor
EDO,02,07,12,02,07,001,12/02/07/001,"USELU TOWN HALL , USELU I-I",Uselu I,Egor
EDO,02,07,12,02,07,002,12/02/07/002,"USELU TOWN HALL,  USELU I-II",Uselu I,Egor
EDO,02,07,12,02,07,003,12/02/07/003,"OLUA PRIMARY SCHOOL,  USELU I - I",Uselu I,Egor
EDO,02,07,12,02,07,004,12/02/07/004,"OLUA PRIMARY SCHOOL,  USELU I - II",Uselu I,Egor
EDO,02,07,12,02,07,005,12/02/07/005,"OLUA PRIMARY SCHOOL,  USELU I- III",Uselu I,Egor
EDO,02,07,12,02,07,006,12/02/07/006,"OLUA PRIMARY SCHOOL,  USELU I-IV",Uselu I,Egor
EDO,02,07,12,02,07,007,12/02/07/007,"OLUA PRIMARY SCHOOL,  USELU I-V",Uselu I,Egor
EDO,02,07,12,02,07,008,12/02/07/008,"OLUA PRIMARY SCHOOL,  USELU  I-VI",Uselu I,Egor
EDO,02,07,12,02,07,009,12/02/07/009,"OLUA PRIMARY SCHOOL,  USELU  I-VII",Uselu I,Egor
EDO,02,07,12,02,07,010,12/02/07/010,"OLUA PRIMARY SCHOOL, USELU  I-VIII",Uselu I,Egor
EDO,02,07,12,02,07,011,12/02/07/011,"USELU MOTOR PARK,  USELU I-I",Uselu I,Egor
EDO,02,07,12,02,07,012,12/02/07/012,"USELU MOTOR PARK,  USELU I-II",Uselu I,Egor
EDO,02,07,12,02,07,013,12/02/07/013,"FED. ROAD/PUBLIC FIELD,  USELU II -I",Uselu I,Egor
EDO,02,07,12,02,07,014,12/02/07/014,"FED. ROAD/PUBLIC FIELD,  USELU II-II",Uselu I,Egor
EDO,02,07,12,02,07,015,12/02/07/015,"FED. ROAD/PUBLIC FIELD,  USELU II-III",Uselu I,Egor
EDO,02,07,12,02,07,016,12/02/07/016,"FED. ROAD/PUBLIC FIELD,  USELU II-IV",Uselu I,Egor
EDO,02,07,12,02,07,017,12/02/07/017,"PARAMOUNT NUR/PRIMARY SCHOOL , USELU II-I",Uselu I,Egor
EDO,02,07,12,02,07,018,12/02/07/018,"PARAMOUNT NUR/PRIMARY SCHOOL,  USELU II - II",Uselu I,Egor
EDO,02,07,12,02,07,019,12/02/07/019,"PARAMOUNT NUR/PRIMARY SCHOOL , USELU II -III",Uselu I,Egor
EDO,02,07,12,02,07,020,12/02/07/020,OPEN SPACE - CHRISTIAN GOSPEL  CHURCH BESIDE GTBANK,Uselu I,Egor
EDO,02,07,12,02,07,021,12/02/07/021,"OPEN SPACE BY MEDICAL JUNCTION, NEW LAGOS RD",Uselu I,Egor
EDO,02,07,12,02,07,022,12/02/07/022,OPEN SPACE BY USELU COUNTRYSIDE JUNCTION,Uselu I,Egor
EDO,02,07,12,02,07,023,12/02/07/023,"OPEN SPACE BEHIND FRESH ALLURE, USELU",Uselu I,Egor
EDO,02,07,12,02,07,024,12/02/07/024,"OPEN SPACE BY LIVING TRUTH MISSION, AKODA STR., USELU.",Uselu I,Egor
EDO,02,07,12,02,07,025,12/02/07/025,OPEN SPACE BY MONTESSORI NUR/PRIMARY SCHOOL / SECONDARY USELU,Uselu I,Egor
EDO,02,07,12,02,07,026,12/02/07/026,OPEN SPACE -MOTOR PARK OPPOSITE RISING STAR MINISTRY,Uselu I,Egor
EDO,02,07,12,02,07,027,12/02/07/027,"OPEN SPACE BY IYOBA, BEHIND TRANSFORMER, USELU",Uselu I,Egor
EDO,02,07,12,02,07,028,12/02/07/028,OPEN SPACE  BY C.A.C EBO STR.,Uselu I,Egor
EDO,02,07,12,02,07,029,12/02/07/029,"OPEN SPACE BY ANIGBORO JUNCTION, OPP EFEX, USELU",Uselu I,Egor
EDO,02,07,12,02,07,030,12/02/07/030,OPEN SPACE BEHIND ARISCO HOTEL.,Uselu I,Egor
EDO,02,07,12,02,07,031,12/02/07/031,"OPEN SPACE BY LIVING FAITH CHURCH, ANIGBORO STR, USELU",Uselu I,Egor
EDO,02,07,12,02,07,032,12/02/07/032,"OPEN SPACE BEHIND EKPEX GAS, OFF NOOHRA NUR, USELU",Uselu I,Egor
EDO,02,07,12,02,07,033,12/02/07/033,"OPEN SPACE, SHEET PLAZA, USELU",Uselu I,Egor
EDO,02,07,12,02,07,034,12/02/07/034,OPEN SPACE - USELU PLAZA,Uselu I,Egor
EDO,02,07,12,02,07,035,12/02/07/035,"OPEN SPACE 28, IKPEMA STR BY 3RD JUNCTION USELU",Uselu I,Egor
EDO,02,07,12,02,07,036,12/02/07/036,"OPEN SPACE OPPOSITE USELU MOSQUE,OFF IYASE STR.",Uselu I,Egor
EDO,02,07,12,02,07,037,12/02/07/037,"MEDICAL STORE RD, OPP NEURO PSYCHIATRIC HOSPITAL USELU",Uselu I,Egor
EDO,02,07,12,02,07,038,12/02/07/038,"FED. ROAD /PUBLIC FIELD , USELU II- VI",Uselu I,Egor
EDO,02,07,12,02,07,039,12/02/07/039,"FED. ROAD/PUBLIC FIELD, USELU II - VII",Uselu I,Egor
EDO,02,07,12,02,07,040,12/02/07/040,"PARAMOUNT NUR/PRIMARY SCHOOL, USELU II - IV",Uselu I,Egor
EDO,02,07,12,02,07,041,12/02/07/041,"PARAMOUNT NUR/PRIMARY SCHOOL, USELU II - V",Uselu I,Egor
EDO,02,07,12,02,07,000,12/02/07/000,12/02/07/000,Uselu I,Egor
EDO,02,08,12,02,08,001,12/02/08/001,"USELU SEC. SCHOOL , USELU II-I",Uselu Ii,Egor
EDO,02,08,12,02,08,002,12/02/08/002,"USELU SEC. SCHOOL,  USELU II-II",Uselu Ii,Egor
EDO,02,08,12,02,08,003,12/02/08/003,"USELU SEC. SCHOOL, USELU II-III",Uselu Ii,Egor
EDO,02,08,12,02,08,004,12/02/08/004,"USELU SEC. SCHOOL,  USELU II-IV",Uselu Ii,Egor
EDO,02,08,12,02,08,005,12/02/08/005,"USELU SEC. SCHOOL,  USELU II-V",Uselu Ii,Egor
EDO,02,08,12,02,08,006,12/02/08/006,"USELU SEC. SCHOOL,  USELU II-VI",Uselu Ii,Egor
EDO,02,08,12,02,08,007,12/02/08/007,"USELU SEC. SCHOOL,  USELU II-VII",Uselu Ii,Egor
EDO,02,08,12,02,08,008,12/02/08/008,"GOLDEN TOUCH SEC. SCH. , EDAIKEN I",Uselu Ii,Egor
EDO,02,08,12,02,08,009,12/02/08/009,"GOLDEN TOUCH SEC. SCH.,  EDAIKEN II",Uselu Ii,Egor
EDO,02,08,12,02,08,010,12/02/08/010,"GOLDEN TOUCH SEC. SCH. , EDAIKEN III",Uselu Ii,Egor
EDO,02,08,12,02,08,011,12/02/08/011,"GOLDEN TOUCH SEC. SCH.,  EDAIKEN IV",Uselu Ii,Egor
EDO,02,08,12,02,08,012,12/02/08/012,"EDAIKEN PRIMARY SCHOOL , EDAIKEN V",Uselu Ii,Egor
EDO,02,08,12,02,08,013,12/02/08/013,"EDAIKEN PRIMARY SCHOOL , EDAIKEN I",Uselu Ii,Egor
EDO,02,08,12,02,08,014,12/02/08/014,"EDAIKEN PRIMARY SCHOOL, EDAIKEN II",Uselu Ii,Egor
EDO,02,08,12,02,08,015,12/02/08/015,"EDAIKEN PRIMARY SCHOOL,  EDAIKEN III",Uselu Ii,Egor
EDO,02,08,12,02,08,016,12/02/08/016,"EDAIKEN PRIMARY SCHOOL,  EDAIKEN IV",Uselu Ii,Egor
EDO,02,08,12,02,08,017,12/02/08/017,"EDAIKEN PRIMARY SCHOOL,  EDAIKEN V",Uselu Ii,Egor
EDO,02,08,12,02,08,018,12/02/08/018,"UNIVERSAL COMM HALL/PUBLIC FIELD,  EDAIKEN I",Uselu Ii,Egor
EDO,02,08,12,02,08,019,12/02/08/019,"UNIVERSAL COMM HALL/PUBLIC FIELD, EDAIKEN II",Uselu Ii,Egor
EDO,02,08,12,02,08,020,12/02/08/020,"OPEN SPACE BY IYAHEN JUNCTION OFF IGBINOSA, MELA ROAD, USELU",Uselu Ii,Egor
EDO,02,08,12,02,08,021,12/02/08/021,"OPEN SPACE,EAGLES EDUCATIONAL , 2ND SECTION",Uselu Ii,Egor
EDO,02,08,12,02,08,022,12/02/08/022,OPEN FIELD BY ROSELUYI EXCEPTIONAL STUDENT ACADEMY,Uselu Ii,Egor
EDO,02,08,12,02,08,023,12/02/08/023,OPEN SPACE BY NEW COVENANT GOSPEL CHURCH,Uselu Ii,Egor
EDO,02,08,12,02,08,024,12/02/08/024,"OPEN SPACE BY ADONAI INTERNATIONAL SCHOOL,DOWN UWAGBOE STREET",Uselu Ii,Egor
EDO,02,08,12,02,08,025,12/02/08/025,"OPEN SPACE BY JEHOVAH WITNESS CHURCH, UWAGBOE",Uselu Ii,Egor
EDO,02,08,12,02,08,026,12/02/08/026,UWAGBOE DEMONSTRATION SCHOOL,Uselu Ii,Egor
EDO,02,08,12,02,08,027,12/02/08/027,OPEN SPACE OPPOSITE EGOR COUNCIL,Uselu Ii,Egor
EDO,02,08,12,02,08,028,12/02/08/028,OPEN SPACE BY SWORD OF GOD MINISTRY,Uselu Ii,Egor
EDO,02,08,12,02,08,029,12/02/08/029,"USELU MARKET CAR PARK I, USELU I",Uselu Ii,Egor
EDO,02,08,12,02,08,030,12/02/08/030,"USELU MARKET CAR PARK II, USELU II",Uselu Ii,Egor
EDO,02,08,12,02,08,031,12/02/08/031,OPEN SPACE BY A.I.G. HOUSE,Uselu Ii,Egor
EDO,02,08,12,02,08,032,12/02/08/032,OPEN SPACE BY CHRIST APOSTOLIC CHURCH OF GOD,Uselu Ii,Egor
EDO,02,08,12,02,08,033,12/02/08/033,"USELU MARKET CAR PARK, USELU II - V",Uselu Ii,Egor
EDO,02,08,12,02,08,034,12/02/08/034,"USELU MARKET CAR PARK, USELU II - VI",Uselu Ii,Egor
EDO,02,08,12,02,08,035,12/02/08/035,OPEN SPACE BY TRADITIONAL GROUND,Uselu Ii,Egor
EDO,02,08,12,02,08,036,12/02/08/036,OPEN SPACE OPPOSITE FOUNTAIN GROUP OF SCHOOLS,Uselu Ii,Egor
EDO,02,08,12,02,08,037,12/02/08/037,"COMMAND CHILDREN SCH. S&T BARRACKS V, USELU II",Uselu Ii,Egor
EDO,02,08,12,02,08,038,12/02/08/038,OPEN SPACE BY MEDICAL MISSIONARY OF MARY CLINIC,Uselu Ii,Egor
EDO,02,08,12,02,08,039,12/02/08/039,"OPEN SPACE ,HIGHLAND COMPREHENSIVE SCHOOL, OPP. S&T BARRACK RD.",Uselu Ii,Egor
EDO,02,08,12,02,08,040,12/02/08/040,OPEN SPACE BY S&T MOTOR PARK,Uselu Ii,Egor
EDO,02,08,12,02,08,041,12/02/08/041,EDAIKEN PRY. SCH. EDAIKEN VII,Uselu Ii,Egor
EDO,02,08,12,02,08,042,12/02/08/042,OPEN SPACE BY SOLUTION HIGH SCH,Uselu Ii,Egor
EDO,02,08,12,02,08,043,12/02/08/043,OPEN SPACE OPPOSITE FLAMINGO HOTEL EDAIKEN PRY SCH ROAD,Uselu Ii,Egor
EDO,02,08,12,02,08,044,12/02/08/044,"OPEN SPACE BY REDEEMED CHRISTIAN CHURCH, OFF EDAIKEN PRY SCH RD",Uselu Ii,Egor
EDO,02,08,12,02,08,045,12/02/08/045,"OPEN SPACE BY ASSEMBLIES OF GOD, OHORDUA STREET",Uselu Ii,Egor
EDO,02,08,12,02,08,046,12/02/08/046,OPEN SPACE BY CHRISTIAN PENTECOSTAL CHURCH OKIRI STREET,Uselu Ii,Egor
EDO,02,08,12,02,08,047,12/02/08/047,"EGUA-EDAIKEN HEALTH CENTRE I, USELU II",Uselu Ii,Egor
EDO,02,08,12,02,08,048,12/02/08/048,OPEN SPACE BY FIRE SANCTUARY MINISTRY. OKIRI STREET,Uselu Ii,Egor
EDO,02,08,12,02,08,049,12/02/08/049,OPEN SPACE BY CHRIST APOSTOLIC CHURCH EDAIKEN PRY SCH ROAD,Uselu Ii,Egor
EDO,02,08,12,02,08,050,12/02/08/050,"OPEN SPACE BY REDEEM CHRISTIAN CHURCH, EDAIKEN PRY SCH ROAD",Uselu Ii,Egor
EDO,02,08,12,02,08,051,12/02/08/051,"EGUA-EDAIKEN TOWN HALL III, USELU II",Uselu Ii,Egor
EDO,02,08,12,02,08,052,12/02/08/052,OPEN SPACE BY LIFE TRANSFORMING FAITH MIN. OGHOBAGHASE STREET,Uselu Ii,Egor
EDO,02,08,12,02,08,053,12/02/08/053,OPEN SPACE- UNIVERSAL MARKET BY ATUPEC SERVICE STATION,Uselu Ii,Egor
EDO,02,08,12,02,08,000,12/02/08/000,12/02/08/000,Uselu Ii,Egor
EDO,02,09,12,02,09,001,12/02/09/001,"EGHOSA ANG. SCH.,  OKHORO I -I",Okhoro,Egor
EDO,02,09,12,02,09,002,12/02/09/002,"EGHOSA GRAM SCH. , OKHORO I- II",Okhoro,Egor
EDO,02,09,12,02,09,003,12/02/09/003,"EGHOSA GRAM SCH.,  OKHORO I -III",Okhoro,Egor
EDO,02,09,12,02,09,004,12/02/09/004,"EGHOSA GRAM SCH.,  OKHORO I -IV",Okhoro,Egor
EDO,02,09,12,02,09,005,12/02/09/005,"EGHOSA GRAM SCH.,  OKHORO I-V",Okhoro,Egor
EDO,02,09,12,02,09,006,12/02/09/006,"EGHOSA GRAM SCH.,  OKHORO I-VI",Okhoro,Egor
EDO,02,09,12,02,09,007,12/02/09/007,"EGHOSA GRAM SCH. , OKHORO I-VII",Okhoro,Egor
EDO,02,09,12,02,09,008,12/02/09/008,"EGHOSA GRAM SCH., OKHORO I-VIII",Okhoro,Egor
EDO,02,09,12,02,09,009,12/02/09/009,"AYELA UWANGUE NUR/PRI. SCHOOL,  OKHORO II-I",Okhoro,Egor
EDO,02,09,12,02,09,010,12/02/09/010,"AYELA UWANGUE NUR/PRI. SCHOOL , OKHORO II-II",Okhoro,Egor
EDO,02,09,12,02,09,011,12/02/09/011,"OKHORO LIVESTOCK , OKHORO II-I",Okhoro,Egor
EDO,02,09,12,02,09,012,12/02/09/012,"OKHORO LIVESTOCK,  OKHORO II-II",Okhoro,Egor
EDO,02,09,12,02,09,013,12/02/09/013,"OKHORO LIVESTOCK , OKHORO II-III",Okhoro,Egor
EDO,02,09,12,02,09,014,12/02/09/014,"OKHORO LIVESTOCK,  OKHORO II-IV",Okhoro,Egor
EDO,02,09,12,02,09,015,12/02/09/015,"OKHORO LIVESTOCK , OKHORO II-V",Okhoro,Egor
EDO,02,09,12,02,09,016,12/02/09/016,"OKHORO POLICE STATION,  OKHORO II-I",Okhoro,Egor
EDO,02,09,12,02,09,017,12/02/09/017,"OKHORO POLICE POST, OKHORO II-II",Okhoro,Egor
EDO,02,09,12,02,09,018,12/02/09/018,"OKHORO POLICE POST,  OKHORO II-III",Okhoro,Egor
EDO,02,09,12,02,09,019,12/02/09/019,"OKHORO PRIMARY SCHOOL,  OKHORO II-I",Okhoro,Egor
EDO,02,09,12,02,09,020,12/02/09/020,"OKHORO PRIMARY SCHOOL,  OKHORO II-II",Okhoro,Egor
EDO,02,09,12,02,09,021,12/02/09/021,OPEN SPACE OPPOSITE OPP. OKHORO SAWMILL,Okhoro,Egor
EDO,02,09,12,02,09,022,12/02/09/022,OPEN SPACE FIRST FEDERAL ROAD JUNCTION BY OKHORO I-I,Okhoro,Egor
EDO,02,09,12,02,09,023,12/02/09/023,OPEN SPACE FIRST FEDERAL ROAD BY OKHORO I- I,Okhoro,Egor
EDO,02,09,12,02,09,024,12/02/09/024,OPEN SPACE SECOND FEDERAL JUNCTION BY OKHORO ROAD I-II,Okhoro,Egor
EDO,02,09,12,02,09,025,12/02/09/025,"OPEN SPACE SECOND FEDERAL JUNCTION BY REDEEMED CHURCH, OKHORO ROAD",Okhoro,Egor
EDO,02,09,12,02,09,026,12/02/09/026,OPEN SPACE CREATIVE LECTURES BY OKHORO ROAD,Okhoro,Egor
EDO,02,09,12,02,09,027,12/02/09/027,"OPEN SPACE- SECOND, OMOZOJIE OKHORO JUNCTION",Okhoro,Egor
EDO,02,09,12,02,09,028,12/02/09/028,"OPEN SPACE OKHORO, FIRST IYAYI SAWMILL OPPOSITE COMPASSION CHURCH, OKHORO I-I",Okhoro,Egor
EDO,02,09,12,02,09,029,12/02/09/029,"OPEN SPACE OKHORO,FIRST IYAYI SAWMILL OPPOSITE COMPASSION CHURCH, OKHORO I-II",Okhoro,Egor
EDO,02,09,12,02,09,030,12/02/09/030,"OPEN SPACE, MOTOR PARK OPP ST,THOMAS ANGLICAL CHURCH OKHORO ROAD.",Okhoro,Egor
EDO,02,09,12,02,09,031,12/02/09/031,"OPEN SPACE EKIOMADO, OPP CHURCH OF GOD MISSION. OKHORO",Okhoro,Egor
EDO,02,09,12,02,09,032,12/02/09/032,OPEN SPACE BY EDOWADIAGBON PALM-WINE JOINT OKHORO,Okhoro,Egor
EDO,02,09,12,02,09,033,12/02/09/033,"OPEN SPACE BY OKHORO, SECOND IYAYI SAWMILL JUNCTION, OKHORO",Okhoro,Egor
EDO,02,09,12,02,09,034,12/02/09/034,"OPEN SPACE BY AKENZUA STR, OFF OKHORO ROAD, OKHORO",Okhoro,Egor
EDO,02,09,12,02,09,035,12/02/09/035,"OPEN SPACE- BY OROSAYE JUNCTION , OKHORO",Okhoro,Egor
EDO,02,09,12,02,09,036,12/02/09/036,"OPEN SPACE BY  40, OKHORO ROAD JUNCTION OPPOSITE MOUNTAIN OF FIRE MINISTRIES",Okhoro,Egor
EDO,02,09,12,02,09,037,12/02/09/037,"OPEN SPACE BY AISOSA JUNCTION, OKHORO ROAD,",Okhoro,Egor
EDO,02,09,12,02,09,038,12/02/09/038,"OPEN SPACE AKPEGA ST, OKHORO ROAD",Okhoro,Egor
EDO,02,09,12,02,09,039,12/02/09/039,OPEN SPACE BY  OMOGIATE STREET OKHORO JUNCTION,Okhoro,Egor
EDO,02,09,12,02,09,040,12/02/09/040,"OPEN SPACE, UNIVERSAL STREET OKHORO ROAD BEHIND TRANSFORMER",Okhoro,Egor
EDO,02,09,12,02,09,041,12/02/09/041,OPEN SPACE BY IKPOBA DAM BY OKHORO POLICE STATION.,Okhoro,Egor
EDO,02,09,12,02,09,042,12/02/09/042,"OKHORO, IKPOBADAM BY POLICE STATION",Okhoro,Egor
EDO,02,09,12,02,09,043,12/02/09/043,"OPEN SPACE, EWEMADE STREET OPP CELESTIAL CHURCH. OKHORO",Okhoro,Egor
EDO,02,09,12,02,09,044,12/02/09/044,OPEN SPACE BY OSARO STREET OFF REDEEMED CHURCH OFF OKHORO ROAD,Okhoro,Egor
EDO,02,09,12,02,09,000,12/02/09/000,12/02/09/000,Okhoro,Egor
EDO,02,10,12,02,10,001,12/02/10/001,"POPEN SPACE, EGBON STREET(T. JUNCTION) (LGA COUNCIL SECT UGBOWO I-I)",Ugbowo,Egor
EDO,02,10,12,02,10,002,12/02/10/002,"POPEN SPACE, EGBON STREET(T. JUNCTION) (LGA COUNCIL SECT UGBOWO I-II)",Ugbowo,Egor
EDO,02,10,12,02,10,003,12/02/10/003,"BENIN TECHNICAL COLLEGE,  UGBOWO I",Ugbowo,Egor
EDO,02,10,12,02,10,004,12/02/10/004,"IYOBA COLLEGE,  UGBOWO I-I",Ugbowo,Egor
EDO,02,10,12,02,10,005,12/02/10/005,"IYOBA COLLEGE,  UGBOWO I-II",Ugbowo,Egor
EDO,02,10,12,02,10,006,12/02/10/006,"IYOBA COLLEGE, UGBOWO I-III",Ugbowo,Egor
EDO,02,10,12,02,10,007,12/02/10/007,"EWEKA GRAM SCH.,  UGBOWO I-I",Ugbowo,Egor
EDO,02,10,12,02,10,008,12/02/10/008,"EWEKA GRAM SCH.,  UGBOWO I-II",Ugbowo,Egor
EDO,02,10,12,02,10,009,12/02/10/009,"UGBOWO PRIMARY SCH.,  UGBOWO II-I",Ugbowo,Egor
EDO,02,10,12,02,10,010,12/02/10/010,"UGBOWO PRIMARY SCH., UGBOWO II-II",Ugbowo,Egor
EDO,02,10,12,02,10,011,12/02/10/011,"UGBOWO PRIMARY SCH.,  UGBOWO II-III",Ugbowo,Egor
EDO,02,10,12,02,10,012,12/02/10/012,"UGBOWO PRIMARY SCH.,  UGBOWO II-IV",Ugbowo,Egor
EDO,02,10,12,02,10,013,12/02/10/013,"ADOLOR COLLEGE,  UGBOWO II-I",Ugbowo,Egor
EDO,02,10,12,02,10,014,12/02/10/014,"ADOLOR COLLEGE,  UGBOWO II-II",Ugbowo,Egor
EDO,02,10,12,02,10,015,12/02/10/015,"ADOLOR COLLEGE,  UGBOWO II-III",Ugbowo,Egor
EDO,02,10,12,02,10,016,12/02/10/016,"ADOLOR COLLEGE, UGBOWO",Ugbowo,Egor
EDO,02,10,12,02,10,017,12/02/10/017,"ADOLOR COLLEGE,  UGBOWO II-IV",Ugbowo,Egor
EDO,02,10,12,02,10,018,12/02/10/018,"OHONRE GRAM SCH. , UGBOWO II-I",Ugbowo,Egor
EDO,02,10,12,02,10,019,12/02/10/019,"OHONRE GRAM SCH. , UGBOWO II-II",Ugbowo,Egor
EDO,02,10,12,02,10,020,12/02/10/020,"B.D.P.A.,  UGBOWO II-I",Ugbowo,Egor
EDO,02,10,12,02,10,021,12/02/10/021,"B.D.P.A. , UGBOWO II-II",Ugbowo,Egor
EDO,02,10,12,02,10,022,12/02/10/022,"UBTH POLICE POST,  UGBOWO II-I",Ugbowo,Egor
EDO,02,10,12,02,10,023,12/02/10/023,"UBTH POLICE POST,  UGBOWO II-II",Ugbowo,Egor
EDO,02,10,12,02,10,024,12/02/10/024,"OPEN SPACE - T. JUNCTION BY OZAKPOLOR STREET, OPPOSITE OKAN STREET, UGBOWO",Ugbowo,Egor
EDO,02,10,12,02,10,025,12/02/10/025,OPEN SPACE - ADA STREET JUNCTION ALONG EDO STREET OFF TECHNICAL ROAD UGBOWO,Ugbowo,Egor
EDO,02,10,12,02,10,026,12/02/10/026,OPEN SPACE - ST. PATRICK CATHOLIC CHURCH BY UGBOWO ROAD I,Ugbowo,Egor
EDO,02,10,12,02,10,027,12/02/10/027,OPEN SPACE - T. JUNCTION BY OMOROGBE STREET OFF EGBON STREET UGBOWO,Ugbowo,Egor
EDO,02,10,12,02,10,028,12/02/10/028,"OPEN SPACE - 4.JUNCTION BY ABURIME STREET, ALONG NOVA ROAD UGBOWO",Ugbowo,Egor
EDO,02,10,12,02,10,029,12/02/10/029,OPEN SPACE - QUALITY ROAD JUNCTION ALONG TECHNICAL ROAD UGBOWO,Ugbowo,Egor
EDO,02,10,12,02,10,030,12/02/10/030,OPEN SPACE - ANISO JUNCTION ALONG TECHNICAL SCHOOL ROAD,Ugbowo,Egor
EDO,02,10,12,02,10,031,12/02/10/031,OPEN SPACE - HOLY ROSARY CATHOLIC CHURCH JUNCTION ALONG TECHNICAL SCHOOL ROAD,Ugbowo,Egor
EDO,02,10,12,02,10,032,12/02/10/032,OBA EWUARE PRIMARY SCHOOL UGBOWO,Ugbowo,Egor
EDO,02,10,12,02,10,033,12/02/10/033,OPEN SPACE - ERUGIE STREET JUNCTION ALONG TECHNICAL ROAD UGBOWO,Ugbowo,Egor
EDO,02,10,12,02,10,034,12/02/10/034,OPEN SPACE - TECHNICAL JUNCTION ALONG UGBOWO ROAD,Ugbowo,Egor
EDO,02,10,12,02,10,035,12/02/10/035,"OPEN SPACE - FRONT OF ULTIMATE SCHOOL BY TECHNICAL ROAD, UGBOWO",Ugbowo,Egor
EDO,02,10,12,02,10,036,12/02/10/036,OPEN SPACE - UWASOTA JUNCTION BY UGBOWO ROAD UGBOWO,Ugbowo,Egor
EDO,02,10,12,02,10,037,12/02/10/037,OPEN SPACE - EREDIAUWA CLOSE JUNCTION BY ENINA GROUP OF SCHOOL ALONG UWASOTA ROAD UGBOWO,Ugbowo,Egor
EDO,02,10,12,02,10,038,12/02/10/038,OPEN SPACE - BY AGUEBOR/OSAGIENOMA STREET (T JUNCTION) OFF UWASOTA,Ugbowo,Egor
EDO,02,10,12,02,10,039,12/02/10/039,OPEN SPACE - EAGLE FURNITURE JUNCTION ALONG UWASOTA ROAD UGBOWO,Ugbowo,Egor
EDO,02,10,12,02,10,040,12/02/10/040,OPEN SPACE - IMUENTIYAN STREET JUNCTION BY TRANSFORMER ALONG UWASOTA UGBOWO,Ugbowo,Egor
EDO,02,10,12,02,10,041,12/02/10/041,OPEN SPACE - FRONT OF ST. AUGUSTINE MEDICAL CENTRE BY UWASOTA ROAD UGBOWO,Ugbowo,Egor
EDO,02,10,12,02,10,042,12/02/10/042,OPEN SPACE - REDEEM CHURCH BY AGHO STREET OFF EYEYE STREET UGBOWO,Ugbowo,Egor
EDO,02,10,12,02,10,043,12/02/10/043,OPEN SPACE - UBINI/AHAUWA STREET (T.JUNCTION) BY UWASOTA,Ugbowo,Egor
EDO,02,10,12,02,10,044,12/02/10/044,OPEN SPACE - OKAO STREET JUNCTION ALONG EYEYE STREET UGBOWO,Ugbowo,Egor
EDO,02,10,12,02,10,045,12/02/10/045,OPEN SPACE - OGBEIDE STREET JUNCTION OFF IGHOMO UWASOTA/UGBOWO,Ugbowo,Egor
EDO,02,10,12,02,10,046,12/02/10/046,OPEN SPACE - EHIOROGIE/OGBEVOEN JUNCTION BY CHURCH OF GOD MISSION ADOLOR AREA UGBOWO,Ugbowo,Egor
EDO,02,10,12,02,10,047,12/02/10/047,"OPEN SPACE BY OHENHEN STREET, UGBOWO",Ugbowo,Egor
EDO,02,10,12,02,10,048,12/02/10/048,"OPEN SPACE - EMMA OSAGIE/OMORUYI STREET (T.JUNCTION) OFF OHENHEN STREET OFF AHUNWAN, UGBOWO",Ugbowo,Egor
EDO,02,10,12,02,10,049,12/02/10/049,"OPEN SPACE - ADOLOR MARKET,OPP ODOLOR COLLEGE.",Ugbowo,Egor
EDO,02,10,12,02,10,050,12/02/10/050,"OPEN SPACE BY THE ARK HILLTOP ACADEMY  OPP MOYE STR., OFF ODOLOR RD, UGBOWO",Ugbowo,Egor
EDO,02,10,12,02,10,051,12/02/10/051,OPEN SPACE BY 2ND OTAKHOIGBONGIE STR JUNCTION,Ugbowo,Egor
EDO,02,10,12,02,10,052,12/02/10/052,OPEN SPACE - AHUNWAN JUNCTION ALONG ADOLOR ROAD UGBOWO I,Ugbowo,Egor
EDO,02,10,12,02,10,053,12/02/10/053,OPEN SPACE - BEN OKORO STREET JUNCTION BY LUCKY STREET OFF ADOLOR UGBOWO,Ugbowo,Egor
EDO,02,10,12,02,10,054,12/02/10/054,"OPEN SPACE  BY JEHOVAH WITNESS JUNCTION, ADOLOR RD,UGBOWO",Ugbowo,Egor
EDO,02,10,12,02,10,055,12/02/10/055,"OPEN SPACE - BLOSSOM BLOOMING GIFTED SCHOOLS OPP. LUCKY STR, OFF UGBOWO RD",Ugbowo,Egor
EDO,02,10,12,02,10,056,12/02/10/056,OPEN SPACE - IGHOMO/AIHIE JUNCTION ALONG AHUNWAN UGBOWO I,Ugbowo,Egor
EDO,02,10,12,02,10,057,12/02/10/057,"OPEN SPACE BY COVENANT LIFE BAPTIST CHURCH, UGBOWO",Ugbowo,Egor
EDO,02,10,12,02,10,058,12/02/10/058,OPEN SPACE - FRONT OF THE CHURCH OF JESUS CHRIST,Ugbowo,Egor
EDO,02,10,12,02,10,059,12/02/10/059,OPEN SPACE - IGBINOMWANYA STREET JUNCTION BY POWER LINE OHONRE VILLAGE,Ugbowo,Egor
EDO,02,10,12,02,10,060,12/02/10/060,OPEN SPACE - VOICE OF LIFE GOSPEL MISSION ALONG POWER LINE OHONRE,Ugbowo,Egor
EDO,02,10,12,02,10,061,12/02/10/061,OPEN SPACE - FELIX AGBONIFO STREET JUNCTION ALONG ESTATE ROAD BDPA UGBOWO,Ugbowo,Egor
EDO,02,10,12,02,10,062,12/02/10/062,OPEN SPACE - ELEVENTH (11TH)STREET JUNCTION BDPA UGBOWO,Ugbowo,Egor
EDO,02,10,12,02,10,063,12/02/10/063,B.D.P.A POLICE POST UGBOWO I,Ugbowo,Egor
EDO,02,10,12,02,10,064,12/02/10/064,OPEN SPACE - ESTATE JUNCTION OPPOSITE DOCTORS' HOUSE UGBOWO,Ugbowo,Egor
EDO,02,10,12,02,10,065,12/02/10/065,"OPEN SPACE - T. JUNCTION BY JONATHAN AKPOBURE STREET, OPPOSITE ESTATE ROAD B.D.P.A",Ugbowo,Egor
EDO,02,10,12,02,10,066,12/02/10/066,NIGERIA SECURITY AND CIVIL DEFENCE CORPS,Ugbowo,Egor
EDO,02,10,12,02,10,067,12/02/10/067,OPEN SPACE - AIKHIDELOR OMAGE  LINK JUNCTION BY FEDERAL ROAD UGBOWO,Ugbowo,Egor
EDO,02,10,12,02,10,068,12/02/10/068,OPEN SPACE - FRONT OF FOURSQUARE GOSPEL CHURCH BY FEDERAL ROAD UGBOWO,Ugbowo,Egor
EDO,02,10,12,02,10,069,12/02/10/069,U.B.T.H WATER BOARD BY FEDERAL GIRLS ROAD UGBOWO,Ugbowo,Egor
EDO,02,10,12,02,10,070,12/02/10/070,OPEN SPACE - BACK GATE BY UBTH UGBOWO,Ugbowo,Egor
EDO,02,10,12,02,10,071,12/02/10/071,OPEN SPACE - OSASOGIE JUNCTION UGBOWO,Ugbowo,Egor
EDO,02,10,12,02,10,072,12/02/10/072,OPEN SPACE - KEKE PARK BY FEDERAL GIRLS ROAD JUNCTION UGBOWO,Ugbowo,Egor
EDO,02,10,12,02,10,073,12/02/10/073,OPEN SPACE - UGBOWO MOTOR PACK UGBOWO,Ugbowo,Egor
EDO,02,10,12,02,10,074,12/02/10/074,OPEN FIELD -  OPPOSITE U.B.T.H POLICE POST UGBOWO I,Ugbowo,Egor
EDO,02,10,12,02,10,075,12/02/10/075,OPEN SPACE - LUCKY STREET JUNCTION BESIDE CONOIL PETROL STATION UGBOWO,Ugbowo,Egor
EDO,02,10,12,02,10,000,12/02/10/000,12/02/10/000,Ugbowo,Egor
EDO,03,01,12,03,01,001,12/03/01/001,"IBORE PRIMARY SCHOOL , IBORE-I",Uneah,Esan Central
EDO,03,01,12,03,01,002,12/03/01/002,"IBORE PRIMARY SCHOOL , IBORE-II",Uneah,Esan Central
EDO,03,01,12,03,01,003,12/03/01/003,"IBORE PRIMARY SCHOOL , IBORE-III",Uneah,Esan Central
EDO,03,01,12,03,01,004,12/03/01/004,"IBORE PRIMARY SCHOOL,  IBORE-IV",Uneah,Esan Central
EDO,03,01,12,03,01,005,12/03/01/005,"UGBALO PRIMARY SCHOOL,  UGBALO",Uneah,Esan Central
EDO,03,01,12,03,01,006,12/03/01/006,"ATUAGBO PRIMARY SCHOOL,  ATUAGBO",Uneah,Esan Central
EDO,03,01,12,03,01,007,12/03/01/007,"ASSEMBLIES OF GOD MISS SCH.,  ATUAGBO I",Uneah,Esan Central
EDO,03,01,12,03,01,008,12/03/01/008,"ASSEMBLIES OF GOD MISS SCH. , ATUAGBO II",Uneah,Esan Central
EDO,03,01,12,03,01,009,12/03/01/009,OKHOROMI VILL. SQUARE/EKO-GUANLAN,Uneah,Esan Central
EDO,03,01,12,03,01,010,12/03/01/010,EKILOR PRIMARY SCHOOL/EKILOR,Uneah,Esan Central
EDO,03,01,12,03,01,011,12/03/01/011,WATER BOARD IKEKHALIA IBORE,Uneah,Esan Central
EDO,03,01,12,03,01,012,12/03/01/012,OPEN SPACE- IBORE TOWN HALL,Uneah,Esan Central
EDO,03,01,12,03,01,000,12/03/01/000,12/03/01/000,Uneah,Esan Central
EDO,03,02,12,03,02,001,12/03/02/001,UDOMI PRIMARY SCHOOL/UDOMI- I,Uwessan I,Esan Central
EDO,03,02,12,03,02,002,12/03/02/002,UDOMI PRIMARY SCHOOL/UDOMI- II,Uwessan I,Esan Central
EDO,03,02,12,03,02,003,12/03/02/003,UDOMI PRIMARY SCHOOL/UDOMI-III,Uwessan I,Esan Central
EDO,03,02,12,03,02,004,12/03/02/004,UNOGBO PRIMARY SCHOOL/UNOGBO`,Uwessan I,Esan Central
EDO,03,02,12,03,02,005,12/03/02/005,UJABHOLE PRIMARY SCHOOL/UJABHOLE I,Uwessan I,Esan Central
EDO,03,02,12,03,02,006,12/03/02/006,UJABHOLE PRIMARY SCHOOL/UJABHOLE II,Uwessan I,Esan Central
EDO,03,02,12,03,02,007,12/03/02/007,UJABHOLE PRIMARY SCHOOL/UJABHOLE III,Uwessan I,Esan Central
EDO,03,02,12,03,02,008,12/03/02/008,UJABHOLE PRIMARY SCHOOL/UJABHOLE IV,Uwessan I,Esan Central
EDO,03,02,12,03,02,009,12/03/02/009,AFUDA PRIMARY SCHOOL/UJABHOLE I,Uwessan I,Esan Central
EDO,03,02,12,03,02,010,12/03/02/010,AFUDA PRIMARY SCHOOL/UJABHOLE II,Uwessan I,Esan Central
EDO,03,02,12,03,02,000,12/03/02/000,12/03/02/000,Uwessan I,Esan Central
EDO,03,03,12,03,03,001,12/03/03/001,IDUMOZA PRIMARY SCHOOL/IDUMOZA I,Uwessan Ii,Esan Central
EDO,03,03,12,03,03,002,12/03/03/002,IDUMOZA PRIMARY SCHOOL/IDUMOZA II,Uwessan Ii,Esan Central
EDO,03,03,12,03,03,003,12/03/03/003,UWESSAN PRIMARY SCHOOL/UWESSAN I,Uwessan Ii,Esan Central
EDO,03,03,12,03,03,004,12/03/03/004,UWESSAN PRIMARY SCHOOL/UWESSAN II,Uwessan Ii,Esan Central
EDO,03,03,12,03,03,005,12/03/03/005,IDUMOGHODOR TOWN HALL/UWESSAN III,Uwessan Ii,Esan Central
EDO,03,03,12,03,03,006,12/03/03/006,OHE PRIMARY SCHOOL/OHE I,Uwessan Ii,Esan Central
EDO,03,03,12,03,03,007,12/03/03/007,OHE PRIMARY SCHOOL/OHE II,Uwessan Ii,Esan Central
EDO,03,03,12,03,03,000,12/03/03/000,12/03/03/000,Uwessan Ii,Esan Central
EDO,03,04,12,03,04,001,12/03/04/001,EKO-IYOBHEBHE PRY SCHOOL/EKO-IYOBHEBHE,Ikekato,Esan Central
EDO,03,04,12,03,04,002,12/03/04/002,AGWA PRY. SCHOOL/AGWA,Ikekato,Esan Central
EDO,03,04,12,03,04,003,12/03/04/003,UDOWO PRIMARY SCHOOL/UDOWO I,Ikekato,Esan Central
EDO,03,04,12,03,04,004,12/03/04/004,UDOWO PRIMARY SCHOOL/UDOWO II,Ikekato,Esan Central
EDO,03,04,12,03,04,005,12/03/04/005,IDINEGBON PRY. SCH./IDINEGBON I,Ikekato,Esan Central
EDO,03,04,12,03,04,006,12/03/04/006,IDINEGBON PRY. SCH./IDINEGBON II,Ikekato,Esan Central
EDO,03,04,12,03,04,007,12/03/04/007,IKEKATO SEC. SCHOOL/IKEKATO,Ikekato,Esan Central
EDO,03,04,12,03,04,008,12/03/04/008,UGBOKHARE PRIMARY SCHOOL/UGBOKHARE I,Ikekato,Esan Central
EDO,03,04,12,03,04,009,12/03/04/009,UGBOKHARE PRIMARY SCHOOL/UGBOKHARE II,Ikekato,Esan Central
EDO,03,04,12,03,04,010,12/03/04/010,"TOWN HALL, EDENU, IKEKATO",Ikekato,Esan Central
EDO,03,04,12,03,04,011,12/03/04/011,"AGWA TOWN HALL, AGWA",Ikekato,Esan Central
EDO,03,04,12,03,04,000,12/03/04/000,12/03/04/000,Ikekato,Esan Central
EDO,03,05,12,03,05,001,12/03/05/001,AKHO PRY. SCHOL/AKHO I,Otoruwo I,Esan Central
EDO,03,05,12,03,05,002,12/03/05/002,AKHO PRY. SCHOL/AKHO II,Otoruwo I,Esan Central
EDO,03,05,12,03,05,003,12/03/05/003,EGUARE PRI. SCHOOL/EGUARE I,Otoruwo I,Esan Central
EDO,03,05,12,03,05,004,12/03/05/004,EGUARE PRI. SCHOOL/EGUARE II,Otoruwo I,Esan Central
EDO,03,05,12,03,05,005,12/03/05/005,EGUARE PRI. SCHOOL/EGUARE III,Otoruwo I,Esan Central
EDO,03,05,12,03,05,006,12/03/05/006,USENU PRY. SCHOOL/USENU,Otoruwo I,Esan Central
EDO,03,05,12,03,05,007,12/03/05/007,IDIDIGBA PRY. SCHOOL/IDIDIGBA I,Otoruwo I,Esan Central
EDO,03,05,12,03,05,008,12/03/05/008,IDIDIGBA PRY. SCHOOL/IDIDIGBA II,Otoruwo I,Esan Central
EDO,03,05,12,03,05,009,12/03/05/009,OPEN SPACE MOMODU ROAD BY AGWA JUNCTION,Otoruwo I,Esan Central
EDO,03,05,12,03,05,010,12/03/05/010,ANNUNCIATION CATHOLIC COLLEGE IRRUA,Otoruwo I,Esan Central
EDO,03,05,12,03,05,011,12/03/05/011,OPEN SPACE-IRRUA MARKET BY MOMODU ROAD,Otoruwo I,Esan Central
EDO,03,05,12,03,05,012,12/03/05/012,OPEN SPACE - IRRUA MARKET BY ABDUMALIKI STREET,Otoruwo I,Esan Central
EDO,03,05,12,03,05,013,12/03/05/013,MODEL PRIMARY HEALTH CENTER IRRUA,Otoruwo I,Esan Central
EDO,03,05,12,03,05,014,12/03/05/014,IRRUA POST OFFICE,Otoruwo I,Esan Central
EDO,03,05,12,03,05,015,12/03/05/015,"USENU COMMUNITY HALL,USENU",Otoruwo I,Esan Central
EDO,03,05,12,03,05,000,12/03/05/000,12/03/05/000,Otoruwo I,Esan Central
EDO,03,06,12,03,06,001,12/03/06/001,USUGBENU PRY. SCHOOL/USUGBENU I,Otoruwo Ii,Esan Central
EDO,03,06,12,03,06,002,12/03/06/002,USUGBENU PRY. SCHOOL/USUGBENU II,Otoruwo Ii,Esan Central
EDO,03,06,12,03,06,003,12/03/06/003,USUGBENU PRY. SCHOOL/USUGBENU III,Otoruwo Ii,Esan Central
EDO,03,06,12,03,06,004,12/03/06/004,IRRUA GIRLS' SEC. SCH./IRRUA,Otoruwo Ii,Esan Central
EDO,03,06,12,03,06,005,12/03/06/005,IDUMEBO PRY. SCH./IDUMEBO I,Otoruwo Ii,Esan Central
EDO,03,06,12,03,06,006,12/03/06/006,IDUMEBO PRY. SCH./IDUMEBO II,Otoruwo Ii,Esan Central
EDO,03,06,12,03,06,007,12/03/06/007,UWENUJIE PRY SCHOOL/UWENUJIE,Otoruwo Ii,Esan Central
EDO,03,06,12,03,06,008,12/03/06/008,IDUMABI SQUARE/ IDUMABI,Otoruwo Ii,Esan Central
EDO,03,06,12,03,06,009,12/03/06/009,"OKOUGHELE NODION, IRRUA",Otoruwo Ii,Esan Central
EDO,03,06,12,03,06,010,12/03/06/010,OPEN SPACE - IRRUA SPECIALIST HOSPITAL,Otoruwo Ii,Esan Central
EDO,03,06,12,03,06,011,12/03/06/011,"OPEN SPACE BY ASSEMBLIES OF GOD IKEKIALA USUGBENU, IRRUA",Otoruwo Ii,Esan Central
EDO,03,06,12,03,06,012,12/03/06/012,OPEN SPACE EIGBE STREET JUNCTION OFF IDUMUABOKHAE QTRS,Otoruwo Ii,Esan Central
EDO,03,06,12,03,06,013,12/03/06/013,"OPEN SPACE IN FRONT OF MUDIAME UNIVERSITY, IRRUA",Otoruwo Ii,Esan Central
EDO,03,06,12,03,06,000,12/03/06/000,12/03/06/000,Otoruwo Ii,Esan Central
EDO,03,07,12,03,07,001,12/03/07/001,UZOGHOLO PRY. SCH./UZOGHOLO I,Ewu I,Esan Central
EDO,03,07,12,03,07,002,12/03/07/002,UZOGHOLO PRY. SCH./UZOGHOLO II,Ewu I,Esan Central
EDO,03,07,12,03,07,003,12/03/07/003,UZOGHOLO PRY. SCH./UZOGHOLO  III,Ewu I,Esan Central
EDO,03,07,12,03,07,004,12/03/07/004,EHANLEN PRY. SCH./EHANLEN I,Ewu I,Esan Central
EDO,03,07,12,03,07,005,12/03/07/005,EHANLEN PRY. SCH./EHANLEN II,Ewu I,Esan Central
EDO,03,07,12,03,07,006,12/03/07/006,EHANLEN PRY. SCH./EHANLEN  III,Ewu I,Esan Central
EDO,03,07,12,03,07,007,12/03/07/007,EGBOR CAMP/EGBOR,Ewu I,Esan Central
EDO,03,07,12,03,07,008,12/03/07/008,EKO PRY. SCHOOL/EKO,Ewu I,Esan Central
EDO,03,07,12,03,07,009,12/03/07/009,"OPEN SPACE- SMALL MARKET EHANLEN, EWU I",Ewu I,Esan Central
EDO,03,07,12,03,07,010,12/03/07/010,"OPEN SPACE - PAX EWU RETREAT CENTRE, EWU",Ewu I,Esan Central
EDO,03,07,12,03,07,011,12/03/07/011,EWU GRAMMAR SCHOOL EWU,Ewu I,Esan Central
EDO,03,07,12,03,07,000,12/03/07/000,12/03/07/000,Ewu I,Esan Central
EDO,03,08,12,03,08,001,12/03/08/001,IDUNWELE PRY. SCH./IDUNWELE   I,Ewu Ii,Esan Central
EDO,03,08,12,03,08,002,12/03/08/002,IDUNWELE PRY. SCH./IDUNWELE   II,Ewu Ii,Esan Central
EDO,03,08,12,03,08,003,12/03/08/003,IDUNWELE PRY. SCH./IDUNWELE   III,Ewu Ii,Esan Central
EDO,03,08,12,03,08,004,12/03/08/004,IDUNWELE TOWN HALL/ PRY. SCH./IDUNWELE,Ewu Ii,Esan Central
EDO,03,08,12,03,08,005,12/03/08/005,IDUNWELE TOWN HALL/ IDUNWELE,Ewu Ii,Esan Central
EDO,03,08,12,03,08,006,12/03/08/006,OGHODOGBOR CAMP/OGHODOGBOR,Ewu Ii,Esan Central
EDO,03,08,12,03,08,007,12/03/08/007,IHENWEN TOWN HALL/IHENWEN,Ewu Ii,Esan Central
EDO,03,08,12,03,08,008,12/03/08/008,UKHIODO PRY SCH./UKHIODO,Ewu Ii,Esan Central
EDO,03,08,12,03,08,009,12/03/08/009,EGUARE PRY. SCH./EGUARE I,Ewu Ii,Esan Central
EDO,03,08,12,03,08,010,12/03/08/010,OPEN SPACE - IDUNWELE ELDERS' COUNCIL HALL,Ewu Ii,Esan Central
EDO,03,08,12,03,08,011,12/03/08/011,"OPEN SPACE BESIDE ST. THOMAS CATHOLIC CHURCH,IDUNWELE EWU",Ewu Ii,Esan Central
EDO,03,08,12,03,08,000,12/03/08/000,12/03/08/000,Ewu Ii,Esan Central
EDO,03,09,12,03,09,001,12/03/09/001,"EGUARE, PRY. SCH./EGUARE II",Opoji,Esan Central
EDO,03,09,12,03,09,002,12/03/09/002,EUARE GRAMMAR SCH./OPOJI,Opoji,Esan Central
EDO,03,09,12,03,09,003,12/03/09/003,IKI PRY. SCH./IKI- I,Opoji,Esan Central
EDO,03,09,12,03,09,004,12/03/09/004,IKI PRY. SCH./IKI- II,Opoji,Esan Central
EDO,03,09,12,03,09,005,12/03/09/005,OGHAGBO PRY. SCHOOL/OGHAGBO I,Opoji,Esan Central
EDO,03,09,12,03,09,006,12/03/09/006,OGHAGBO PRY. SCHOOL/OGHAGBO II,Opoji,Esan Central
EDO,03,09,12,03,09,007,12/03/09/007,OKHORE PRY. SCH./OKHORE,Opoji,Esan Central
EDO,03,09,12,03,09,008,12/03/09/008,IKIENWANLEN PRY SCH./IKIEWANLEN,Opoji,Esan Central
EDO,03,09,12,03,09,009,12/03/09/009,UJOSANLEN PRY SCH. /UJOSANLEN,Opoji,Esan Central
EDO,03,09,12,03,09,010,12/03/09/010,"OPOJI SECONDARY SCHOOL,OKHORE,OPOJI",Opoji,Esan Central
EDO,03,09,12,03,09,011,12/03/09/011,"IKIEWALEN TOWN HALL, OPOJI",Opoji,Esan Central
EDO,03,09,12,03,09,000,12/03/09/000,12/03/09/000,Opoji,Esan Central
EDO,03,10,12,03,10,001,12/03/10/001,EGUARE PRY. SCHOOL/EGUARE I,Ugbegun,Esan Central
EDO,03,10,12,03,10,002,12/03/10/002,EGUARE PRY. SCHOOL/EGUARE II,Ugbegun,Esan Central
EDO,03,10,12,03,10,003,12/03/10/003,EGUARE PRY. SCHOOL/EGUARE III,Ugbegun,Esan Central
EDO,03,10,12,03,10,004,12/03/10/004,IKEKOGBE PRY. SCHOOL/IKEKOGBE,Ugbegun,Esan Central
EDO,03,10,12,03,10,005,12/03/10/005,UKPUGHELE PRY. SCH/ UKPUGHELE,Ugbegun,Esan Central
EDO,03,10,12,03,10,006,12/03/10/006,UMENLEN PRY. SCH./UMENLEN EHOH EHONOR AND ENVIRONS,Ugbegun,Esan Central
EDO,03,10,12,03,10,007,12/03/10/007,UMENLEN PRY. SCH./UMENLEN IDUMU-IYO AND ENVIRONS,Ugbegun,Esan Central
EDO,03,10,12,03,10,008,12/03/10/008,FORMER L.A. PRY. SCH. IDUMU-IYALA AND ENVIRONS,Ugbegun,Esan Central
EDO,03,10,12,03,10,009,12/03/10/009,"ADULT SCHOOL, IDUMU-UGHULU, ODOGHE, IDUMU-OLI AND ENVIRONS",Ugbegun,Esan Central
EDO,03,10,12,03,10,010,12/03/10/010,EBUDIN PRY. SCH./EBUDIN I,Ugbegun,Esan Central
EDO,03,10,12,03,10,011,12/03/10/011,EBUDIN PRY. SCH./EBUDIN II,Ugbegun,Esan Central
EDO,03,10,12,03,10,012,12/03/10/012,EBUDIN PRY. SCH./IGUIZI,Ugbegun,Esan Central
EDO,03,10,12,03,10,013,12/03/10/013,HEALTH CENTER UGBEGUN,Ugbegun,Esan Central
EDO,03,10,12,03,10,014,12/03/10/014,EBUDIN GRAMMAR SCHOOL,Ugbegun,Esan Central
EDO,03,10,12,03,10,015,12/03/10/015,EBUDIN HEALTH CENTRE,Ugbegun,Esan Central
EDO,03,10,12,03,10,016,12/03/10/016,"ODOGBE PRIMARY SCHOOL, ODOGBE",Ugbegun,Esan Central
EDO,03,10,12,03,10,000,12/03/10/000,12/03/10/000,Ugbegun,Esan Central
EDO,04,01,12,04,01,001,12/04/01/001,UROMI- EGBELE PRY SCHOOL I,Egbele,Esan North-East
EDO,04,01,12,04,01,002,12/04/01/002,UROMI-EGBELE  PRIMARY SCHOOL II,Egbele,Esan North-East
EDO,04,01,12,04,01,003,12/04/01/003,UROMI-EGBELE  PRIMARY SCHOOL III,Egbele,Esan North-East
EDO,04,01,12,04,01,004,12/04/01/004,UROMI- AFUDA PRIMARY SCHOOL I,Egbele,Esan North-East
EDO,04,01,12,04,01,005,12/04/01/005,UROMI- AFUDA PRIMARY SCHOOL II,Egbele,Esan North-East
EDO,04,01,12,04,01,006,12/04/01/006,UROMI- AFUDA PRIMARY SCHOOL III,Egbele,Esan North-East
EDO,04,01,12,04,01,007,12/04/01/007,UROMI- UNUWAZI PRIMARY SCHOOL I,Egbele,Esan North-East
EDO,04,01,12,04,01,008,12/04/01/008,UROMI UNUWAZI PRIMARY SCHOOL II,Egbele,Esan North-East
EDO,04,01,12,04,01,009,12/04/01/009,UROMI-UTAKO PRIMARY SCHOOL I,Egbele,Esan North-East
EDO,04,01,12,04,01,010,12/04/01/010,UROMI-UTAKO PRIMARY SCHOOL II,Egbele,Esan North-East
EDO,04,01,12,04,01,011,12/04/01/011,OPEN SPACE BY ORIERE STREET JUNCTION,Egbele,Esan North-East
EDO,04,01,12,04,01,012,12/04/01/012,NATIONAL INSTITUTE OF CONSTRUCTION TECHNOLOGY PRIMARY SCHOOL,Egbele,Esan North-East
EDO,04,01,12,04,01,013,12/04/01/013,NATIONAL INSTITUTE OF CONSTRUCTION TECHNOLOGY,Egbele,Esan North-East
EDO,04,01,12,04,01,014,12/04/01/014,OPEN SPACE BY IDUMU EKHUERE JUNCTION,Egbele,Esan North-East
EDO,04,01,12,04,01,000,12/04/01/000,12/04/01/000,Egbele,Esan North-East
EDO,04,02,12,04,02,001,12/04/02/001,UROMI-OBEIDU PRY SCHOOL I,Obeidu,Esan North-East
EDO,04,02,12,04,02,002,12/04/02/002,UROMI-OBEIDU PRY SCHOOL II,Obeidu,Esan North-East
EDO,04,02,12,04,02,003,12/04/02/003,UROMI-OBEIDU PRY SCHOOL III,Obeidu,Esan North-East
EDO,04,02,12,04,02,004,12/04/02/004,UROMI-OBEIDU PRY SCHOOL IV,Obeidu,Esan North-East
EDO,04,02,12,04,02,005,12/04/02/005,UROMI - OBEIDU PRY SCHOOL V,Obeidu,Esan North-East
EDO,04,02,12,04,02,006,12/04/02/006,UROMI - IVUE PRIMARY SCHOOL I,Obeidu,Esan North-East
EDO,04,02,12,04,02,007,12/04/02/007,UROMI - IVUE PRIMARY SCHOOL II,Obeidu,Esan North-East
EDO,04,02,12,04,02,008,12/04/02/008,UROMI - IVUE PRIMARY SCHOOL III,Obeidu,Esan North-East
EDO,04,02,12,04,02,009,12/04/02/009,UROMI - IVUE PRIMARY SCHOOL IV,Obeidu,Esan North-East
EDO,04,02,12,04,02,010,12/04/02/010,OBEIDU PRIMARY HEALTH CENTER,Obeidu,Esan North-East
EDO,04,02,12,04,02,000,12/04/02/000,12/04/02/000,Obeidu,Esan North-East
EDO,04,03,12,04,03,001,12/04/03/001,UROMI-EROH PRIMARY SCHOOL I,Arue,Esan North-East
EDO,04,03,12,04,03,002,12/04/03/002,UROMI-EROH PRIMARY SCHOOL II,Arue,Esan North-East
EDO,04,03,12,04,03,003,12/04/03/003,UROMI-EROH PRIMARY SCHOOL III,Arue,Esan North-East
EDO,04,03,12,04,03,004,12/04/03/004,UROMI- ARUE PRIMARY SCHOOL I,Arue,Esan North-East
EDO,04,03,12,04,03,005,12/04/03/005,UROMI- ARUE PRIMARY SCHOOL II,Arue,Esan North-East
EDO,04,03,12,04,03,006,12/04/03/006,UROMI- ARUE PRIMARY SCHOOL III,Arue,Esan North-East
EDO,04,03,12,04,03,007,12/04/03/007,UROMI- UZENEMA PRIMARY SCHOOL I,Arue,Esan North-East
EDO,04,03,12,04,03,008,12/04/03/008,UROMI- UZENEMA PRIMARY SCHOOL II,Arue,Esan North-East
EDO,04,03,12,04,03,009,12/04/03/009,UROMI- UZENEMA PRIMARY SCHOOL III,Arue,Esan North-East
EDO,04,03,12,04,03,010,12/04/03/010,UROMI- UZENEMA PRIMARY SCHOOL IV,Arue,Esan North-East
EDO,04,03,12,04,03,011,12/04/03/011,ARUE SECONDARY SCHOOL,Arue,Esan North-East
EDO,04,03,12,04,03,012,12/04/03/012,ARUE MARKET SQUARE,Arue,Esan North-East
EDO,04,03,12,04,03,013,12/04/03/013,"OPEN SPACE BY OKOGBENI JUNCTION, ARUE",Arue,Esan North-East
EDO,04,03,12,04,03,000,12/04/03/000,12/04/03/000,Arue,Esan North-East
EDO,04,04,12,04,04,001,12/04/04/001,UROMI-EGUARE PRIMARY SCHOOL,Uelen/ Okugbe,Esan North-East
EDO,04,04,12,04,04,002,12/04/04/002,UROMI- OKPUJIE PRIMARY SCHOOL I,Uelen/ Okugbe,Esan North-East
EDO,04,04,12,04,04,003,12/04/04/003,UROMI- OKPUJIE PRIMARY SCHOOL II,Uelen/ Okugbe,Esan North-East
EDO,04,04,12,04,04,004,12/04/04/004,UROMI- OKPUJIE PRIMARY SCHOOL III,Uelen/ Okugbe,Esan North-East
EDO,04,04,12,04,04,005,12/04/04/005,UROM- OKPUJIE PRIMARY SCHOOL IV,Uelen/ Okugbe,Esan North-East
EDO,04,04,12,04,04,006,12/04/04/006,UROMI- OKPUJIE PRIMARY SCHOOL V,Uelen/ Okugbe,Esan North-East
EDO,04,04,12,04,04,007,12/04/04/007,UROM- OKPUJIE PRIMARY SCHOOL VI,Uelen/ Okugbe,Esan North-East
EDO,04,04,12,04,04,008,12/04/04/008,UROMI-OPEN SPACE I,Uelen/ Okugbe,Esan North-East
EDO,04,04,12,04,04,009,12/04/04/009,UROMI-OPEN SPACE II,Uelen/ Okugbe,Esan North-East
EDO,04,04,12,04,04,010,12/04/04/010,UROMI-OPEN SPACE III,Uelen/ Okugbe,Esan North-East
EDO,04,04,12,04,04,011,12/04/04/011,UROMI-OPEN SPACE IV,Uelen/ Okugbe,Esan North-East
EDO,04,04,12,04,04,012,12/04/04/012,UROMI-OPEN SPACE V,Uelen/ Okugbe,Esan North-East
EDO,04,04,12,04,04,013,12/04/04/013,UROMI-OPEN SPACE VI,Uelen/ Okugbe,Esan North-East
EDO,04,04,12,04,04,014,12/04/04/014,UROMI TOWN HALL,Uelen/ Okugbe,Esan North-East
EDO,04,04,12,04,04,015,12/04/04/015,AGBA GRAMMAR SCHOOL,Uelen/ Okugbe,Esan North-East
EDO,04,04,12,04,04,016,12/04/04/016,"OPEN SPACE BY BACK OF CATHOLIC CHURCH, OKPUJIE COMMUNITY",Uelen/ Okugbe,Esan North-East
EDO,04,04,12,04,04,017,12/04/04/017,NIPOST OFFICE OPPOSITE CUSTOMARY COURT UROMI,Uelen/ Okugbe,Esan North-East
EDO,04,04,12,04,04,018,12/04/04/018,OPEN SPACE BY UDO STREET JUNCTION,Uelen/ Okugbe,Esan North-East
EDO,04,04,12,04,04,019,12/04/04/019,OPEN SPACE NITEL JUNCTION BESIDE AFUSCO PETROLEUM,Uelen/ Okugbe,Esan North-East
EDO,04,04,12,04,04,020,12/04/04/020,OPEN SPACE BY ODION LANE JUNCTION,Uelen/ Okugbe,Esan North-East
EDO,04,04,12,04,04,021,12/04/04/021,OPEN SPACE BY ACHEBE STREET JUNCTION,Uelen/ Okugbe,Esan North-East
EDO,04,04,12,04,04,022,12/04/04/022,OPEN SPACE BY ADA OKARE JUNCTION,Uelen/ Okugbe,Esan North-East
EDO,04,04,12,04,04,023,12/04/04/023,OPEN SPACE BY OKHELEN - UZEA ROAD JUNCTION,Uelen/ Okugbe,Esan North-East
EDO,04,04,12,04,04,024,12/04/04/024,OJUROMI ULTRA MODERN MARKET,Uelen/ Okugbe,Esan North-East
EDO,04,04,12,04,04,025,12/04/04/025,"NATIONAL OPEN UNIVERSITY  OF NIGERIA,  UROMI",Uelen/ Okugbe,Esan North-East
EDO,04,04,12,04,04,026,12/04/04/026,OPEN SPACE BY TIPPER GARRAGE /HAUSA CATTLE MARKET,Uelen/ Okugbe,Esan North-East
EDO,04,04,12,04,04,027,12/04/04/027,OPEN SPACE ALONG OYOMON ROAD,Uelen/ Okugbe,Esan North-East
EDO,04,04,12,04,04,028,12/04/04/028,OPEN SPACE BY LUGARD STREET JUNCTION,Uelen/ Okugbe,Esan North-East
EDO,04,04,12,04,04,029,12/04/04/029,OPEN SPACE OPPOSITE MARY THE QUEEN,Uelen/ Okugbe,Esan North-East
EDO,04,04,12,04,04,030,12/04/04/030,OPEN SPACE BY CENTRAL ROAD JUNCTION,Uelen/ Okugbe,Esan North-East
EDO,04,04,12,04,04,000,12/04/04/000,12/04/04/000,Uelen/ Okugbe,Esan North-East
EDO,04,05,12,04,05,001,12/04/05/001,UROMI-UROMI GIRL'S PRIMARY SCHOOL I,Idumu-okojie,Esan North-East
EDO,04,05,12,04,05,002,12/04/05/002,UROMI-UROMI GIRL'S PRIMARY SCHOOL II,Idumu-okojie,Esan North-East
EDO,04,05,12,04,05,003,12/04/05/003,UROMI-UROMI GIRL'S PRIMARY SCHOOL III,Idumu-okojie,Esan North-East
EDO,04,05,12,04,05,004,12/04/05/004,UROMI-UROMI GIRL'S PRIMARY SCHOOL IV,Idumu-okojie,Esan North-East
EDO,04,05,12,04,05,005,12/04/05/005,UROMI-(IDUMU-OKOJIE) / UROMI GIRL'S PRIMARY,Idumu-okojie,Esan North-East
EDO,04,05,12,04,05,006,12/04/05/006,UROMI- (UWALOR -OKE  / IGBO) UROMI GIRL'S PRY. SCH. (UWALOR - OKE / IGBO) I,Idumu-okojie,Esan North-East
EDO,04,05,12,04,05,007,12/04/05/007,UROMI-(UWALOR - OKE / IGBO)UROMI GIRL'S PRY. SCH. (UWALOR - OKE / IGBO) II,Idumu-okojie,Esan North-East
EDO,04,05,12,04,05,008,12/04/05/008,UROMI-(EWOYI) UROMI GIRL'S PRIMARY SCH.,Idumu-okojie,Esan North-East
EDO,04,05,12,04,05,009,12/04/05/009,"OPEN SPACE, UROMI MOTOR PARK",Idumu-okojie,Esan North-East
EDO,04,05,12,04,05,010,12/04/05/010,OPEN SPACE BY OKOJIE N'OJIE STREET JUNCTION,Idumu-okojie,Esan North-East
EDO,04,05,12,04,05,011,12/04/05/011,OPEN SPACE GENERAL HOSPITAL ROAD BY CONVENT JUNCTION,Idumu-okojie,Esan North-East
EDO,04,05,12,04,05,012,12/04/05/012,OPEN SPACE BY OBONIYE LANE JUNCTION,Idumu-okojie,Esan North-East
EDO,04,05,12,04,05,013,12/04/05/013,OPEN SPACE IYERE STREET BY AFUDA ROAD JUNCTION,Idumu-okojie,Esan North-East
EDO,04,05,12,04,05,014,12/04/05/014,OPEN SPACE BY UZOYA STREET JUNCTION OFF CONVENT ROAD,Idumu-okojie,Esan North-East
EDO,04,05,12,04,05,000,12/04/05/000,12/04/05/000,Idumu-okojie,Esan North-East
EDO,04,06,12,04,06,001,12/04/06/001,UZEA- IDINEGBON PRIMARY SCHOOL I,Uzea,Esan North-East
EDO,04,06,12,04,06,002,12/04/06/002,UZEA- IDINEGBON PRIMARY SCHOOL II,Uzea,Esan North-East
EDO,04,06,12,04,06,003,12/04/06/003,UZEA-EWOIKI PRIMARY SCHOOL I,Uzea,Esan North-East
EDO,04,06,12,04,06,004,12/04/06/004,UZEA-OLINLIN PRIMAY SCHOOL II,Uzea,Esan North-East
EDO,04,06,12,04,06,005,12/04/06/005,UZEA-OLINLIN PRIMAY SCHOOL III,Uzea,Esan North-East
EDO,04,06,12,04,06,006,12/04/06/006,UZEA-OLINLIN PRIMAY SCHOOL IV,Uzea,Esan North-East
EDO,04,06,12,04,06,007,12/04/06/007,UZEA-OLINLIN PRIMAY SCHOOL V,Uzea,Esan North-East
EDO,04,06,12,04,06,008,12/04/06/008,UZEA-EBULEN PRY SCHOOL,Uzea,Esan North-East
EDO,04,06,12,04,06,009,12/04/06/009,UZEA - COURT HALL (EKO-IGENE),Uzea,Esan North-East
EDO,04,06,12,04,06,010,12/04/06/010,UZEA-UROH PRIMARY SCHOOL I,Uzea,Esan North-East
EDO,04,06,12,04,06,011,12/04/06/011,UZEA-UROH PRIMARY SCHOOL II,Uzea,Esan North-East
EDO,04,06,12,04,06,012,12/04/06/012,UZEA-UROH PRIMARY SCHOOL III,Uzea,Esan North-East
EDO,04,06,12,04,06,013,12/04/06/013,IDINEGBON PRIMARY SCH III,Uzea,Esan North-East
EDO,04,06,12,04,06,014,12/04/06/014,EWOIKI PRIMARY SCHOOL. II,Uzea,Esan North-East
EDO,04,06,12,04,06,015,12/04/06/015,UZEA MODERN MARKET OLINLIN,Uzea,Esan North-East
EDO,04,06,12,04,06,000,12/04/06/000,12/04/06/000,Uzea,Esan North-East
EDO,04,07,12,04,07,001,12/04/07/001,UROMI-ONEWA PRIMARY SCHOOL I,Amedokhian,Esan North-East
EDO,04,07,12,04,07,002,12/04/07/002,UROMI-ONEWA PRIMARY SCHOOL II,Amedokhian,Esan North-East
EDO,04,07,12,04,07,003,12/04/07/003,UROMI-IRUELE PRIMARY SCHOOL,Amedokhian,Esan North-East
EDO,04,07,12,04,07,004,12/04/07/004,UROMI - AWO PRIMARY SCHOOL I,Amedokhian,Esan North-East
EDO,04,07,12,04,07,005,12/04/07/005,UROMI - AWO PRIMARY SCHOOL II,Amedokhian,Esan North-East
EDO,04,07,12,04,07,006,12/04/07/006,UROMI-UKONI PRIMARY SCHOOL I,Amedokhian,Esan North-East
EDO,04,07,12,04,07,007,12/04/07/007,UROMI-UKONI PRIMARY SCHOOL II,Amedokhian,Esan North-East
EDO,04,07,12,04,07,008,12/04/07/008,UROMI-UKONI PRIMARY SCHOOL III,Amedokhian,Esan North-East
EDO,04,07,12,04,07,009,12/04/07/009,UROMI-UKONI PRIMARY SCHOOL IV,Amedokhian,Esan North-East
EDO,04,07,12,04,07,010,12/04/07/010,UROMI- AMEDOKHIAN PRIMARY SCHOOL I,Amedokhian,Esan North-East
EDO,04,07,12,04,07,011,12/04/07/011,UROMI- AMEDOKHIAN PRIMARY SCHOOL II,Amedokhian,Esan North-East
EDO,04,07,12,04,07,012,12/04/07/012,UROMI- AMEDOKHIAN PRIMARY SCHOOL III,Amedokhian,Esan North-East
EDO,04,07,12,04,07,013,12/04/07/013,UROMI- AMEDOKHIAN PRIMARY SCHOOL IV,Amedokhian,Esan North-East
EDO,04,07,12,04,07,014,12/04/07/014,UROMI-IKEKEN PRIMARY SCHOOL,Amedokhian,Esan North-East
EDO,04,07,12,04,07,015,12/04/07/015,OPEN SPACE IN FRONT OF IRUELE OKO-UGHELE HALL,Amedokhian,Esan North-East
EDO,04,07,12,04,07,016,12/04/07/016,IMIOMUZA MARKET AWO,Amedokhian,Esan North-East
EDO,04,07,12,04,07,017,12/04/07/017,OPEN SPACE BY IDUMU ISOKE COMMUNITY JUNCTION,Amedokhian,Esan North-East
EDO,04,07,12,04,07,018,12/04/07/018,OPEN SPACE BY IDUMHIN-IHAMA QUARTER JUNCTION,Amedokhian,Esan North-East
EDO,04,07,12,04,07,019,12/04/07/019,AMEDOKHIAN MARKET I,Amedokhian,Esan North-East
EDO,04,07,12,04,07,020,12/04/07/020,OPEN SPACE BY OKHEN JUNCTION,Amedokhian,Esan North-East
EDO,04,07,12,04,07,021,12/04/07/021,OPEN SPACE BY IDUMU-ESOGBAN JUNCTION,Amedokhian,Esan North-East
EDO,04,07,12,04,07,000,12/04/07/000,12/04/07/000,Amedokhian,Esan North-East
EDO,04,08,12,04,08,001,12/04/08/001,IDUMU ONIHA PRIMARY SCHOOL,Efandion,Esan North-East
EDO,04,08,12,04,08,002,12/04/08/002,EFANDION - ID. AGUE PRIMARY SCHOOL I,Efandion,Esan North-East
EDO,04,08,12,04,08,003,12/04/08/003,EFANDION - ID. AGUE PRIMARY SCHOOL II,Efandion,Esan North-East
EDO,04,08,12,04,08,004,12/04/08/004,EFANDION-ID OBODO PRIMARY SCHOOL I,Efandion,Esan North-East
EDO,04,08,12,04,08,005,12/04/08/005,EFANDION-ID OBODO PRIMARY SCHOOL II,Efandion,Esan North-East
EDO,04,08,12,04,08,006,12/04/08/006,EFANDION-ATANI PRIMARY SCHOOL,Efandion,Esan North-East
EDO,04,08,12,04,08,007,12/04/08/007,OPEN SPACE BY THE TRANSFORMER IDUMU-ONIHA,Efandion,Esan North-East
EDO,04,08,12,04,08,008,12/04/08/008,IDUMU-AGUE TOWN HALL,Efandion,Esan North-East
EDO,04,08,12,04,08,009,12/04/08/009,EKODIN TOWN HALL IDUMU- OBODO,Efandion,Esan North-East
EDO,04,08,12,04,08,010,12/04/08/010,EFANDION MARKET,Efandion,Esan North-East
EDO,04,08,12,04,08,011,12/04/08/011,OPEN SPACE BY IDUMU-OBODO STREET JUNCTION,Efandion,Esan North-East
EDO,04,08,12,04,08,012,12/04/08/012,EFANDION PRIMARY SCHOOL,Efandion,Esan North-East
EDO,04,08,12,04,08,013,12/04/08/013,UZEGUA COMMUNITY HALL,Efandion,Esan North-East
EDO,04,08,12,04,08,014,12/04/08/014,OPEN SPACE BY EPAMA STREET JUNCTION,Efandion,Esan North-East
EDO,04,08,12,04,08,015,12/04/08/015,OPEN SPACE BY COCONUT JUNCTION EFANDION,Efandion,Esan North-East
EDO,04,08,12,04,08,016,12/04/08/016,OKOGHE TOWN HALL ATANI EFANDION,Efandion,Esan North-East
EDO,04,08,12,04,08,000,12/04/08/000,12/04/08/000,Efandion,Esan North-East
EDO,04,09,12,04,09,001,12/04/09/001,UWALOR-UWALOR PRIMARY SCHOOL I,Uwalor,Esan North-East
EDO,04,09,12,04,09,002,12/04/09/002,UWALOR-UWALOR PRIMARY SCHOOL II,Uwalor,Esan North-East
EDO,04,09,12,04,09,003,12/04/09/003,UWALOR-ID EGBIREMONLEN PRIMARY SCHOOL I,Uwalor,Esan North-East
EDO,04,09,12,04,09,004,12/04/09/004,UWALOR-ID EGBIREMONLEN PRIMARY SCHOOL II,Uwalor,Esan North-East
EDO,04,09,12,04,09,005,12/04/09/005,UWALOR- EWOYI PRIAMARY SCHOOL I,Uwalor,Esan North-East
EDO,04,09,12,04,09,006,12/04/09/006,UWALOR- EWOYI PRIAMARY SCHOOL II,Uwalor,Esan North-East
EDO,04,09,12,04,09,007,12/04/09/007,EWOYI COMMUNITY HALL,Uwalor,Esan North-East
EDO,04,09,12,04,09,008,12/04/09/008,UKPEKO IMIOKOLO PRIMARY SCHOOL EBHOIYI,Uwalor,Esan North-East
EDO,04,09,12,04,09,009,12/04/09/009,EKO - OMONUA PRIMARY SCHOOL,Uwalor,Esan North-East
EDO,04,09,12,04,09,010,12/04/09/010,UWALOR - OKE MODERN MARKET,Uwalor,Esan North-East
EDO,04,09,12,04,09,011,12/04/09/011,OPEN SPACE BY ANGLICAN CHURCH EKO OMONUA COMMUNITY,Uwalor,Esan North-East
EDO,04,09,12,04,09,000,12/04/09/000,12/04/09/000,Uwalor,Esan North-East
EDO,04,10,12,04,10,001,12/04/10/001,EWOYI - EWOYI PRIMARY SCHOOL UROMI -I,Ewoyi,Esan North-East
EDO,04,10,12,04,10,002,12/04/10/002,EWOYI - EWOYI PRIMARY SCHOOL II,Ewoyi,Esan North-East
EDO,04,10,12,04,10,003,12/04/10/003,EWOY - EWOYI PRIMARY SCHOOL III,Ewoyi,Esan North-East
EDO,04,10,12,04,10,004,12/04/10/004,EWOY - EWOYI PRIMARY SCHOOL IV,Ewoyi,Esan North-East
EDO,04,10,12,04,10,005,12/04/10/005,EWOYI- A FUDA PRIMARY SCHOOL V,Ewoyi,Esan North-East
EDO,04,10,12,04,10,006,12/04/10/006,EWOYI - AFUDA PRIMARY SCHOOL VI,Ewoyi,Esan North-East
EDO,04,10,12,04,10,007,12/04/10/007,EWOYI - AFUDA PRIMARY SCHOOL VII,Ewoyi,Esan North-East
EDO,04,10,12,04,10,008,12/04/10/008,EWOYI - EWOYI PRIMARY SCHOOL VIII,Ewoyi,Esan North-East
EDO,04,10,12,04,10,009,12/04/10/009,EWOYI - EWOYI PRIMARY SCHOOL IX,Ewoyi,Esan North-East
EDO,04,10,12,04,10,010,12/04/10/010,EWOYI PRIMARY HEALTH CENTER,Ewoyi,Esan North-East
EDO,04,10,12,04,10,011,12/04/10/011,EBHEBE COMMUNITY TOWN HALL,Ewoyi,Esan North-East
EDO,04,10,12,04,10,012,12/04/10/012,OUR LADY OF LOURDES GIRLS' SEC SCH,Ewoyi,Esan North-East
EDO,04,10,12,04,10,013,12/04/10/013,EKOHIE MARKET EWOYI,Ewoyi,Esan North-East
EDO,04,10,12,04,10,014,12/04/10/014,AFUDA MARKET EWOYI,Ewoyi,Esan North-East
EDO,04,10,12,04,10,015,12/04/10/015,IDUMENGENLAN PRIMARY SCHOOL I,Ewoyi,Esan North-East
EDO,04,10,12,04,10,016,12/04/10/016,IDIKHALA COMMUNITY  HALL,Ewoyi,Esan North-East
EDO,04,10,12,04,10,017,12/04/10/017,OPEN SPACE BY IDUMU - IKHALA ROUNDABOUT,Ewoyi,Esan North-East
EDO,04,10,12,04,10,018,12/04/10/018,AFUDA IDIGUN PRIMARY SCHOOL,Ewoyi,Esan North-East
EDO,04,10,12,04,10,000,12/04/10/000,12/04/10/000,Ewoyi,Esan North-East
EDO,04,11,12,04,11,001,12/04/11/001,UBIERUMU-ID NAMA PRIMARY SCHOOL I,Ubierumu,Esan North-East
EDO,04,11,12,04,11,002,12/04/11/002,UBIERUMU-  ID ISABA PRIMAY SCHOOL II,Ubierumu,Esan North-East
EDO,04,11,12,04,11,003,12/04/11/003,UBIERUMU- UBIERUMU - UWA PRY. SCHOOL,Ubierumu,Esan North-East
EDO,04,11,12,04,11,004,12/04/11/004,UBIEUMU - IDUMOZA PRIMARY SCHOOL I,Ubierumu,Esan North-East
EDO,04,11,12,04,11,005,12/04/11/005,UBIERUMU - IDUMOZA PRIMARY SCHOOL II,Ubierumu,Esan North-East
EDO,04,11,12,04,11,006,12/04/11/006,UBIERUMU-IDUMOZA PRIMARY SCHOOL III,Ubierumu,Esan North-East
EDO,04,11,12,04,11,007,12/04/11/007,UBIERUMU - EKO- IBADIN PRIMARY SCHOOL,Ubierumu,Esan North-East
EDO,04,11,12,04,11,008,12/04/11/008,UBIERUMU OKE PRIMARY HEALTH CARE CENTRE,Ubierumu,Esan North-East
EDO,04,11,12,04,11,009,12/04/11/009,"OPEN SPACE BY IDUMOKOKO EBHOIJIE, UBIERUMU",Ubierumu,Esan North-East
EDO,04,11,12,04,11,010,12/04/11/010,OPEN SPACE IN FRONT OF EKO-IBADIN COMMUNITY TOWN HALL,Ubierumu,Esan North-East
EDO,04,11,12,04,11,000,12/04/11/000,12/04/11/000,Ubierumu,Esan North-East
EDO,05,01,12,05,01,001,12/05/01/001,OHAEKPEN/OMHEN/OLENOKHUA-EGUARE P/S,Ewohimi I,Esan South-East
EDO,05,01,12,05,01,002,12/05/01/002,"OGBE/ID OGHO-ID,  OGBE PRIMARY SCHOOL",Ewohimi I,Esan South-East
EDO,05,01,12,05,01,003,12/05/01/003,IDIRIO - IDIRIO P/SCH.,Ewohimi I,Esan South-East
EDO,05,01,12,05,01,004,12/05/01/004,ID. AGHO I- OKAIGBEN P/SCHOOL,Ewohimi I,Esan South-East
EDO,05,01,12,05,01,005,12/05/01/005,ID. AGHO II -  OKAIGBEN P/SCH.,Ewohimi I,Esan South-East
EDO,05,01,12,05,01,006,12/05/01/006,ISELU QRTS/IKEMHEN/UHIE OLOGHE P/SCHOOL,Ewohimi I,Esan South-East
EDO,05,01,12,05,01,007,12/05/01/007,EHO/AKHA/OLOGHE-OLOGHE P/SCHOOL,Ewohimi I,Esan South-East
EDO,05,01,12,05,01,008,12/05/01/008,ID. UGUOKHA- ID. UGUOKHAP/SCHOOL,Ewohimi I,Esan South-East
EDO,05,01,12,05,01,009,12/05/01/009,UZEBU -UZEBU P/SCHOOL,Ewohimi I,Esan South-East
EDO,05,01,12,05,01,010,12/05/01/010,IDUMOBOH-OKAIGBEN SECONDARY SCHOOL,Ewohimi I,Esan South-East
EDO,05,01,12,05,01,011,12/05/01/011,IDUMIJIE - IDUMIJIE PRIMARY SCHOOL,Ewohimi I,Esan South-East
EDO,05,01,12,05,01,012,12/05/01/012,"EGUARE P/S II, OPPOSITE PALACE ROAD, EWOHIMI",Ewohimi I,Esan South-East
EDO,05,01,12,05,01,013,12/05/01/013,"DISTRICT CUSTOMARY COURT, EWOHIMI.",Ewohimi I,Esan South-East
EDO,05,01,12,05,01,014,12/05/01/014,AGBADO MARKET EWOHIMI ALONG PALACE ROAD EWOHIMI,Ewohimi I,Esan South-East
EDO,05,01,12,05,01,015,12/05/01/015,IDIRIO TOWN HALL  BESIDE  IDIRIO P/SCH,Ewohimi I,Esan South-East
EDO,05,01,12,05,01,016,12/05/01/016,"IDUMAGHO COMMUNITY HALL, OKAIGBEN, EWOHIMI",Ewohimi I,Esan South-East
EDO,05,01,12,05,01,017,12/05/01/017,"OKAIGBEN-PRIMARY HEALTH CARE CENTRE, EWOHIMI",Ewohimi I,Esan South-East
EDO,05,01,12,05,01,018,12/05/01/018,EHO/AKHA/OLOGHE- OLOGHE PRI/SCH I,Ewohimi I,Esan South-East
EDO,05,01,12,05,01,019,12/05/01/019,IDUMIJIE PRY SCHOOL II,Ewohimi I,Esan South-East
EDO,05,01,12,05,01,000,12/05/01/000,12/05/01/000,Ewohimi I,Esan South-East
EDO,05,02,12,05,02,001,12/05/02/001,OZOGUA/ID. OLIHA OGHU PRIMARY SCHOOL,Ewohimi Ii,Esan South-East
EDO,05,02,12,05,02,002,12/05/02/002,IZUMEN / ID ISABA/IKHEKHE OGHU PRIMARY SCHOOL,Ewohimi Ii,Esan South-East
EDO,05,02,12,05,02,003,12/05/02/003,IZUMEN/ID.ISABA/IKHEKHE - EDO LIB. BUILDING,Ewohimi Ii,Esan South-East
EDO,05,02,12,05,02,004,12/05/02/004,ID. AGBOR I/II - ID AGBOR PRIMARY SCHOOL,Ewohimi Ii,Esan South-East
EDO,05,02,12,05,02,005,12/05/02/005,OKEDE OMON I / II-OKEDE PRIMARY SCHOOL,Ewohimi Ii,Esan South-East
EDO,05,02,12,05,02,006,12/05/02/006,OKEDE UDOH- OKEDE PRIMARY SCHOOL,Ewohimi Ii,Esan South-East
EDO,05,02,12,05,02,007,12/05/02/007,ODEDEGHE/IKEKEN/ AZAGBA / IKEKEN PRI. SCH.,Ewohimi Ii,Esan South-East
EDO,05,02,12,05,02,008,12/05/02/008,ID. IKEPIDEN/IKEKEN/ID.UGBOKA/IKEKE II-IKEKEN P/S,Ewohimi Ii,Esan South-East
EDO,05,02,12,05,02,009,12/05/02/009,ID.OGE/ID. EDOHE/ID.EIKEN/ID.EGHE-AGADADA SEC.SCHOOL.,Ewohimi Ii,Esan South-East
EDO,05,02,12,05,02,010,12/05/02/010,ID. OGE/ID.EDOHE/ID.EIKEN/ID.EGHE-AGADADA SEC. SCHOOL,Ewohimi Ii,Esan South-East
EDO,05,02,12,05,02,011,12/05/02/011,OZOGUA/ ID OLIHA - OGHU PRY/SCHOOL II,Ewohimi Ii,Esan South-East
EDO,05,02,12,05,02,012,12/05/02/012,OPEN SPACE OPPOSITE AGBOR PARK. ALONG EWOHIMI AGBOR ROAD,Ewohimi Ii,Esan South-East
EDO,05,02,12,05,02,013,12/05/02/013,"OKEDE MARKET, OKEDE",Ewohimi Ii,Esan South-East
EDO,05,02,12,05,02,014,12/05/02/014,"OKEDE HEALTH CENTRE, OKEDE",Ewohimi Ii,Esan South-East
EDO,05,02,12,05,02,015,12/05/02/015,"IDUMU AGHO TOWNHALL, AGADAGA",Ewohimi Ii,Esan South-East
EDO,05,02,12,05,02,016,12/05/02/016,AGADAGA PRIMARY SCHOOL,Ewohimi Ii,Esan South-East
EDO,05,02,12,05,02,000,12/05/02/000,12/05/02/000,Ewohimi Ii,Esan South-East
EDO,05,03,12,05,03,001,12/05/03/001,EGUARE/IDUMIJIE-EGUARE P/SCHOOL,Ewatto,Esan South-East
EDO,05,03,12,05,03,002,12/05/03/002,IDINSELU/IDINEGBON-EGUARE PRI/SCHOOL I,Ewatto,Esan South-East
EDO,05,03,12,05,03,003,12/05/03/003,IDINSELU/IDINEGBON - EGUARE PRI. SCHOOL II,Ewatto,Esan South-East
EDO,05,03,12,05,03,004,12/05/03/004,IDUMU-IYASELE/ID. UROMI-ID. IYASELE PRI. SCHOOL,Ewatto,Esan South-East
EDO,05,03,12,05,03,005,12/05/03/005,UWABHURU/ABHURU/KWALE CAMP-ABHURU PR.SCH,Ewatto,Esan South-East
EDO,05,03,12,05,03,006,12/05/03/006,IDINWE I/II - IDINWE PRI. SCHOOL,Ewatto,Esan South-East
EDO,05,03,12,05,03,007,12/05/03/007,ID. AGBOR/OGBOKPA-ID AGBOR PRI. SCHOOL,Ewatto,Esan South-East
EDO,05,03,12,05,03,008,12/05/03/008,EGUA-OLIHA I/EGUA  II/IDUMOBO/UHOMOEBHO- UHOMOEBHO PRIMARY SCHOOL,Ewatto,Esan South-East
EDO,05,03,12,05,03,009,12/05/03/009,OKPO/IKHEKHE - UHOMOEBHO PRIMARY SCHOOL,Ewatto,Esan South-East
EDO,05,03,12,05,03,010,12/05/03/010,IDUMAN/ID. EKA - EWATTO GRAMM. SCHOOL,Ewatto,Esan South-East
EDO,05,03,12,05,03,011,12/05/03/011,IDUMU - IYASELE/ ID UROMI- IYASELE PRY SCHOOL II,Ewatto,Esan South-East
EDO,05,03,12,05,03,012,12/05/03/012,OKPO/IKHEKHE - UHOMOEBHO- UHOMOEBHO PRI SCHOOL II - ALONG EWOHIMI/EWATTO ROAD,Ewatto,Esan South-East
EDO,05,03,12,05,03,000,12/05/03/000,12/05/03/000,Ewatto,Esan South-East
EDO,05,04,12,05,04,001,12/05/04/001,EGUARE-UOKHUEN/ODOGBO I/II- EGUARE PRI. SCH.,Ohordua,Esan South-East
EDO,05,04,12,05,04,002,12/05/04/002,OGBENEKHUA I/II - EGUARE PRI. SCHOOL,Ohordua,Esan South-East
EDO,05,04,12,05,04,003,12/05/04/003,ID. ABIEBHOR/ID EMU/INIGUN I/II- UOKHUEN PR.SCH,Ohordua,Esan South-East
EDO,05,04,12,05,04,004,12/05/04/004,ABUMERE I/II/AKPOZA- SHADE IN ABUMERE ARENA,Ohordua,Esan South-East
EDO,05,04,12,05,04,005,12/05/04/005,OZENYEN I/II AND III- FORMER NOD SCHOOL,Ohordua,Esan South-East
EDO,05,04,12,05,04,006,12/05/04/006,ID. OKELA / IKUGBE/ OREKHIEBHIE ODUA PRI. SCH.,Ohordua,Esan South-East
EDO,05,04,12,05,04,007,12/05/04/007,URINA I / II - FORMER L.A. SCHOOL,Ohordua,Esan South-East
EDO,05,04,12,05,04,008,12/05/04/008,ID. OKUN/IBHIEDU/ID. OTIE I/II - IBHIEDU PRI. SCH.,Ohordua,Esan South-East
EDO,05,04,12,05,04,009,12/05/04/009,IKUGBE - IBHIEDU PRI. SCHOOL,Ohordua,Esan South-East
EDO,05,04,12,05,04,010,12/05/04/010,"IBHIEDU, BHIEDU PRIMARY SCHOOL",Ohordua,Esan South-East
EDO,05,04,12,05,04,011,12/05/04/011,"OLOGUA I AND II,  OLOGUA PRIMARY SCHOOL",Ohordua,Esan South-East
EDO,05,04,12,05,04,012,12/05/04/012,ID OKUN/ IBHIEDU/ ID OTIE 1/11 - IBHIEDU PRI SCHOOL II -  OPPOSITE MARKET,Ohordua,Esan South-East
EDO,05,04,12,05,04,000,12/05/04/000,12/05/04/000,Ohordua,Esan South-East
EDO,05,05,12,05,05,001,12/05/05/001,EKO-INYEDILEN/UGBOLO-INYENLEN PRI. SCHOOL,Emu,Esan South-East
EDO,05,05,12,05,05,002,12/05/05/002,OROWA - OROWA PRI. SCHOOL,Emu,Esan South-East
EDO,05,05,12,05,05,003,12/05/05/003,IBHIO/EKE/OBODOGUN/EKO - OJIEMUEHIN / OBODIGBO-EMUNEKHUA PRI. SCHOOL,Emu,Esan South-East
EDO,05,05,12,05,05,004,12/05/05/004,IDUMAGALE/UNEMEN/EMUA/AUMAN EGUARE P/SCH.,Emu,Esan South-East
EDO,05,05,12,05,05,005,12/05/05/005,EGUARE I/II - EGUARE PRI. SCHOOL,Emu,Esan South-East
EDO,05,05,12,05,05,006,12/05/05/006,ID.OGBE/INEMEN/AKHIOMEN UGUN/OBOLO-USOLO PRI. SCHOOL,Emu,Esan South-East
EDO,05,05,12,05,05,007,12/05/05/007,ID-OSE/ODOGBE/OKEDE I/II - IBHIADA PRI. SCHOOL,Emu,Esan South-East
EDO,05,05,12,05,05,008,12/05/05/008,EGUARE - OKHUESAN- FORMER L.A. SCHOOL  I,Emu,Esan South-East
EDO,05,05,12,05,05,009,12/05/05/009,EGUARE - OKHUESAN- FORMER L.A. SCHOOL    II,Emu,Esan South-East
EDO,05,05,12,05,05,010,12/05/05/010,IKIALA I/II/IDEKHUAN I/II - OKHUESAN PRI. SCHOOL,Emu,Esan South-East
EDO,05,05,12,05,05,011,12/05/05/011,ID. OGUA/ID.ISO-IKEKEN PRI. SCHOOL,Emu,Esan South-East
EDO,05,05,12,05,05,012,12/05/05/012,EKO-INYEDILEN/ UGBOLO-  INYENLEN PRI SCHOOL II,Emu,Esan South-East
EDO,05,05,12,05,05,013,12/05/05/013,OROWA - OROWA PRY SCHOOL II,Emu,Esan South-East
EDO,05,05,12,05,05,014,12/05/05/014,IBHIO/EKE/OBODOGUN/EKO-OJIEMUEHIN/OBODIGBO- EMUNEKHUA PRY SCHOOL II,Emu,Esan South-East
EDO,05,05,12,05,05,015,12/05/05/015,IDUMAGBALE/INEMEN/EMUA/AUMAN EGUARE P/SCH - ALONG EGUARE ROAD,Emu,Esan South-East
EDO,05,05,12,05,05,016,12/05/05/016,"ORAKHUAN HEALTH CENTRE, EGUARE EMU",Emu,Esan South-East
EDO,05,05,12,05,05,017,12/05/05/017,EGUARE TOWN HALL  EMU,Emu,Esan South-East
EDO,05,05,12,05,05,018,12/05/05/018,"UGUN MARKET, EMU",Emu,Esan South-East
EDO,05,05,12,05,05,019,12/05/05/019,"EMU HEALTH CENTRE, EMU",Emu,Esan South-East
EDO,05,05,12,05,05,020,12/05/05/020,"ID OSE/ODOGBE/OKEDE I/II - IBHIADA PRY SCHOOL II, IBHIADA",Emu,Esan South-East
EDO,05,05,12,05,05,021,12/05/05/021,"IBHIADA MARKET, IBHIADA ALONG IBHIADA ROAD",Emu,Esan South-East
EDO,05,05,12,05,05,022,12/05/05/022,IKHIALA 1/II/IDEKHUAN I/II- OKHUESAN PRY SCHOOL II (12/05/05/022) OKHUESAN/ UBIAJA ROAD,Emu,Esan South-East
EDO,05,05,12,05,05,023,12/05/05/023,ID OGUA/ID ISO - IKEKEN PRY SCHOOL II,Emu,Esan South-East
EDO,05,05,12,05,05,000,12/05/05/000,12/05/05/000,Emu,Esan South-East
EDO,05,06,12,05,06,001,12/05/06/001,"EGUARE, IKOGBE I/II - CENTRAL PRIMARY SCHOOL",Ubiaja I,Esan South-East
EDO,05,06,12,05,06,002,12/05/06/002,MAIN EGUARE- CENTRAL PRIMARY SCHOOL,Ubiaja I,Esan South-East
EDO,05,06,12,05,06,003,12/05/06/003,"EGUARE, IKOGBE I/II - CENTRAL PRI. SCHOOL MAIN EGUARE",Ubiaja I,Esan South-East
EDO,05,06,12,05,06,004,12/05/06/004,MAIN EGUARE II/UKPOLE- CENTRAL PRI. SCHOOL,Ubiaja I,Esan South-East
EDO,05,06,12,05,06,005,12/05/06/005,EGUARE I/II - CENTRAL PRI. SCHOOL,Ubiaja I,Esan South-East
EDO,05,06,12,05,06,006,12/05/06/006,"GRA, - COUNCIL HALL, GRA",Ubiaja I,Esan South-East
EDO,05,06,12,05,06,007,12/05/06/007,MAIN EBHURU I/II/COMM AVENUE/-EDO LIB BUILDING,Ubiaja I,Esan South-East
EDO,05,06,12,05,06,008,12/05/06/008,UKOHA/ORHUEN- ORHUEN PRIMARY SCHOOL,Ubiaja I,Esan South-East
EDO,05,06,12,05,06,009,12/05/06/009,OGBENI I/II -OBIAZA GIRL'S SCHOOL,Ubiaja I,Esan South-East
EDO,05,06,12,05,06,010,12/05/06/010,OYOMON I/II - SACRED HEART DEM. SCHOOL,Ubiaja I,Esan South-East
EDO,05,06,12,05,06,011,12/05/06/011,"OYOMON I AND II, SACRED HEART DEM",Ubiaja I,Esan South-East
EDO,05,06,12,05,06,012,12/05/06/012,ID. OWEME/ID.OGBEBOR/IGUISI/ID EHAN/ID OSODIN - OGHENYEN PRIMARY SCHOOL I,Ubiaja I,Esan South-East
EDO,05,06,12,05,06,013,12/05/06/013,ID. OWEME/ID.OGBEBOR/IGUISI/ID. EHAN/ID. OSODIN OGHENYEN PRIMARY SCHOOL II,Ubiaja I,Esan South-East
EDO,05,06,12,05,06,014,12/05/06/014,"JUDICIARY, AREA CUSTOMARY COURT, UBIAJA  MISSION ROAD",Ubiaja I,Esan South-East
EDO,05,06,12,05,06,015,12/05/06/015,"UBIAJA PRIMARY HEALTH CENTRE , UBIAJA",Ubiaja I,Esan South-East
EDO,05,06,12,05,06,016,12/05/06/016,"OLD DSS BUILDING, GRA COUNCIL HALL. GRA II",Ubiaja I,Esan South-East
EDO,05,06,12,05,06,017,12/05/06/017,EDO LIB BUILDING II,Ubiaja I,Esan South-East
EDO,05,06,12,05,06,018,12/05/06/018,SAINT JOHN BOSCO SECONDARY SCHOOL UBIAJA,Ubiaja I,Esan South-East
EDO,05,06,12,05,06,019,12/05/06/019,OBIAZA GIRLS SCH. II,Ubiaja I,Esan South-East
EDO,05,06,12,05,06,020,12/05/06/020,OYOMON SACRED HEART DEM PRI SCH II,Ubiaja I,Esan South-East
EDO,05,06,12,05,06,021,12/05/06/021,"OGHENYEN PRY SCHOOL, OGBENYEN",Ubiaja I,Esan South-East
EDO,05,06,12,05,06,000,12/05/06/000,12/05/06/000,Ubiaja I,Esan South-East
EDO,05,07,12,05,07,001,12/05/07/001,ID. OGHU/UHE/ID. EGBON OGHEYEN PRIMARY SCHOOL I,Ubiaja Ii,Esan South-East
EDO,05,07,12,05,07,002,12/05/07/002,ID. OGHU/UHE/ID. EBON OGHEYEN PRIMARY SCHOOL II,Ubiaja Ii,Esan South-East
EDO,05,07,12,05,07,003,12/05/07/003,"ID. OHANLEN/HAUSA QRTS/UKPAJA, UKPAJA PRIMARY SCHOOL I",Ubiaja Ii,Esan South-East
EDO,05,07,12,05,07,004,12/05/07/004,"ID. OHANLEN/HAUSA QRTS/UKPAJA,  UKPAJA PRI MARY SCHOOL II",Ubiaja Ii,Esan South-East
EDO,05,07,12,05,07,005,12/05/07/005,"UKHUAN LEN,  UKHUANLEN PRIMARY SCHOOL",Ubiaja Ii,Esan South-East
EDO,05,07,12,05,07,006,12/05/07/006,"AHIA , AHIA PRIMARY SCHOOL I",Ubiaja Ii,Esan South-East
EDO,05,07,12,05,07,007,12/05/07/007,"AHIA,  AHIA PRIMARY SCHOOL II",Ubiaja Ii,Esan South-East
EDO,05,07,12,05,07,008,12/05/07/008,"UDAKPA,  UDAKPA PRIMARY SCHOOL",Ubiaja Ii,Esan South-East
EDO,05,07,12,05,07,009,12/05/07/009,"EKO-OGHENYEN, EKO-OGHENYEN PRIMARY SCHOOL",Ubiaja Ii,Esan South-East
EDO,05,07,12,05,07,010,12/05/07/010,"EKO-OBEKOR,  EKO-OBEKOR PRIMARY SCHOOL",Ubiaja Ii,Esan South-East
EDO,05,07,12,05,07,011,12/05/07/011,ID OGHU/UHE /ID EBON OGHENYEN PRY SCH FIELD III,Ubiaja Ii,Esan South-East
EDO,05,07,12,05,07,012,12/05/07/012,"UKPAJA PRIMARY HEALTH CARE CENTRE, UKPAJA ROAD",Ubiaja Ii,Esan South-East
EDO,05,07,12,05,07,013,12/05/07/013,ESAN SOUTH EAST LOCAL GOVERNMENT EDUCATION AUTHORITY,Ubiaja Ii,Esan South-East
EDO,05,07,12,05,07,014,12/05/07/014,"UBIAJA COMMUNITY SECONDARY SCHOOL, UBIAJA I, UKPAJA ROAD",Ubiaja Ii,Esan South-East
EDO,05,07,12,05,07,015,12/05/07/015,"UBIAJA COMMUNITY SECONDARY SCHOOL, UBIAJA II",Ubiaja Ii,Esan South-East
EDO,05,07,12,05,07,016,12/05/07/016,UDAKPA PRY SCHOOL II,Ubiaja Ii,Esan South-East
EDO,05,07,12,05,07,000,12/05/07/000,12/05/07/000,Ubiaja Ii,Esan South-East
EDO,05,08,12,05,08,001,12/05/08/001,"EGUARE/IGOH/UHOLE,  ORIA PRIMARY SCHOOL",Illushi I,Esan South-East
EDO,05,08,12,05,08,002,12/05/08/002,"OGBOKPA I AND II,  ORIA PRIMARY SCHOOL",Illushi I,Esan South-East
EDO,05,08,12,05,08,003,12/05/08/003,OMAKUN/ASIN/ALFRED OKOYOMON/UGBOHA CAMPS/EKO-ORIA PRIMARY SCHOOL,Illushi I,Esan South-East
EDO,05,08,12,05,08,004,12/05/08/004,"EGUARE ONOGHOLO/ID. OSOGBO/ID. EWELE/IBO CAMPS, ONOGHOLO PRIMARY SCHOOL I",Illushi I,Esan South-East
EDO,05,08,12,05,08,005,12/05/08/005,"EGUARE ONOGHOLO/ID. OSOGBO/ID. EWELE/IBO CAMPS,  ONOGHOLO PRIMARY SCHOOL II",Illushi I,Esan South-East
EDO,05,08,12,05,08,006,12/05/08/006,IDIEKE/EFUEFE/OCHECHE/AJAM UROH PRIMARY SCHOOL,Illushi I,Esan South-East
EDO,05,08,12,05,08,007,12/05/08/007,ATOWO SHADE OPPOSITE ELDER MAIL,Illushi I,Esan South-East
EDO,05,08,12,05,08,008,12/05/08/008,IDEGWUME/OKPULIU OKPOKPORO PRIMARY SCHOOL,Illushi I,Esan South-East
EDO,05,08,12,05,08,009,12/05/08/009,"EGUARE ONOGHOLO/ID.OSOGBO ID.EWELE/IBO CAMPS, ONOGHOLO PRIMARY SCHOOL, ONOGHOLO",Illushi I,Esan South-East
EDO,05,08,12,05,08,010,12/05/08/010,IDIEKE/EFUEF/OCHECHE/AJAM UROH PRIMARY SCHOOL,Illushi I,Esan South-East
EDO,05,08,12,05,08,011,12/05/08/011,IDIEKE/ EFUEFE/CHECHE/AJAM UROH PRIMARY SCHOOL III,Illushi I,Esan South-East
EDO,05,08,12,05,08,012,12/05/08/012,ID. GWUME / OKPULIU OKPOKPORO PRIMARY SCHOOL II,Illushi I,Esan South-East
EDO,05,08,12,05,08,000,12/05/08/000,12/05/08/000,Illushi I,Esan South-East
EDO,05,09,12,05,09,001,12/05/09/001,OKWOSHIMILI/ONYMA/ADAGU/IYEGBI/OWON IFEKU ISLAND PRIMARY SCHOOL,Illushi Ii,Esan South-East
EDO,05,09,12,05,09,002,12/05/09/002,UKPODO/ALLAH SHADE IN ALLAN,Illushi Ii,Esan South-East
EDO,05,09,12,05,09,003,12/05/09/003,"OKPATAWOH, OKPATOWO TOWN HALL",Illushi Ii,Esan South-East
EDO,05,09,12,05,09,004,12/05/09/004,ESAN QRTS I AND II/OZIGONO OLD COURT HALL,Illushi Ii,Esan South-East
EDO,05,09,12,05,09,005,12/05/09/005,NIGER BANK PRY SCHOOL,Illushi Ii,Esan South-East
EDO,05,09,12,05,09,006,12/05/09/006,"ESAN QRTS I AND II,  NIGER BANK PRIMARY SCHOOL",Illushi Ii,Esan South-East
EDO,05,09,12,05,09,007,12/05/09/007,OKWOSHIMILI/ONYMA/ONYMA/ADAGU/IYEGBI/OWON IFEKU ISLAND PRI. SCH. II,Illushi Ii,Esan South-East
EDO,05,09,12,05,09,008,12/05/09/008,UKPODO/ALLAH SHADE IN ALLAN II,Illushi Ii,Esan South-East
EDO,05,09,12,05,09,009,12/05/09/009,"OKPATAWOH, OKPATOWO TOWN HALL II",Illushi Ii,Esan South-East
EDO,05,09,12,05,09,010,12/05/09/010,"OZIGONO MARKET, OZIGONO",Illushi Ii,Esan South-East
EDO,05,09,12,05,09,011,12/05/09/011,"ILLUSHI SECONDARY SCHOOL, ILLUSHI",Illushi Ii,Esan South-East
EDO,05,09,12,05,09,012,12/05/09/012,"AKPALAGI MARKET, ILLUSHI",Illushi Ii,Esan South-East
EDO,05,09,12,05,09,013,12/05/09/013,"ESAN QTR, I&II NIGER BANK PRIMARY SCHOOL II",Illushi Ii,Esan South-East
EDO,05,09,12,05,09,000,12/05/09/000,12/05/09/000,Illushi Ii,Esan South-East
EDO,05,10,12,05,10,001,12/05/10/001,"EGUARE UKATO, COURT HALL EGUARE",Ugboha,Esan South-East
EDO,05,10,12,05,10,002,12/05/10/002,"EGUARE NONKHUA/EGUARE NONKOTOR,  OLD LA. SCH. EGUARE",Ugboha,Esan South-East
EDO,05,10,12,05,10,003,12/05/10/003,IDUMU ABEKHAE/ID.ENEMAN IZENEBI/AFUDA/ID. OSO/ID.IHAZA EMAUDO PRIMARY SCHOOL,Ugboha,Esan South-East
EDO,05,10,12,05,10,004,12/05/10/004,"IDASUN/ID.ABU, ADAVA PRIMARY SCHOOL",Ugboha,Esan South-East
EDO,05,10,12,05,10,005,12/05/10/005,OHUMEDE/ID. ANENI/UKBOKE EGBENE/UION ST. FRANCIS CATHOLIC SCHOOL,Ugboha,Esan South-East
EDO,05,10,12,05,10,006,12/05/10/006,"ODAGBOR/OYOMON,  OLD L.A. SCHOOL",Ugboha,Esan South-East
EDO,05,10,12,05,10,007,12/05/10/007,"AKUBOR ESOGBA,  OLD L.A. SCHOOL",Ugboha,Esan South-East
EDO,05,10,12,05,10,008,12/05/10/008,"AMALO/ANEMENE/EKO-ODOMU, AMAL PRIMARY SCHOOL",Ugboha,Esan South-East
EDO,05,10,12,05,10,009,12/05/10/009,"ABUGHO/ID.OLOGHO/ID.OKE/IDEGUN,  UZOGBON PRIMARY SCHOOL",Ugboha,Esan South-East
EDO,05,10,12,05,10,010,12/05/10/010,ID. ESAN/EGHE/EMULE/ID NEKA/EKO-OGBEIDE MAIN OTOKHIMHIN PRY. SCHOOL,Ugboha,Esan South-East
EDO,05,10,12,05,10,011,12/05/10/011,EQUARE PRI. SCH (OLD LA SCH EGUARE) II,Ugboha,Esan South-East
EDO,05,10,12,05,10,012,12/05/10/012,IDUMU ABEKHAE/ ID ENEMAN IZENEBI/ AFUDA/ IDI OSO/ ID IHAZA EMUADO PRIMARY SCHOOL II,Ugboha,Esan South-East
EDO,05,10,12,05,10,013,12/05/10/013,"IDASUN/ ID ABU, ADAVA PRIMARY SCHOOL II, ADAVA",Ugboha,Esan South-East
EDO,05,10,12,05,10,014,12/05/10/014,OHUMEDE/ID AND I/ UGBOKE EVBENE/ UNION ST FRANCIS CATHOLIC SCHOOL.II,Ugboha,Esan South-East
EDO,05,10,12,05,10,015,12/05/10/015,ABUGHO/ ID OLOGHO/ ID OKE/ IDEGUN UZOGBON PRIMARY SCHOOL II,Ugboha,Esan South-East
EDO,05,10,12,05,10,016,12/05/10/016,"ID ESAN/ EGHE/ EMULE/ ID NEKA / EKO- OGBEIDE MAIN OTOKHINMHIN PRY SCHOOL II, UGBOHA",Ugboha,Esan South-East
EDO,05,10,12,05,10,000,12/05/10/000,12/05/10/000,Ugboha,Esan South-East
EDO,06,01,12,06,01,001,12/06/01/001,OGWA - UKPOGO PRIMARY SCHOOL I,Ogwa,Esan West
EDO,06,01,12,06,01,002,12/06/01/002,OGWA -UKPOGO PRIMARY SCHOOL II,Ogwa,Esan West
EDO,06,01,12,06,01,003,12/06/01/003,OGWA - UGHE SQUARE,Ogwa,Esan West
EDO,06,01,12,06,01,004,12/06/01/004,OGWA - APOSTOLIC SCHOOL,Ogwa,Esan West
EDO,06,01,12,06,01,005,12/06/01/005,OGWA - EGUARE PRIMARY SCHOOL I,Ogwa,Esan West
EDO,06,01,12,06,01,006,12/06/01/006,OGWA - EGUARE PRIMARY SCHOOL II,Ogwa,Esan West
EDO,06,01,12,06,01,007,12/06/01/007,OGWA- IDUMIGIE UGHE,Ogwa,Esan West
EDO,06,01,12,06,01,008,12/06/01/008,OGWA - LOWER - IZOGEN I,Ogwa,Esan West
EDO,06,01,12,06,01,009,12/06/01/009,OGWA- UPPER - IZOGEN II,Ogwa,Esan West
EDO,06,01,12,06,01,010,12/06/01/010,OGWA - COURT HALL,Ogwa,Esan West
EDO,06,01,12,06,01,011,12/06/01/011,OGWA-UKPOGO PRY. SCH. LLL,Ogwa,Esan West
EDO,06,01,12,06,01,012,12/06/01/012,OGWA GRAMMAR SCHOOL,Ogwa,Esan West
EDO,06,01,12,06,01,000,12/06/01/000,12/06/01/000,Ogwa,Esan West
EDO,06,02,12,06,02,001,12/06/02/001,UJIOGBA - UJIOGBA SEC. SECHOOL,Ujiogba,Esan West
EDO,06,02,12,06,02,002,12/06/02/002,UJIOGBA - EGUARE PRIMARY SCHOOL I,Ujiogba,Esan West
EDO,06,02,12,06,02,003,12/06/02/003,UJIOGBA - EGUARE PRIMARY SCHOOL II,Ujiogba,Esan West
EDO,06,02,12,06,02,004,12/06/02/004,UJIOGBA - UKPATO PRIMARY SCHOOL I,Ujiogba,Esan West
EDO,06,02,12,06,02,005,12/06/02/005,UJIOGBA - UKPATO PRIMARY SCHOOL II,Ujiogba,Esan West
EDO,06,02,12,06,02,006,12/06/02/006,UJIOGBA - ID OBOH UNIOGBA  I,Ujiogba,Esan West
EDO,06,02,12,06,02,007,12/06/02/007,UJIOGBA - ID OBOH UNIOGBA  II,Ujiogba,Esan West
EDO,06,02,12,06,02,008,12/06/02/008,UJIOGBA - OAKHINA CAMP,Ujiogba,Esan West
EDO,06,02,12,06,02,009,12/06/02/009,UJIOGBA - EBUTTE (UJIOGBA),Ujiogba,Esan West
EDO,06,02,12,06,02,010,12/06/02/010,UJIOGBA SEC SCH II,Ujiogba,Esan West
EDO,06,02,12,06,02,011,12/06/02/011,UJIOGBA_EGUARE PRI. SCH. III,Ujiogba,Esan West
EDO,06,02,12,06,02,000,12/06/02/000,12/06/02/000,Ujiogba,Esan West
EDO,06,03,12,06,03,001,12/06/03/001,IDOA-IDOA PRIMARY SCHOOL,Egoro/Idoa/Ukhun,Esan West
EDO,06,03,12,06,03,002,12/06/03/002,UKHUN - UKHUN PRIMARY SCHOOL,Egoro/Idoa/Ukhun,Esan West
EDO,06,03,12,06,03,003,12/06/03/003,UKHUN - FARM SETTLEMENT,Egoro/Idoa/Ukhun,Esan West
EDO,06,03,12,06,03,004,12/06/03/004,EGORO- EGORO NAOKA PRIMARY SCHOOL I,Egoro/Idoa/Ukhun,Esan West
EDO,06,03,12,06,03,005,12/06/03/005,EGORO - EGORO NAOKA PRIMARY SCHOOL II,Egoro/Idoa/Ukhun,Esan West
EDO,06,03,12,06,03,006,12/06/03/006,EGORO -EGUARE PRIMARY SCHOOL I,Egoro/Idoa/Ukhun,Esan West
EDO,06,03,12,06,03,007,12/06/03/007,EGORO - AMEDE PRIMARY SCHOOL II,Egoro/Idoa/Ukhun,Esan West
EDO,06,03,12,06,03,008,12/06/03/008,EGORO - IKHIDUE HALL,Egoro/Idoa/Ukhun,Esan West
EDO,06,03,12,06,03,009,12/06/03/009,EGORO - ORE EDE-OLE,Egoro/Idoa/Ukhun,Esan West
EDO,06,03,12,06,03,010,12/06/03/010,"OPEN SPACE -ATOUGUA QUARTERS BY TRANSFORMER, IDOA",Egoro/Idoa/Ukhun,Esan West
EDO,06,03,12,06,03,011,12/06/03/011,"OPEN SPACE OFIEL QUARTERS, IDOA",Egoro/Idoa/Ukhun,Esan West
EDO,06,03,12,06,03,012,12/06/03/012,"OGBETA TOWN HALL, OGBETA QUARTERS.UKHUN",Egoro/Idoa/Ukhun,Esan West
EDO,06,03,12,06,03,013,12/06/03/013,EGORO-AMEDE PRY SCH LL,Egoro/Idoa/Ukhun,Esan West
EDO,06,03,12,06,03,000,12/06/03/000,12/06/03/000,Egoro/Idoa/Ukhun,Esan West
EDO,06,04,12,06,04,001,12/06/04/001,EKPOMA - EMIALA PRIMARY SCHOOL I,Emaudo/ Eguare/ Ekpoma,Esan West
EDO,06,04,12,06,04,002,12/06/04/002,EKPOMA - EMIALA PRIMARY SCHOOL II,Emaudo/ Eguare/ Ekpoma,Esan West
EDO,06,04,12,06,04,003,12/06/04/003,EKPOMA - EMIALA PRIMARY SCHOOL III,Emaudo/ Eguare/ Ekpoma,Esan West
EDO,06,04,12,06,04,004,12/06/04/004,EKPOMA - UWENLEBO TOWN HALL,Emaudo/ Eguare/ Ekpoma,Esan West
EDO,06,04,12,06,04,005,12/06/04/005,EKPOMA EGUARE PRIMARY SCHOOL I,Emaudo/ Eguare/ Ekpoma,Esan West
EDO,06,04,12,06,04,006,12/06/04/006,EKPOMA EGUARE PRIMARY SCHOOL II,Emaudo/ Eguare/ Ekpoma,Esan West
EDO,06,04,12,06,04,007,12/06/04/007,EKPOMA EGUARE PRIMARY SCHOOL III,Emaudo/ Eguare/ Ekpoma,Esan West
EDO,06,04,12,06,04,008,12/06/04/008,EKPOMA EGUARE PRIMARY SCHOOL IV,Emaudo/ Eguare/ Ekpoma,Esan West
EDO,06,04,12,06,04,009,12/06/04/009,EKPOMA - UWENDOVA PRIMARY SCHOOL I,Emaudo/ Eguare/ Ekpoma,Esan West
EDO,06,04,12,06,04,010,12/06/04/010,EKPOMA - UWENDOVA PRIMARY SCHOOL II,Emaudo/ Eguare/ Ekpoma,Esan West
EDO,06,04,12,06,04,011,12/06/04/011,EKPOMA - UWENDOVA PRIMARY SCHOOL III,Emaudo/ Eguare/ Ekpoma,Esan West
EDO,06,04,12,06,04,012,12/06/04/012,EKPOMA - UKPUGHELE PRIMARY SCHOOL IV,Emaudo/ Eguare/ Ekpoma,Esan West
EDO,06,04,12,06,04,013,12/06/04/013,EKPOMA - SCHOOL OF AGRIC,Emaudo/ Eguare/ Ekpoma,Esan West
EDO,06,04,12,06,04,014,12/06/04/014,EKPOMA - EMAUDO PRIMARY SCHOOL I,Emaudo/ Eguare/ Ekpoma,Esan West
EDO,06,04,12,06,04,015,12/06/04/015,EKPOMA- EMAUDO PRIMARY SCHOL II,Emaudo/ Eguare/ Ekpoma,Esan West
EDO,06,04,12,06,04,016,12/06/04/016,EKPOMA - EMAUDO PRIMARY SCHOOL III,Emaudo/ Eguare/ Ekpoma,Esan West
EDO,06,04,12,06,04,017,12/06/04/017,EMIALA TOWN HALL,Emaudo/ Eguare/ Ekpoma,Esan West
EDO,06,04,12,06,04,018,12/06/04/018,"OPEN SPACE BORROW PIT ST. JUNCTION, UWEN-OBOH EXTENSION",Emaudo/ Eguare/ Ekpoma,Esan West
EDO,06,04,12,06,04,019,12/06/04/019,"OPEN SPACE - OSIN ST. JUNCTION, ALONG UWENLEBO",Emaudo/ Eguare/ Ekpoma,Esan West
EDO,06,04,12,06,04,020,12/06/04/020,"OPEN SPACE - UDO ST JUNCTION, ALONG UWENLEBO ROAD",Emaudo/ Eguare/ Ekpoma,Esan West
EDO,06,04,12,06,04,021,12/06/04/021,"OPEN SPACE BY MAGISTRATE COURT, EKPOMA",Emaudo/ Eguare/ Ekpoma,Esan West
EDO,06,04,12,06,04,022,12/06/04/022,"OPEN SPACE BY POLICE BARRACKS, ALONG BARRACKS ROAD",Emaudo/ Eguare/ Ekpoma,Esan West
EDO,06,04,12,06,04,023,12/06/04/023,OPEN SPACE BY DISPENSARY HEALTH UNIT,Emaudo/ Eguare/ Ekpoma,Esan West
EDO,06,04,12,06,04,024,12/06/04/024,OPEN SPACE BY NIGERIAN POSTAL SERVICE,Emaudo/ Eguare/ Ekpoma,Esan West
EDO,06,04,12,06,04,025,12/06/04/025,"OPEN SPACE OPP.BETHEL BAPTIST CHURCH, AFUA JUNCTION",Emaudo/ Eguare/ Ekpoma,Esan West
EDO,06,04,12,06,04,026,12/06/04/026,"OPEN SPACE BY OGWAMELE JUNCTION, AFUA QUARTER",Emaudo/ Eguare/ Ekpoma,Esan West
EDO,06,04,12,06,04,027,12/06/04/027,EGUARE SECONDARY SCHOOL L,Emaudo/ Eguare/ Ekpoma,Esan West
EDO,06,04,12,06,04,028,12/06/04/028,AFUA TOWN HALL,Emaudo/ Eguare/ Ekpoma,Esan West
EDO,06,04,12,06,04,029,12/06/04/029,"OPEN SPACE - TIPPER GARAGE, UKHUN RD",Emaudo/ Eguare/ Ekpoma,Esan West
EDO,06,04,12,06,04,030,12/06/04/030,AREA CUSTOMARY COURT,Emaudo/ Eguare/ Ekpoma,Esan West
EDO,06,04,12,06,04,031,12/06/04/031,EDO STATE LIBRARY,Emaudo/ Eguare/ Ekpoma,Esan West
EDO,06,04,12,06,04,032,12/06/04/032,OPEN SPACE - BARRACKS JUNCTION BY UWENODIA,Emaudo/ Eguare/ Ekpoma,Esan West
EDO,06,04,12,06,04,033,12/06/04/033,"OPEN SPACE - ILEN-OTUMA ST, BY ILEN-OTUMA/HAYBLE JUNCTION",Emaudo/ Eguare/ Ekpoma,Esan West
EDO,06,04,12,06,04,034,12/06/04/034,"OPEN SPACE - BOREHOLE JUNCTION, DOVA ROAD",Emaudo/ Eguare/ Ekpoma,Esan West
EDO,06,04,12,06,04,035,12/06/04/035,OPEN SPACE - DOVA JUNCTION,Emaudo/ Eguare/ Ekpoma,Esan West
EDO,06,04,12,06,04,036,12/06/04/036,OPEN SPACE - RICE MARKET,Emaudo/ Eguare/ Ekpoma,Esan West
EDO,06,04,12,06,04,037,12/06/04/037,"SCHOOL OF AGRIC LL, EKPOMA",Emaudo/ Eguare/ Ekpoma,Esan West
EDO,06,04,12,06,04,038,12/06/04/038,"OPEN SPACE -AGBOGIDI STREET, OPP. SCH OF AGRIC",Emaudo/ Eguare/ Ekpoma,Esan West
EDO,06,04,12,06,04,039,12/06/04/039,"OPEN SPACE BY WELFARE JUNCTION, EMAUDO",Emaudo/ Eguare/ Ekpoma,Esan West
EDO,06,04,12,06,04,040,12/06/04/040,"OPEN SPACE - ALI SQUARE, EMAUDO",Emaudo/ Eguare/ Ekpoma,Esan West
EDO,06,04,12,06,04,041,12/06/04/041,OPEN SPACE - EMAUDO CAMPUS PARK BY MARKET SQUARE,Emaudo/ Eguare/ Ekpoma,Esan West
EDO,06,04,12,06,04,042,12/06/04/042,"OPEN SPACE - V JUNCTION, MOUNT CARMEL RD",Emaudo/ Eguare/ Ekpoma,Esan West
EDO,06,04,12,06,04,043,12/06/04/043,"EMAUDO TOWN HALL, EMAUDO",Emaudo/ Eguare/ Ekpoma,Esan West
EDO,06,04,12,06,04,044,12/06/04/044,"EMAUDO YOUTH ASSOCIATION HALL, EMAUDO.",Emaudo/ Eguare/ Ekpoma,Esan West
EDO,06,04,12,06,04,045,12/06/04/045,"EMAUDO COMMUNITY MARKET, EKPOMA",Emaudo/ Eguare/ Ekpoma,Esan West
EDO,06,04,12,06,04,046,12/06/04/046,"EMAUDO SEC SCH LL, EMAUDO",Emaudo/ Eguare/ Ekpoma,Esan West
EDO,06,04,12,06,04,000,12/06/04/000,12/06/04/000,Emaudo/ Eguare/ Ekpoma,Esan West
EDO,06,05,12,06,05,001,12/06/05/001,IHUNMUDUMU - IHUNMUDUMU PRIMARY SCHOOL I,Ihunmudumu/Idumebo/Uke/Ujemen,Esan West
EDO,06,05,12,06,05,002,12/06/05/002,IHUNMUDUMU -  IHUNMUDUMU PRIMARY SCHOOL II,Ihunmudumu/Idumebo/Uke/Ujemen,Esan West
EDO,06,05,12,06,05,003,12/06/05/003,IHUNMUDUMU -  IHUNMUDUMU PRIMARY SCHOOL III,Ihunmudumu/Idumebo/Uke/Ujemen,Esan West
EDO,06,05,12,06,05,004,12/06/05/004,UKE - UKE PRIMARY SCHOOL,Ihunmudumu/Idumebo/Uke/Ujemen,Esan West
EDO,06,05,12,06,05,005,12/06/05/005,IDUMEBO - IDUMEBO PRIMARY SCHOOL I,Ihunmudumu/Idumebo/Uke/Ujemen,Esan West
EDO,06,05,12,06,05,006,12/06/05/006,IDUMEBO - IDUMEBO PRIMARY SCHOOL II,Ihunmudumu/Idumebo/Uke/Ujemen,Esan West
EDO,06,05,12,06,05,007,12/06/05/007,UJEMEN - UJEMEN PRIMARY SCHOOL I,Ihunmudumu/Idumebo/Uke/Ujemen,Esan West
EDO,06,05,12,06,05,008,12/06/05/008,UJEMEN - UJEMEN PRIMARY SCHOOL II,Ihunmudumu/Idumebo/Uke/Ujemen,Esan West
EDO,06,05,12,06,05,009,12/06/05/009,UJEMEN - UJEMEN PRIMARY SCHOOL III,Ihunmudumu/Idumebo/Uke/Ujemen,Esan West
EDO,06,05,12,06,05,010,12/06/05/010,UJEMEN - UJEMEN PRIMARY SCHOOL IV,Ihunmudumu/Idumebo/Uke/Ujemen,Esan West
EDO,06,05,12,06,05,011,12/06/05/011,IHUNMUDUMU HEALTH CENTER,Ihunmudumu/Idumebo/Uke/Ujemen,Esan West
EDO,06,05,12,06,05,012,12/06/05/012,OPEN SPACE ST. JAMES ANGLICAN CHURCH IHUNMUDUMU,Ihunmudumu/Idumebo/Uke/Ujemen,Esan West
EDO,06,05,12,06,05,013,12/06/05/013,"ISIBHENELO PRIMARY SCHOOL, IHUNMUDUMU, EKPOMA",Ihunmudumu/Idumebo/Uke/Ujemen,Esan West
EDO,06,05,12,06,05,014,12/06/05/014,"OPEN SPACE BY ST. GABRIEL CATHOLIC CHURCH,  GIRLS SCHOOL ROAD,  EKPOMA",Ihunmudumu/Idumebo/Uke/Ujemen,Esan West
EDO,06,05,12,06,05,015,12/06/05/015,"ISIBHELUA COMMUNITY HALL, IHUNMUDUMU",Ihunmudumu/Idumebo/Uke/Ujemen,Esan West
EDO,06,05,12,06,05,016,12/06/05/016,"OPEN SPACE BY HOUSE OF LEVITES CHAPEL, COSMOPOLITAN CHURCH, IHUNMUDUMU",Ihunmudumu/Idumebo/Uke/Ujemen,Esan West
EDO,06,05,12,06,05,017,12/06/05/017,UKE PRIMARY HEALTH CARE CENTER,Ihunmudumu/Idumebo/Uke/Ujemen,Esan West
EDO,06,05,12,06,05,018,12/06/05/018,"OPEN SPACE OXFORD ROAD IDUMEBO, EKPOMA",Ihunmudumu/Idumebo/Uke/Ujemen,Esan West
EDO,06,05,12,06,05,019,12/06/05/019,"LDUMEBO PRIMARY HEALTH CENTER, IDUMEBO",Ihunmudumu/Idumebo/Uke/Ujemen,Esan West
EDO,06,05,12,06,05,020,12/06/05/020,UGBEVUON COMMUNITY HALL,Ihunmudumu/Idumebo/Uke/Ujemen,Esan West
EDO,06,05,12,06,05,021,12/06/05/021,OPEN SPACE -UJEMEN MAIN MARKET ROAD EKPOMA,Ihunmudumu/Idumebo/Uke/Ujemen,Esan West
EDO,06,05,12,06,05,022,12/06/05/022,OPEN SPACE 2ND IDUMEBO STREET UJEMEN EKPOMA,Ihunmudumu/Idumebo/Uke/Ujemen,Esan West
EDO,06,05,12,06,05,023,12/06/05/023,"OPEN SPACE BY ST.PAUL CATHOLIC CHURCH,  UJEMEN",Ihunmudumu/Idumebo/Uke/Ujemen,Esan West
EDO,06,05,12,06,05,000,12/06/05/000,12/06/05/000,Ihunmudumu/Idumebo/Uke/Ujemen,Esan West
EDO,06,06,12,06,06,001,12/06/06/001,IRUEKPEN - ABIA PRIMARY SCHOOL I,Iruekpen,Esan West
EDO,06,06,12,06,06,002,12/06/06/002,IRUEKPEN - ABIA PRIMARY SCHOOL II,Iruekpen,Esan West
EDO,06,06,12,06,06,003,12/06/06/003,IRUEKPEN- CENTRAL PRIMARY SCHOOL I,Iruekpen,Esan West
EDO,06,06,12,06,06,004,12/06/06/004,IRUEKPEN- CENTRAL PRIMARY SCHOOL II,Iruekpen,Esan West
EDO,06,06,12,06,06,005,12/06/06/005,IRUEKPEN- CENTRAL PRIMARY SCHOOL III,Iruekpen,Esan West
EDO,06,06,12,06,06,006,12/06/06/006,IRUEKPEN - OGBOMOIDE PRIMARY SCHOOL I,Iruekpen,Esan West
EDO,06,06,12,06,06,007,12/06/06/007,IRUEKPEN - OGBOMOIDE PRIMARY SCHOOL II,Iruekpen,Esan West
EDO,06,06,12,06,06,008,12/06/06/008,IRUEKPEN - OGBOMOIDE PRIMARY SCHOOL III,Iruekpen,Esan West
EDO,06,06,12,06,06,009,12/06/06/009,IRUEKPEN - UGHODIN PRIMARY SCHOOL I,Iruekpen,Esan West
EDO,06,06,12,06,06,010,12/06/06/010,IRUEKPEN - UGHODIN PRIMARY SCHOOL II,Iruekpen,Esan West
EDO,06,06,12,06,06,011,12/06/06/011,IRUEKPEN - IRUEKPEN GRAM. SCHOOL I,Iruekpen,Esan West
EDO,06,06,12,06,06,012,12/06/06/012,IRUEKPEN - IRUEKPEN GRAM. SCHOOL II,Iruekpen,Esan West
EDO,06,06,12,06,06,013,12/06/06/013,IRUEKPEN - IRUEKPEN GRAM. SCHOOL III,Iruekpen,Esan West
EDO,06,06,12,06,06,014,12/06/06/014,IRUEKPEN TOWN HALL,Iruekpen,Esan West
EDO,06,06,12,06,06,015,12/06/06/015,OPEN SPACE BY IREUKPEN GOVERNMENT HOSPITAL,Iruekpen,Esan West
EDO,06,06,12,06,06,016,12/06/06/016,OPEN SPACE BY ROAD SAFETY JUNCTION,Iruekpen,Esan West
EDO,06,06,12,06,06,017,12/06/06/017,IREUKPEN MIXED SECONDARY SCHOOL,Iruekpen,Esan West
EDO,06,06,12,06,06,018,12/06/06/018,OPEN SPACE BESIDE NTA IREUKPEN,Iruekpen,Esan West
EDO,06,06,12,06,06,019,12/06/06/019,OPEN SPACE BY IRUEKPEN SKILL ACQUISITION CENTRE,Iruekpen,Esan West
EDO,06,06,12,06,06,020,12/06/06/020,"OPEN SPACE BY  STATE LIBRARY, IRUEKPEN",Iruekpen,Esan West
EDO,06,06,12,06,06,000,12/06/06/000,12/06/06/000,Iruekpen,Esan West
EDO,06,07,12,06,07,001,12/06/07/001,EMUHI - EMUHI PRIMARY SCHOOL,Emuhi/ Ukpenu/ Ujoelen/Igor,Esan West
EDO,06,07,12,06,07,002,12/06/07/002,EMUHI - UVUE TOWN HALL I,Emuhi/ Ukpenu/ Ujoelen/Igor,Esan West
EDO,06,07,12,06,07,003,12/06/07/003,EMUHI - UVUETOWN HALL II,Emuhi/ Ukpenu/ Ujoelen/Igor,Esan West
EDO,06,07,12,06,07,004,12/06/07/004,IGOR - IGOR PRIMARY SCHOOL,Emuhi/ Ukpenu/ Ujoelen/Igor,Esan West
EDO,06,07,12,06,07,005,12/06/07/005,EMUHI - UDO-EKI PRIMARY SCHOOL,Emuhi/ Ukpenu/ Ujoelen/Igor,Esan West
EDO,06,07,12,06,07,006,12/06/07/006,EMUHI - IDUMUNEGBON TOWN HALL,Emuhi/ Ukpenu/ Ujoelen/Igor,Esan West
EDO,06,07,12,06,07,007,12/06/07/007,UKPENU - UKPENU PRIMARY SCHOOL I,Emuhi/ Ukpenu/ Ujoelen/Igor,Esan West
EDO,06,07,12,06,07,008,12/06/07/008,UKPENU - UKPENU PRIMARY SCHOOL II,Emuhi/ Ukpenu/ Ujoelen/Igor,Esan West
EDO,06,07,12,06,07,009,12/06/07/009,UKPENU - UKPENU PRIMARY SCHOOL III,Emuhi/ Ukpenu/ Ujoelen/Igor,Esan West
EDO,06,07,12,06,07,010,12/06/07/010,UKPENU - UKPENU TOWN HALL,Emuhi/ Ukpenu/ Ujoelen/Igor,Esan West
EDO,06,07,12,06,07,011,12/06/07/011,UKPENU - COSMOPOLITAN SCHOOL,Emuhi/ Ukpenu/ Ujoelen/Igor,Esan West
EDO,06,07,12,06,07,012,12/06/07/012,UKPENU -UKPENU ESE TOWN HALL I,Emuhi/ Ukpenu/ Ujoelen/Igor,Esan West
EDO,06,07,12,06,07,013,12/06/07/013,UKPENU -UKPENU ESE TOWN HALL II,Emuhi/ Ukpenu/ Ujoelen/Igor,Esan West
EDO,06,07,12,06,07,014,12/06/07/014,UJOELEN - UJOELEN PRIMARY SCHOOL I,Emuhi/ Ukpenu/ Ujoelen/Igor,Esan West
EDO,06,07,12,06,07,015,12/06/07/015,UJOELEN - UJOELEN PRIMARY SCHOOL II,Emuhi/ Ukpenu/ Ujoelen/Igor,Esan West
EDO,06,07,12,06,07,016,12/06/07/016,UJOELEN - UGHA SQUARE (UKE. JUN.),Emuhi/ Ukpenu/ Ujoelen/Igor,Esan West
EDO,06,07,12,06,07,017,12/06/07/017,UDO - EKI TOWN HALL,Emuhi/ Ukpenu/ Ujoelen/Igor,Esan West
EDO,06,07,12,06,07,018,12/06/07/018,"OPEN SPACE BY WINNER'S JUNCTION, ADJACENT TO ST. THERESA CATHOLIC CHURCH UKPENU",Emuhi/ Ukpenu/ Ujoelen/Igor,Esan West
EDO,06,07,12,06,07,019,12/06/07/019,ODAI COMMUNITY HALL  UKPENU,Emuhi/ Ukpenu/ Ujoelen/Igor,Esan West
EDO,06,07,12,06,07,020,12/06/07/020,OPEN SPACE BY MOUNTAIN OF FIRE JUNCTION ALONG EMUHII ROAD UKPENU,Emuhi/ Ukpenu/ Ujoelen/Igor,Esan West
EDO,06,07,12,06,07,021,12/06/07/021,PRIMARY HEALTH CARE CENTRE,Emuhi/ Ukpenu/ Ujoelen/Igor,Esan West
EDO,06,07,12,06,07,022,12/06/07/022,HIGH COURT  ALONG UKPENU ROAD EKPOMA,Emuhi/ Ukpenu/ Ujoelen/Igor,Esan West
EDO,06,07,12,06,07,023,12/06/07/023,OPEN SPACE BY ASSEMBLIES OF GOD CHURCH BY EGBEDION STREET  UKPENU,Emuhi/ Ukpenu/ Ujoelen/Igor,Esan West
EDO,06,07,12,06,07,024,12/06/07/024,"OPEN SPACE ALONG J5 ROAD, OPPOSITE AGBONLAHOR AVENUE UKPENU",Emuhi/ Ukpenu/ Ujoelen/Igor,Esan West
EDO,06,07,12,06,07,025,12/06/07/025,UJOELEN GRAM.SCH.I,Emuhi/ Ukpenu/ Ujoelen/Igor,Esan West
EDO,06,07,12,06,07,026,12/06/07/026,UJOELEN HEALTH CENTER,Emuhi/ Ukpenu/ Ujoelen/Igor,Esan West
EDO,06,07,12,06,07,027,12/06/07/027,AAU PRIMARY SCHOOL,Emuhi/ Ukpenu/ Ujoelen/Igor,Esan West
EDO,06,07,12,06,07,028,12/06/07/028,OPEN SPACE  BY ESAN MEDICAL JUNCTION  ROAD ALONG UJOELEN ROAD EKPOMA,Emuhi/ Ukpenu/ Ujoelen/Igor,Esan West
EDO,06,07,12,06,07,029,12/06/07/029,OPEN SPACE BY ZION SPOT JUNCTION ALONG UJOELEN ROAD  EKPOMA,Emuhi/ Ukpenu/ Ujoelen/Igor,Esan West
EDO,06,07,12,06,07,030,12/06/07/030,OPEN SPACE ALONG COLLEGE ROAD UJOELEN EKPOMA,Emuhi/ Ukpenu/ Ujoelen/Igor,Esan West
EDO,06,07,12,06,07,031,12/06/07/031,OPEN SPACE UJOELEN EXTENSION BESIDE  UJOELEN POLICE STATION,Emuhi/ Ukpenu/ Ujoelen/Igor,Esan West
EDO,06,07,12,06,07,000,12/06/07/000,12/06/07/000,Emuhi/ Ukpenu/ Ujoelen/Igor,Esan West
EDO,06,08,12,06,08,001,12/06/08/001,UROHI - EGUARE PRIMARY SCHOOL I,Urohi,Esan West
EDO,06,08,12,06,08,002,12/06/08/002,UROHI - EGUARE PRIMARY SCHOOL II,Urohi,Esan West
EDO,06,08,12,06,08,003,12/06/08/003,UROHI - UROHI PRIMARY SCHOOL,Urohi,Esan West
EDO,06,08,12,06,08,004,12/06/08/004,UROHI - OHON UROHI HALL,Urohi,Esan West
EDO,06,08,12,06,08,005,12/06/08/005,UROHI - EBHOKHURE HALL,Urohi,Esan West
EDO,06,08,12,06,08,006,12/06/08/006,UROHI - EBUTTE- METTA CAMP,Urohi,Esan West
EDO,06,08,12,06,08,007,12/06/08/007,UROHI - OHOGHO PRIMARY SCHOOL,Urohi,Esan West
EDO,06,08,12,06,08,008,12/06/08/008,UROHI - EKO - OMIGIE PRIMARY SCHOOL,Urohi,Esan West
EDO,06,08,12,06,08,009,12/06/08/009,UROHI - OKENUWA PRIMARY SCHOOL,Urohi,Esan West
EDO,06,08,12,06,08,010,12/06/08/010,UROHI - UROHI PRIMARY SCHOOL,Urohi,Esan West
EDO,06,08,12,06,08,011,12/06/08/011,UROHI PRY. SCH.II,Urohi,Esan West
EDO,06,08,12,06,08,000,12/06/08/000,12/06/08/000,Urohi,Esan West
EDO,06,09,12,06,09,001,12/06/09/001,"EBHOAKHUALE, EBHOKHU - EBHOAKUALE PRIMARY SCHOOL",Uhiele,Esan West
EDO,06,09,12,06,09,002,12/06/09/002,UHIELE -UHIELE GRAM. SCHOOL I,Uhiele,Esan West
EDO,06,09,12,06,09,003,12/06/09/003,UHIELE -UHIELE GAM. SCHOOL II,Uhiele,Esan West
EDO,06,09,12,06,09,004,12/06/09/004,UHIEL - UHIELE P/S EBHODIZA I,Uhiele,Esan West
EDO,06,09,12,06,09,005,12/06/09/005,UHIELE - EHALEN PRIMARY SCHOOL I,Uhiele,Esan West
EDO,06,09,12,06,09,006,12/06/09/006,UHIELE - UKPOKE PRIMARY SCHOOL I,Uhiele,Esan West
EDO,06,09,12,06,09,007,12/06/09/007,UHIELE - IDUMIGUN PRIMARY SCHOOL,Uhiele,Esan West
EDO,06,09,12,06,09,008,12/06/09/008,UHIELE - IDUMIGUN TOWN HALL I,Uhiele,Esan West
EDO,06,09,12,06,09,009,12/06/09/009,UHIELE - IDUMIGUN TOWN HALL II,Uhiele,Esan West
EDO,06,09,12,06,09,010,12/06/09/010,UHIELE -IKHIRO TOWN HALL I,Uhiele,Esan West
EDO,06,09,12,06,09,011,12/06/09/011,UHIELE - EBHOAKHUALE PRIMARY SCHOOL,Uhiele,Esan West
EDO,06,09,12,06,09,012,12/06/09/012,EBHOAKHUALA COMMUNITY HALL,Uhiele,Esan West
EDO,06,09,12,06,09,013,12/06/09/013,OPEN SPACE BY EBHOAKHUALA COMMUNITY STORE,Uhiele,Esan West
EDO,06,09,12,06,09,014,12/06/09/014,UHIELE GRAMMAR SCH. LLL,Uhiele,Esan West
EDO,06,09,12,06,09,015,12/06/09/015,UHIELE GRAMMAR SCH. IV,Uhiele,Esan West
EDO,06,09,12,06,09,016,12/06/09/016,UHIELE PRY.SCH LL,Uhiele,Esan West
EDO,06,09,12,06,09,017,12/06/09/017,EHALEN PRY.SCH LL,Uhiele,Esan West
EDO,06,09,12,06,09,018,12/06/09/018,UKPOKE PRY SCH LL,Uhiele,Esan West
EDO,06,09,12,06,09,019,12/06/09/019,IDUMIGUN TOWN HALL LLL,Uhiele,Esan West
EDO,06,09,12,06,09,020,12/06/09/020,IKHIRO TOWN HALL LL,Uhiele,Esan West
EDO,06,09,12,06,09,021,12/06/09/021,"OPEN SPACE  OPPOSITE VOICE OF CHANGE CHURCH, EDION STREET, EBHOAKHUALE COMMUNITY",Uhiele,Esan West
EDO,06,09,12,06,09,022,12/06/09/022,"OPEN SPACE BY ME-NE STREET,  EBHOAKHUALE",Uhiele,Esan West
EDO,06,09,12,06,09,000,12/06/09/000,12/06/09/000,Uhiele,Esan West
EDO,06,10,12,06,10,001,12/06/10/001,ILLEH -ILLEH PRIMARY SCHOOL,Illeh/Eko-ine,Esan West
EDO,06,10,12,06,10,002,12/06/10/002,ILLEH - UWENE TOWN HALL,Illeh/Eko-ine,Esan West
EDO,06,10,12,06,10,003,12/06/10/003,ILLEH - IMULE PRIMARY SCHOOL I,Illeh/Eko-ine,Esan West
EDO,06,10,12,06,10,004,12/06/10/004,ILLEH - IMULE PRIMARY SCHOOL II,Illeh/Eko-ine,Esan West
EDO,06,10,12,06,10,005,12/06/10/005,ILLEH - IMULE PRIMARY SCHOOL III,Illeh/Eko-ine,Esan West
EDO,06,10,12,06,10,006,12/06/10/006,ILLEH - IDIAMIAKUN TOWN HALL,Illeh/Eko-ine,Esan West
EDO,06,10,12,06,10,007,12/06/10/007,ILLEH - EBHORUE TOWN HALL I,Illeh/Eko-ine,Esan West
EDO,06,10,12,06,10,008,12/06/10/008,ILLEH - UKHIODO TOWN HALL II,Illeh/Eko-ine,Esan West
EDO,06,10,12,06,10,009,12/06/10/009,ILLEH - ILLEH PRIMARY SCHOOL,Illeh/Eko-ine,Esan West
EDO,06,10,12,06,10,010,12/06/10/010,EKO INE EHALEN - EKO INE TOWN HALL,Illeh/Eko-ine,Esan West
EDO,06,10,12,06,10,011,12/06/10/011,ILLEH CONFERENCE HALL,Illeh/Eko-ine,Esan West
EDO,06,10,12,06,10,000,12/06/10/000,12/06/10/000,Illeh/Eko-ine,Esan West
EDO,07,01,12,07,01,001,12/07/01/001,"ST JOHN'S G/S,  IVIAVAI-I",Fugar I,Etsako Central
EDO,07,01,12,07,01,002,12/07/01/002,"ST JOHN'S G/S,  IVIAVAI -II",Fugar I,Etsako Central
EDO,07,01,12,07,01,003,12/07/01/003,"COURT HALL, OLOMOGHE",Fugar I,Etsako Central
EDO,07,01,12,07,01,004,12/07/01/004,"COURT HALL,  IVIOROMA",Fugar I,Etsako Central
EDO,07,01,12,07,01,005,12/07/01/005,"COURT HALL,  UGIOGWA I",Fugar I,Etsako Central
EDO,07,01,12,07,01,006,12/07/01/006,"COURT HALL,  UGIOGWA II",Fugar I,Etsako Central
EDO,07,01,12,07,01,007,12/07/01/007,"USAGBE PRIMARY SCHOOL,  IVIAGBANAKU I",Fugar I,Etsako Central
EDO,07,01,12,07,01,008,12/07/01/008,"USAGBE PRIMARY SCHOOL , IVIAGBANAKU II",Fugar I,Etsako Central
EDO,07,01,12,07,01,009,12/07/01/009,USAGBE PRIMARY SCHOOL IVIAGBANAKU III,Fugar I,Etsako Central
EDO,07,01,12,07,01,000,12/07/01/000,12/07/01/000,Fugar I,Etsako Central
EDO,07,02,12,07,02,001,12/07/02/001,"OBE PRY SCHOOL FIELD,  IVIOKHILE I",Fugar Ii,Etsako Central
EDO,07,02,12,07,02,002,12/07/02/002,"OBE PRY SCHOOL FIELD,  IVIOKHILE II",Fugar Ii,Etsako Central
EDO,07,02,12,07,02,003,12/07/02/003,"OBE PRY SCHOOL,  IVIADOKO I",Fugar Ii,Etsako Central
EDO,07,02,12,07,02,004,12/07/02/004,"OBE PRY. SCHOOL,  IVIOKPO II",Fugar Ii,Etsako Central
EDO,07,02,12,07,02,005,12/07/02/005,"OBE PRY. SCHOOL,  IVIAVEH I",Fugar Ii,Etsako Central
EDO,07,02,12,07,02,006,12/07/02/006,"OBE PRY. SCHOOL,  IVIAVEH II",Fugar Ii,Etsako Central
EDO,07,02,12,07,02,007,12/07/02/007,"EBIDI PRY. SCHOOL , IVIUKASA I",Fugar Ii,Etsako Central
EDO,07,02,12,07,02,008,12/07/02/008,EBIDI PRY. SCHOOL IVIUKASA II,Fugar Ii,Etsako Central
EDO,07,02,12,07,02,009,12/07/02/009,OPEN SPACE BY WATER BOARD-IVIOKHILE,Fugar Ii,Etsako Central
EDO,07,02,12,07,02,010,12/07/02/010,"HIGH COURT, FUGAR, IVIOKHILE",Fugar Ii,Etsako Central
EDO,07,02,12,07,02,011,12/07/02/011,"UKWU-IVIOKPO, OPP. GLO MASK",Fugar Ii,Etsako Central
EDO,07,02,12,07,02,000,12/07/02/000,12/07/02/000,Fugar Ii,Etsako Central
EDO,07,03,12,07,03,001,12/07/03/001,"FUGAR MIXED S/S, IRURU",Fugar Iii,Etsako Central
EDO,07,03,12,07,03,002,12/07/03/002,"FUGAR MIXED S/S,  IVIAKPA",Fugar Iii,Etsako Central
EDO,07,03,12,07,03,003,12/07/03/003,"FRONTAGE OF CHIEF'S PALACE,  IVIOCHA",Fugar Iii,Etsako Central
EDO,07,03,12,07,03,004,12/07/03/004,"USAGBE PRY. SCHOOL,  IVIADACHI",Fugar Iii,Etsako Central
EDO,07,03,12,07,03,005,12/07/03/005,"USAGBE PRY. SCHOOL,  EBADI",Fugar Iii,Etsako Central
EDO,07,03,12,07,03,006,12/07/03/006,"USAGBE PRY. SCHOOL,  IVIEGWI- I",Fugar Iii,Etsako Central
EDO,07,03,12,07,03,007,12/07/03/007,"USAGBE PRY. SCHOOL , IVIEGWI -II",Fugar Iii,Etsako Central
EDO,07,03,12,07,03,000,12/07/03/000,12/07/03/000,Fugar Iii,Etsako Central
EDO,07,04,12,07,04,001,12/07/04/001,"OBAREKPE PRY. SCHOOL,  IVIOCHE I",Ogbona,Etsako Central
EDO,07,04,12,07,04,002,12/07/04/002,"OBAREKPE PRY. SCHOOL,  IVIOCHE II",Ogbona,Etsako Central
EDO,07,04,12,07,04,003,12/07/04/003,"OBAREKPE PRY. SCHOOL,  IVIDO I",Ogbona,Etsako Central
EDO,07,04,12,07,04,004,12/07/04/004,"OBAREKPE PRY. SCHOOL,  IVIDO II",Ogbona,Etsako Central
EDO,07,04,12,07,04,005,12/07/04/005,"IMAKHENA PRY. SCHOOL , OKOTOR I",Ogbona,Etsako Central
EDO,07,04,12,07,04,006,12/07/04/006,"IMAKHENA PRY. SCHOOL,  OKOTOR II",Ogbona,Etsako Central
EDO,07,04,12,07,04,007,12/07/04/007,"IMAKHENA PRY. SCHOOL.,  IVIOREVBO",Ogbona,Etsako Central
EDO,07,04,12,07,04,008,12/07/04/008,"OGBONA MARKET SQUARE, ALONG FUGAR ROAD",Ogbona,Etsako Central
EDO,07,04,12,07,04,009,12/07/04/009,PRIMARY HEALTH CENTRE OGBONA,Ogbona,Etsako Central
EDO,07,04,12,07,04,010,12/07/04/010,"OGBONA SECONDARY SCH, ALONG FUGAR ROAD, OGBONA",Ogbona,Etsako Central
EDO,07,04,12,07,04,011,12/07/04/011,"OBAREKPE PRY SCH, IVIDO III",Ogbona,Etsako Central
EDO,07,04,12,07,04,012,12/07/04/012,"OBAREKPE PRY SCH, IVIDO IV",Ogbona,Etsako Central
EDO,07,04,12,07,04,013,12/07/04/013,"IMAKHENA PRY SCH., OKOTOR III",Ogbona,Etsako Central
EDO,07,04,12,07,04,014,12/07/04/014,"IMAKHENA PRY SCH, OKOTOR IV",Ogbona,Etsako Central
EDO,07,04,12,07,04,000,12/07/04/000,12/07/04/000,Ogbona,Etsako Central
EDO,07,05,12,07,05,001,12/07/05/001,"URALO PRIMARY SCHOOL,  USOKWI/IVIA-GBOGIDI",Iraokhor,Etsako Central
EDO,07,05,12,07,05,002,12/07/05/002,"URALO PRY SCHOOL, USOKWI / IVIAGBOGIDI-I",Iraokhor,Etsako Central
EDO,07,05,12,07,05,003,12/07/05/003,"URALO PRY SCHOOL, USOKWI / IVIAGBOGIDI-II",Iraokhor,Etsako Central
EDO,07,05,12,07,05,004,12/07/05/004,"URALO PRIMARY SCHOOL,  IVIUGELE",Iraokhor,Etsako Central
EDO,07,05,12,07,05,005,12/07/05/005,"PRIMARY HEALTH CENTER, NEW URALO",Iraokhor,Etsako Central
EDO,07,05,12,07,05,006,12/07/05/006,OPEN SPACE - IRAOAKHOR WATER PROJECT,Iraokhor,Etsako Central
EDO,07,05,12,07,05,007,12/07/05/007,URALO SECONDARY SCH.,Iraokhor,Etsako Central
EDO,07,05,12,07,05,008,12/07/05/008,"OPEN SPACE,URALO (IVIUGELO) VILLAGE SQUARE",Iraokhor,Etsako Central
EDO,07,05,12,07,05,000,12/07/05/000,12/07/05/000,Iraokhor,Etsako Central
EDO,07,06,12,07,06,001,12/07/06/001,"OGIDIGBA HALL , ADEABEBE",Ekperi I,Etsako Central
EDO,07,06,12,07,06,002,12/07/06/002,"COURT HALL,  ADEOKHA",Ekperi I,Etsako Central
EDO,07,06,12,07,06,003,12/07/06/003,"ABEBE PRY. SCH, . BLK. A. UGHEOGWA",Ekperi I,Etsako Central
EDO,07,06,12,07,06,004,12/07/06/004,"ABEBE PRY. SCH. , BLK. B. IVIEKHEBE",Ekperi I,Etsako Central
EDO,07,06,12,07,06,005,12/07/06/005,"IKHANOBA PRY. SCH.,  IVIANAKE",Ekperi I,Etsako Central
EDO,07,06,12,07,06,006,12/07/06/006,"IKHANOBA PRY. SCH.,  ,AZUKHALA/IVIONIME",Ekperi I,Etsako Central
EDO,07,06,12,07,06,007,12/07/06/007,AZUKHALA IVIONIME (AZUKHALA/IVIONIME) PRY. SCH. I,Ekperi I,Etsako Central
EDO,07,06,12,07,06,008,12/07/06/008,"AZUKHALA IVIANIME,  IVIAKPELA PRY. SCH. II",Ekperi I,Etsako Central
EDO,07,06,12,07,06,009,12/07/06/009,"AZUKHALA, IVIAKPELA",Ekperi I,Etsako Central
EDO,07,06,12,07,06,010,12/07/06/010,"EGHIEGBAI PRY SCH, UGBEKPE-EKPERI",Ekperi I,Etsako Central
EDO,07,06,12,07,06,011,12/07/06/011,UGBEKPE COMMUNITY MKT SQUARE,Ekperi I,Etsako Central
EDO,07,06,12,07,06,012,12/07/06/012,"EKPERI GRAMM. SCH., UGBEKPE-EKPERI",Ekperi I,Etsako Central
EDO,07,06,12,07,06,013,12/07/06/013,AZUKHALA COMMUNITY HALL,Ekperi I,Etsako Central
EDO,07,06,12,07,06,000,12/07/06/000,12/07/06/000,Ekperi I,Etsako Central
EDO,07,07,12,07,07,001,12/07/07/001,"OKPANAEDE VILLAGE,  OKPANAEDE I",Ekperi Ii,Etsako Central
EDO,07,07,12,07,07,002,12/07/07/002,"OKPANAEDE VILLAGE,  OKPANAEDE II",Ekperi Ii,Etsako Central
EDO,07,07,12,07,07,003,12/07/07/003,"IYAREKHU PRY. SCHOL ANNEX , DAME",Ekperi Ii,Etsako Central
EDO,07,07,12,07,07,004,12/07/07/004,"ANERUAR PRIMARY SCHOOL,  OGOCHI - I",Ekperi Ii,Etsako Central
EDO,07,07,12,07,07,005,12/07/07/005,"ANERUAR PRIMARY SCHOOL,  OGOCHI -II",Ekperi Ii,Etsako Central
EDO,07,07,12,07,07,006,12/07/07/006,"OGBAGO VILLAGE SQUARE,  OGBAGO I",Ekperi Ii,Etsako Central
EDO,07,07,12,07,07,007,12/07/07/007,"OGBAGO VILLAGE SQUARE,  OGBAGO II",Ekperi Ii,Etsako Central
EDO,07,07,12,07,07,008,12/07/07/008,"OTSUKOLO VILLAGE,  OTSUKOLO",Ekperi Ii,Etsako Central
EDO,07,07,12,07,07,009,12/07/07/009,"OGHOMERE PRY. SCHOOL , OGHOMERE I",Ekperi Ii,Etsako Central
EDO,07,07,12,07,07,010,12/07/07/010,"OGHOMERE PRY. SCHOOL, OGHOMERE II",Ekperi Ii,Etsako Central
EDO,07,07,12,07,07,000,12/07/07/000,12/07/07/000,Ekperi Ii,Etsako Central
EDO,07,08,12,07,08,001,12/07/08/001,"ALAOYE PRY. SCH. (OLD SITE),  UGBAGO/UDABA I",Ekperi Iii,Etsako Central
EDO,07,08,12,07,08,002,12/07/08/002,"ALAOYE PRY. SCH. (OLD SITE),  UGBAGO/UDABA II",Ekperi Iii,Etsako Central
EDO,07,08,12,07,08,003,12/07/08/003,"ALAOYE PRY. SCHOOL,  USEMOGOCHI",Ekperi Iii,Etsako Central
EDO,07,08,12,07,08,004,12/07/08/004,"ALAOYE PRY. SCHOOL FIELD,  IKUIDI",Ekperi Iii,Etsako Central
EDO,07,08,12,07,08,005,12/07/08/005,"ALAOYE PRY. SCHOOL (NEW SITE), OTOAKI",Ekperi Iii,Etsako Central
EDO,07,08,12,07,08,006,12/07/08/006,"ESHIEBOR PRY. SCHOOL,  OFUKPO/OGWISI",Ekperi Iii,Etsako Central
EDO,07,08,12,07,08,007,12/07/08/007,"ESHIEBOR PRY. SCH. , OFUKPO/OGWISI",Ekperi Iii,Etsako Central
EDO,07,08,12,07,08,008,12/07/08/008,"AKUGBE PRY SCHOOL FIELD, OLUBI/APEIYANA",Ekperi Iii,Etsako Central
EDO,07,08,12,07,08,009,12/07/08/009,"AKUGBE PRY SCH. FIELD,  OZIGBOLO",Ekperi Iii,Etsako Central
EDO,07,08,12,07,08,010,12/07/08/010,"AKUGBE PRY. SCH FIELD,  APOKAME",Ekperi Iii,Etsako Central
EDO,07,08,12,07,08,011,12/07/08/011,ESHIEBOR PRY. SCHOOL ANNEX.  AGBAZI,Ekperi Iii,Etsako Central
EDO,07,08,12,07,08,012,12/07/08/012,OPEN SPACE UDABA RICE MARKET,Ekperi Iii,Etsako Central
EDO,07,08,12,07,08,013,12/07/08/013,"OBEZE PRY. SCH., UDABA",Ekperi Iii,Etsako Central
EDO,07,08,12,07,08,014,12/07/08/014,"COMMUNITY TOWN HALL, OTOAKI",Ekperi Iii,Etsako Central
EDO,07,08,12,07,08,015,12/07/08/015,"VILLAGE HALL, OGIDIGBA UDUGHE- OSOMHEIGBE",Ekperi Iii,Etsako Central
EDO,07,08,12,07,08,016,12/07/08/016,"PRIMARY HEALTH CENTER, OZIGBOLO-OSOMHEIGBE",Ekperi Iii,Etsako Central
EDO,07,08,12,07,08,017,12/07/08/017,VILLAGE HALL OGIDIGBA ATAVO II,Ekperi Iii,Etsako Central
EDO,07,08,12,07,08,000,12/07/08/000,12/07/08/000,Ekperi Iii,Etsako Central
EDO,07,09,12,07,09,001,12/07/09/001,IMASABEMOH ANEGBETTE/IMASABEMOH / UNUEDO I,South Uneme I,Etsako Central
EDO,07,09,12,07,09,002,12/07/09/002,IMASABEMOH ANEGBETTE/IMASABEMOH / UNUEDO  II,South Uneme I,Etsako Central
EDO,07,09,12,07,09,003,12/07/09/003,"IMIAVA PRIMARY SCHOOL,  ANEGBETTE / IMIAGHELE I",South Uneme I,Etsako Central
EDO,07,09,12,07,09,004,12/07/09/004,"IMIAVA PRIMARY SCHOOL, ANEGBETTE / MIAGHELE II",South Uneme I,Etsako Central
EDO,07,09,12,07,09,005,12/07/09/005,"NABOYA PRI. SCHOOL,  IMIAVA",South Uneme I,Etsako Central
EDO,07,09,12,07,09,006,12/07/09/006,"UGBATTO PLAYGROUND,  UKPEKO ORLE",South Uneme I,Etsako Central
EDO,07,09,12,07,09,007,12/07/09/007,UGBATTO PLAYGROUND UKPOKWILI/UGBATTO,South Uneme I,Etsako Central
EDO,07,09,12,07,09,000,12/07/09/000,12/07/09/000,South Uneme I,Etsako Central
EDO,07,10,12,07,10,001,12/07/10/001,"OSESIAME PRY SCHOOL,  UDOCHI VILLAGE I",South Uneme Ii,Etsako Central
EDO,07,10,12,07,10,002,12/07/10/002,"OSESIAME PRY SCHOOL,  UDOCHI VILLAGE II",South Uneme Ii,Etsako Central
EDO,07,10,12,07,10,003,12/07/10/003,"AJONA PRIMARY SCHOOL , IFEKU",South Uneme Ii,Etsako Central
EDO,07,10,12,07,10,004,12/07/10/004,"AKE , AKE",South Uneme Ii,Etsako Central
EDO,07,10,12,07,10,005,12/07/10/005,"OGWA,  ABANA/OGWA",South Uneme Ii,Etsako Central
EDO,07,10,12,07,10,006,12/07/10/006,"ANEGBETTE, OGWA/ABANA REFUGEES",South Uneme Ii,Etsako Central
EDO,07,10,12,07,10,007,12/07/10/007,"IMIAVA PRIMARY SCHOOL,  IMIAVA",South Uneme Ii,Etsako Central
EDO,07,10,12,07,10,008,12/07/10/008,"PRIMARY HEALTH CENTER, UDOCHI VILLAGE III",South Uneme Ii,Etsako Central
EDO,07,10,12,07,10,000,12/07/10/000,12/07/10/000,South Uneme Ii,Etsako Central
EDO,08,01,12,08,01,001,12/08/01/001,"OFUKPO PRIMARY SCHOOL,  AGENEBODE",Agenebode,Etsako East
EDO,08,01,12,08,01,002,12/08/01/002,"OMOAZE PRIMARY SCHOOL , AGENEBODE",Agenebode,Etsako East
EDO,08,01,12,08,01,003,12/08/01/003,"OKPISA PRY. SCHOOL,  EMOKWEME",Agenebode,Etsako East
EDO,08,01,12,08,01,004,12/08/01/004,"WATERWORKS UPLAND,  AGENEBODE",Agenebode,Etsako East
EDO,08,01,12,08,01,005,12/08/01/005,"OGBAKI PRY. SCHOOL , AGENEBODE",Agenebode,Etsako East
EDO,08,01,12,08,01,006,12/08/01/006,EGBADU PRY. SCHOOL AGENEBODE,Agenebode,Etsako East
EDO,08,01,12,08,01,007,12/08/01/007,"OTOUKWE AREA, OTOUKWE/AGENEBODE",Agenebode,Etsako East
EDO,08,01,12,08,01,008,12/08/01/008,"OTOUKWE AREA, POLICE STATION",Agenebode,Etsako East
EDO,08,01,12,08,01,009,12/08/01/009,EGBADU PRY. SCHOOL AGENEBODE I,Agenebode,Etsako East
EDO,08,01,12,08,01,010,12/08/01/010,EGBADU PRY. SCHOOL AGENEBODE II,Agenebode,Etsako East
EDO,08,01,12,08,01,011,12/08/01/011,OFUKPO P/S II AGENEBODE,Agenebode,Etsako East
EDO,08,01,12,08,01,012,12/08/01/012,OMOAZE P/S II AGENEBODE,Agenebode,Etsako East
EDO,08,01,12,08,01,013,12/08/01/013,OKPISA P/S II AGENEBODE,Agenebode,Etsako East
EDO,08,01,12,08,01,014,12/08/01/014,"OPEN SPACE IN FRONT OF GENERAL HOSPITAL, UPLAND",Agenebode,Etsako East
EDO,08,01,12,08,01,015,12/08/01/015,OGBAKI P/S II AGENEBODE,Agenebode,Etsako East
EDO,08,01,12,08,01,016,12/08/01/016,OPEN SPACE EGBADU VILLAGE SQUARE,Agenebode,Etsako East
EDO,08,01,12,08,01,017,12/08/01/017,OPEN SPACE EGBADU,Agenebode,Etsako East
EDO,08,01,12,08,01,018,12/08/01/018,OPEN SPACE OTOUKWE AREA,Agenebode,Etsako East
EDO,08,01,12,08,01,019,12/08/01/019,OPEN SPACE EWEA QUARTERS,Agenebode,Etsako East
EDO,08,01,12,08,01,020,12/08/01/020,OPEN SPACE OKUGBE QUARTERS JUNCTION,Agenebode,Etsako East
EDO,08,01,12,08,01,021,12/08/01/021,OPEN SPACE ENESEGBE QUARTER JUNCTION,Agenebode,Etsako East
EDO,08,01,12,08,01,000,12/08/01/000,12/08/01/000,Agenebode,Etsako East
EDO,08,02,12,08,02,001,12/08/02/001,"UKHUA PRIMARY SCHOOL,  IVIUKHUA I",Wanno I,Etsako East
EDO,08,02,12,08,02,002,12/08/02/002,"UKHUA PRIMARY SCHOOL,  IVIUKHUA II",Wanno I,Etsako East
EDO,08,02,12,08,02,003,12/08/02/003,"EGBEPUI PRY. SCHOOL,  IVIEGBEPUI",Wanno I,Etsako East
EDO,08,02,12,08,02,004,12/08/02/004,"OKPODI PRY. SCHOOL , IVIANOKPODI",Wanno I,Etsako East
EDO,08,02,12,08,02,005,12/08/02/005,"EBUA PRY. SCHOOL,  IVIEBUA",Wanno I,Etsako East
EDO,08,02,12,08,02,006,12/08/02/006,"UKHUA ANNEX PRY. SCHOOL , UKHO",Wanno I,Etsako East
EDO,08,02,12,08,02,007,12/08/02/007,"EGORI-UGIE, EGORI-UGIE",Wanno I,Etsako East
EDO,08,02,12,08,02,008,12/08/02/008,EGORI PRY. SCHOOL EGORI WATERSIDE,Wanno I,Etsako East
EDO,08,02,12,08,02,009,12/08/02/009,EGBEPUI PRIMARY SCH IVIEGBEPUI II,Wanno I,Etsako East
EDO,08,02,12,08,02,010,12/08/02/010,OKPODI PRIMARY SCH IVIANOKPODI II,Wanno I,Etsako East
EDO,08,02,12,08,02,011,12/08/02/011,EBUA P/S II IVIEBUA,Wanno I,Etsako East
EDO,08,02,12,08,02,000,12/08/02/000,12/08/02/000,Wanno I,Etsako East
EDO,08,03,12,08,03,001,12/08/03/001,"ATHEKHA PRY. SCHOOL, IVIUKWE/IVIOMOSI/SABO I",Wanno Ii,Etsako East
EDO,08,03,12,08,03,002,12/08/03/002,"ATHEKHA PRY. SCHOOL, IVIUKWE/IVIOMOSI/SABO II",Wanno Ii,Etsako East
EDO,08,03,12,08,03,003,12/08/03/003,"IVIOGHOME PRY. SCHOOL, IVIOGHOME",Wanno Ii,Etsako East
EDO,08,03,12,08,03,004,12/08/03/004,"OKUGBE PRY. SCHOOL, IVIOGHE I",Wanno Ii,Etsako East
EDO,08,03,12,08,03,005,12/08/03/005,"OKUGBE PRY. SCHOOL, IVIOGHE II",Wanno Ii,Etsako East
EDO,08,03,12,08,03,006,12/08/03/006,"EDEGBE PRY. SCHOOL, EDEGBE",Wanno Ii,Etsako East
EDO,08,03,12,08,03,007,12/08/03/007,"ALOAYE PRY. SCHOOL, IGIODE/ITOGBO ITHUEGBA/OKANAWA",Wanno Ii,Etsako East
EDO,08,03,12,08,03,008,12/08/03/008,"IJIELE PRY. SCHOOL, UZANU CAMPS",Wanno Ii,Etsako East
EDO,08,03,12,08,03,009,12/08/03/009,"UKPEKO OPEN SPACE, UKPEKO",Wanno Ii,Etsako East
EDO,08,03,12,08,03,010,12/08/03/010,"OTHAME PRY. SCHOOL ANNEX, OTHAME",Wanno Ii,Etsako East
EDO,08,03,12,08,03,011,12/08/03/011,IVIUKWE V/SQ II OZEKHOME,Wanno Ii,Etsako East
EDO,08,03,12,08,03,012,12/08/03/012,"IVIOMOSI TOWN HALL, IVIOMOSI",Wanno Ii,Etsako East
EDO,08,03,12,08,03,013,12/08/03/013,IFASHIE PRIMARY HEALTH CENTRE IVIOGHE,Wanno Ii,Etsako East
EDO,08,03,12,08,03,014,12/08/03/014,IVIOKPO MKT /SQ IVIOGHE BY IVIOKPO,Wanno Ii,Etsako East
EDO,08,03,12,08,03,015,12/08/03/015,IGIODE /ITOGBO MKT SQ,Wanno Ii,Etsako East
EDO,08,03,12,08,03,016,12/08/03/016,IGIODE SEC SCH IGIODE.,Wanno Ii,Etsako East
EDO,08,03,12,08,03,017,12/08/03/017,IGIODE ITHEVUGBE MKT SQ,Wanno Ii,Etsako East
EDO,08,03,12,08,03,018,12/08/03/018,UDOCHI OKE/UDOCHINAOWA VILL. SQ,Wanno Ii,Etsako East
EDO,08,03,12,08,03,000,12/08/03/000,12/08/03/000,Wanno Ii,Etsako East
EDO,08,04,12,08,04,001,12/08/04/001,"ADOSI PRY. SCHOOL, EKWOTSOR",Weppa,Etsako East
EDO,08,04,12,08,04,002,12/08/04/002,OKUGBE PRY. SCHOOL AVIODO,Weppa,Etsako East
EDO,08,04,12,08,04,003,12/08/04/003,"OVUEGBE PRY. SCHOOL, AGIERE I",Weppa,Etsako East
EDO,08,04,12,08,04,004,12/08/04/004,"OVUEGBE PRY. SCHOOL, AGIERE II",Weppa,Etsako East
EDO,08,04,12,08,04,005,12/08/04/005,"WEPPA MARKET SQUARE, OVAO/OTOAKWI",Weppa,Etsako East
EDO,08,04,12,08,04,006,12/08/04/006,"ARI, PRIMARY SCHOOL, IVIARI",Weppa,Etsako East
EDO,08,04,12,08,04,007,12/08/04/007,"UGIOKE PRIMARY SCHOOL, OWAI/UGUIOKE",Weppa,Etsako East
EDO,08,04,12,08,04,008,12/08/04/008,"OVOEGBE PRY. SCHOOL, ITSUKWI",Weppa,Etsako East
EDO,08,04,12,08,04,009,12/08/04/009,OSHOLO PRIMARY SCHOOL OSHOLO,Weppa,Etsako East
EDO,08,04,12,08,04,010,12/08/04/010,EKWOTSOR - TOWN HALL,Weppa,Etsako East
EDO,08,04,12,08,04,011,12/08/04/011,EKWOTSOR- PRIMARY HEALTH CARE,Weppa,Etsako East
EDO,08,04,12,08,04,012,12/08/04/012,IVIARI PRI HEALTH CARE,Weppa,Etsako East
EDO,08,04,12,08,04,000,12/08/04/000,12/08/04/000,Weppa,Etsako East
EDO,08,05,12,08,05,001,12/08/05/001,"IKPOMAZA GRAMMAR SCHOOL, OKPELLA",Okpella I,Etsako East
EDO,08,05,12,08,05,002,12/08/05/002,"AFEGBUA PRY. SCHOOL, IMIETEMEGIE/ITEKUME/IMIADATSE",Okpella I,Etsako East
EDO,08,05,12,08,05,003,12/08/05/003,"UTAYOKHE PRY. SCHOOL, IMIOSUMU/IMOGIA",Okpella I,Etsako East
EDO,08,05,12,08,05,004,12/08/05/004,"COURT HALL,IMIAKHANA/IMIANOKO",Okpella I,Etsako East
EDO,08,05,12,08,05,005,12/08/05/005,IMIAGBESE PRY. SCHOOL IMIAGBESE I,Okpella I,Etsako East
EDO,08,05,12,08,05,006,12/08/05/006,IMIAGBESE PRY. SCHOOL IMIAGBESE II,Okpella I,Etsako East
EDO,08,05,12,08,05,007,12/08/05/007,"PUBLIC SQUARE, IMIADATSE-ORERE",Okpella I,Etsako East
EDO,08,05,12,08,05,008,12/08/05/008,"AFEGBUA PRY. SCHOOL, AWUYEMI - I",Okpella I,Etsako East
EDO,08,05,12,08,05,009,12/08/05/009,"AFEGBUA PRY. SCHOOL, AWUYEMI - II",Okpella I,Etsako East
EDO,08,05,12,08,05,010,12/08/05/010,IKPOMAZA GRAMMAR SCH II,Okpella I,Etsako East
EDO,08,05,12,08,05,011,12/08/05/011,AFEGBUA  PRIMARY SCH II,Okpella I,Etsako East
EDO,08,05,12,08,05,012,12/08/05/012,UTAYOKHE P/S  II,Okpella I,Etsako East
EDO,08,05,12,08,05,013,12/08/05/013,"PRIMARY HEALTH CENTRE, IMIOGA, OKPELLA",Okpella I,Etsako East
EDO,08,05,12,08,05,014,12/08/05/014,TOWN HALL IMIANOKO,Okpella I,Etsako East
EDO,08,05,12,08,05,015,12/08/05/015,IMIAGBESE P/S IMIAGBESE III,Okpella I,Etsako East
EDO,08,05,12,08,05,016,12/08/05/016,IMIAGBESE P/S IMIAGBESE IV,Okpella I,Etsako East
EDO,08,05,12,08,05,017,12/08/05/017,UDIOKE VILLAGE SQ.,Okpella I,Etsako East
EDO,08,05,12,08,05,018,12/08/05/018,AFEGBUA P/S AWUYEMI III,Okpella I,Etsako East
EDO,08,05,12,08,05,019,12/08/05/019,AFEGBUA P/S AWUYEMI IV,Okpella I,Etsako East
EDO,08,05,12,08,05,000,12/08/05/000,12/08/05/000,Okpella I,Etsako East
EDO,08,06,12,08,06,001,12/08/06/001,"UGBEDOGUN PRY. SCHOOL, OGUTE",Okpella Ii,Etsako East
EDO,08,06,12,08,06,002,12/08/06/002,"UGBEDOGUN PRY. SCHOOL, UDIEGWA",Okpella Ii,Etsako East
EDO,08,06,12,08,06,003,12/08/06/003,"EKURI PRY. SCHOOL, IGHIATSE/IMHIRHOKHO/IMANABA   I",Okpella Ii,Etsako East
EDO,08,06,12,08,06,004,12/08/06/004,"EKURI PRY. SCHOOL, IGHIATSE/IMHIRHOKHO/IMANABA   II",Okpella Ii,Etsako East
EDO,08,06,12,08,06,005,12/08/06/005,"ILEWURI PUBLIC SQUARE, ILEWURI",Okpella Ii,Etsako East
EDO,08,06,12,08,06,006,12/08/06/006,"OFUOKHA PRY. SCHOOL, OKHU/OFUOKHA",Okpella Ii,Etsako East
EDO,08,06,12,08,06,007,12/08/06/007,"OFUOKHA PRY. SCHOOL, ITUROGBE",Okpella Ii,Etsako East
EDO,08,06,12,08,06,008,12/08/06/008,"UGBEDOGUN PRY. SCHOOL, OKOKPETU",Okpella Ii,Etsako East
EDO,08,06,12,08,06,009,12/08/06/009,"UDIOGIEGIE PRY. SCHOOL, IMIENEGWE",Okpella Ii,Etsako East
EDO,08,06,12,08,06,010,12/08/06/010,UGBEDOGUN  P/S OGUTE II,Okpella Ii,Etsako East
EDO,08,06,12,08,06,011,12/08/06/011,UGBEDOGUN P/S UDIEGWA II,Okpella Ii,Etsako East
EDO,08,06,12,08,06,012,12/08/06/012,EKURI P/S IGHIATSE/IMIHIRHOKHO/IMANABA III,Okpella Ii,Etsako East
EDO,08,06,12,08,06,013,12/08/06/013,"EKURI P/S IV, IGHATSE /IMHIRHOKHO /IMANABA",Okpella Ii,Etsako East
EDO,08,06,12,08,06,014,12/08/06/014,OFUOKHA P/S OKHU/OFUOKHA  II,Okpella Ii,Etsako East
EDO,08,06,12,08,06,015,12/08/06/015,OFUOKHA P/S II ITUROGBE,Okpella Ii,Etsako East
EDO,08,06,12,08,06,016,12/08/06/016,UGBEDOGUN P/S OKOKPETU II,Okpella Ii,Etsako East
EDO,08,06,12,08,06,017,12/08/06/017,UDIOGIEGIE P/S IMIENEGWE II,Okpella Ii,Etsako East
EDO,08,06,12,08,06,000,12/08/06/000,12/08/06/000,Okpella Ii,Etsako East
EDO,08,07,12,08,07,001,12/08/07/001,"LOCAL GOVT. MATERNITY, IMIOMIME/IDANE/OKE  I",Okpella Iii,Etsako East
EDO,08,07,12,08,07,002,12/08/07/002,"LOCAL GOVT. MATERNITY, IMIOMIME/IDANE/OKE  II",Okpella Iii,Etsako East
EDO,08,07,12,08,07,003,12/08/07/003,"ERAMHE PRY SCHOOL, IMIOKO/UTEGIE",Okpella Iii,Etsako East
EDO,08,07,12,08,07,004,12/08/07/004,"OGODOR PRY. SCHOOL, OGIRIGA",Okpella Iii,Etsako East
EDO,08,07,12,08,07,005,12/08/07/005,"ERAMHE PRY. SCHOOL, MIETEKE/YELUWA",Okpella Iii,Etsako East
EDO,08,07,12,08,07,006,12/08/07/006,"ERAMHE PRY. SCHOOL, IMIOMOKA",Okpella Iii,Etsako East
EDO,08,07,12,08,07,007,12/08/07/007,"RHINOCEM, FACTORY CAMP",Okpella Iii,Etsako East
EDO,08,07,12,08,07,008,12/08/07/008,"ERAMHE PRY. SCHOOL, KALABAR",Okpella Iii,Etsako East
EDO,08,07,12,08,07,009,12/08/07/009,LGA MATERNITY  IMIOMIME/IDANE/OKE III,Okpella Iii,Etsako East
EDO,08,07,12,08,07,010,12/08/07/010,LGA MATERNITY IMIOMIME /IDANE/ OKE IV PRY HEALTH CENTER,Okpella Iii,Etsako East
EDO,08,07,12,08,07,011,12/08/07/011,ERAMHE P/S IMIOKO/UTEGIE II,Okpella Iii,Etsako East
EDO,08,07,12,08,07,012,12/08/07/012,ERAMHE P/S. IMIOKO UTEGIE III,Okpella Iii,Etsako East
EDO,08,07,12,08,07,013,12/08/07/013,OGODOR P/S II OGIRIGA RD,Okpella Iii,Etsako East
EDO,08,07,12,08,07,014,12/08/07/014,PRIMARY HEALTH CENTER OGIRIGA,Okpella Iii,Etsako East
EDO,08,07,12,08,07,015,12/08/07/015,AFOKPELLA SEC/SCH I OGEDE,Okpella Iii,Etsako East
EDO,08,07,12,08,07,016,12/08/07/016,"AFOKPELLA SEC/SCH II ,OGEDE",Okpella Iii,Etsako East
EDO,08,07,12,08,07,017,12/08/07/017,EWO MARKET OFOMEGBE,Okpella Iii,Etsako East
EDO,08,07,12,08,07,018,12/08/07/018,"KALABA COMMUNITY  CENTER, KALABAR",Okpella Iii,Etsako East
EDO,08,07,12,08,07,000,12/08/07/000,12/08/07/000,Okpella Iii,Etsako East
EDO,08,08,12,08,08,001,12/08/08/001,"IDDO I PRY. SCHOOL, IDDO OLD SITE",Okpella Iv,Etsako East
EDO,08,08,12,08,08,002,12/08/08/002,"IDDO PRY. SCHOL, SABO",Okpella Iv,Etsako East
EDO,08,08,12,08,08,003,12/08/08/003,"IMIOKO QRTS/SHADE,  IMIOSHOGA I",Okpella Iv,Etsako East
EDO,08,08,12,08,08,004,12/08/08/004,"IMIOKO QRTS/SHADE,  IMIOSHOGA II",Okpella Iv,Etsako East
EDO,08,08,12,08,08,005,12/08/08/005,"IMIOKPE QRTS/SHADE, IMIOKPE",Okpella Iv,Etsako East
EDO,08,08,12,08,08,006,12/08/08/006,"EVEVA PRY. SCHOL, OKUGBE I",Okpella Iv,Etsako East
EDO,08,08,12,08,08,007,12/08/08/007,"EVEVA PRY. SCHOOL, IMIEKURI",Okpella Iv,Etsako East
EDO,08,08,12,08,08,008,12/08/08/008,"EVEVA PRY. SCHOOL, OKUGBE II",Okpella Iv,Etsako East
EDO,08,08,12,08,08,009,12/08/08/009,"OGUGU CAMP OPEN SPACE, OGUGU",Okpella Iv,Etsako East
EDO,08,08,12,08,08,010,12/08/08/010,IDDO P/S SABO II,Okpella Iv,Etsako East
EDO,08,08,12,08,08,011,12/08/08/011,IMIOKO QTR/SHADE IMIOSHOGA III,Okpella Iv,Etsako East
EDO,08,08,12,08,08,012,12/08/08/012,"OPEN SPACE, ST MARGARET MARY HIGH SCHOOL",Okpella Iv,Etsako East
EDO,08,08,12,08,08,013,12/08/08/013,OPEN SPACE BY ELITE SEC SCH I IMIOKPE,Okpella Iv,Etsako East
EDO,08,08,12,08,08,014,12/08/08/014,OPEN SPACE BY ELITE SEC SCH II. IMIOKPE,Okpella Iv,Etsako East
EDO,08,08,12,08,08,015,12/08/08/015,EVEVA  P/S OKUGBE III OKUGBE,Okpella Iv,Etsako East
EDO,08,08,12,08,08,016,12/08/08/016,EVEVA P/S OKUGBE IV OKUGBE,Okpella Iv,Etsako East
EDO,08,08,12,08,08,017,12/08/08/017,EVEVA P/S IMIEKURI II OKUGBE,Okpella Iv,Etsako East
EDO,08,08,12,08,08,018,12/08/08/018,EVEVA P/ S OKUGBE III OKUGBE,Okpella Iv,Etsako East
EDO,08,08,12,08,08,019,12/08/08/019,EVEVA P/ S OKUGBE IV  OKUGBE,Okpella Iv,Etsako East
EDO,08,08,12,08,08,020,12/08/08/020,OGUGU CAMP OPEN SPACE II OGUGU,Okpella Iv,Etsako East
EDO,08,08,12,08,08,000,12/08/08/000,12/08/08/000,Okpella Iv,Etsako East
EDO,08,09,12,08,09,001,12/08/09/001,"EGWAKHIDE PRY. SCHOOL, IGODOR/ODOKIODE",Three Ibies,Etsako East
EDO,08,09,12,08,09,002,12/08/09/002,"ECHADAKWI PRY. SCHOOL, IKIOGE/EGABHE I",Three Ibies,Etsako East
EDO,08,09,12,08,09,003,12/08/09/003,"ECHADAKWI PRY. SCHOOL, IKIOGE/EGABHE II",Three Ibies,Etsako East
EDO,08,09,12,08,09,004,12/08/09/004,"ECHADAKWI PRY. SCHOOL,  SABO/OGODOR",Three Ibies,Etsako East
EDO,08,09,12,08,09,005,12/08/09/005,"FORMER L.E.A. SCHOOL, UJIOGWA/UKHOMOGWA",Three Ibies,Etsako East
EDO,08,09,12,08,09,006,12/08/09/006,"IMIEGBA GRAM. SCHOOL,  ABORKPA MKT. SQUAE",Three Ibies,Etsako East
EDO,08,09,12,08,09,007,12/08/09/007,"AZAMANDU PRY. SCHOOL, IMIEKEBU",Three Ibies,Etsako East
EDO,08,09,12,08,09,008,12/08/09/008,"AFEKHA PRY. SCHOOL, ITSUKWI",Three Ibies,Etsako East
EDO,08,09,12,08,09,009,12/08/09/009,"AZAMANDU PRY. SCHOOL, I ANNEX, OKPA/IDEGBESUA",Three Ibies,Etsako East
EDO,08,09,12,08,09,010,12/08/09/010,ECHADAKWI P/S IKIOGE/EGABHE III,Three Ibies,Etsako East
EDO,08,09,12,08,09,011,12/08/09/011,ECHADAKWI P/S IKIOGE/EGABHE IV,Three Ibies,Etsako East
EDO,08,09,12,08,09,012,12/08/09/012,PRIMARY HEALTH CENTER BESIDE MARKET SQUARE,Three Ibies,Etsako East
EDO,08,09,12,08,09,013,12/08/09/013,FORMER L E A SCH  UJIOGWA/UKHOMOGWA II,Three Ibies,Etsako East
EDO,08,09,12,08,09,014,12/08/09/014,IMIEGBA GRAMM SCH II,Three Ibies,Etsako East
EDO,08,09,12,08,09,015,12/08/09/015,AZAMANDU P/S IMIEKEBU II,Three Ibies,Etsako East
EDO,08,09,12,08,09,016,12/08/09/016,AZAMANDU P/S IMIEKEBU III,Three Ibies,Etsako East
EDO,08,09,12,08,09,017,12/08/09/017,AFEKHA P/S ITSUKWI II,Three Ibies,Etsako East
EDO,08,09,12,08,09,000,12/08/09/000,12/08/09/000,Three Ibies,Etsako East
EDO,08,10,12,08,10,001,12/08/10/001,"OTSELE PRY. SCHOOL, ODISHEMI/OKUGI/UFODOBO",Okpekpe,Etsako East
EDO,08,10,12,08,10,002,12/08/10/002,"OTSELE PRY. SCHOOL, OKIODE/IVIOKE/NEW SITE",Okpekpe,Etsako East
EDO,08,10,12,08,10,003,12/08/10/003,"OGWOKHA, OKWOKHA-OKPEKPE",Okpekpe,Etsako East
EDO,08,10,12,08,10,004,12/08/10/004,"AMUGE ANNEX, AMUGE-EBELLE",Okpekpe,Etsako East
EDO,08,10,12,08,10,005,12/08/10/005,"ODUBA PRY. SCHOOL, EBELLE TOWN",Okpekpe,Etsako East
EDO,08,10,12,08,10,006,12/08/10/006,"EDOKHA PRY. SCHOOL, UKHOMEDOKHA",Okpekpe,Etsako East
EDO,08,10,12,08,10,007,12/08/10/007,"IKPELLI PRY. SCHOOL, IKPELLI - EBELLE",Okpekpe,Etsako East
EDO,08,10,12,08,10,008,12/08/10/008,"OPEN SPACE, OKEKO/ACHITANYA/UJUOKPASA",Okpekpe,Etsako East
EDO,08,10,12,08,10,009,12/08/10/009,EKHALE P/S AFOMHE OKPEKPE,Okpekpe,Etsako East
EDO,08,10,12,08,10,010,12/08/10/010,OKUGI MARKET SQUARE OKUGI,Okpekpe,Etsako East
EDO,08,10,12,08,10,011,12/08/10/011,OGWA AGBIGE SQ,Okpekpe,Etsako East
EDO,08,10,12,08,10,012,12/08/10/012,PRIMARY HEALTH CENTRE EBELLE,Okpekpe,Etsako East
EDO,08,10,12,08,10,013,12/08/10/013,MARY MOTHER OF GOD P/S OTSATSA,Okpekpe,Etsako East
EDO,08,10,12,08,10,000,12/08/10/000,12/08/10/000,Okpekpe,Etsako East
EDO,09,01,12,09,01,001,12/09/01/001,AFENOKHUA/OTARU PALACE - OPEN SPACE,Auchi,Etsako West
EDO,09,01,12,09,01,002,12/09/01/002,ABU/IGBAFE - NEAR UGIEDANE MOSQUE,Auchi,Etsako West
EDO,09,01,12,09,01,003,12/09/01/003,YELUWA - BOOTH,Auchi,Etsako West
EDO,09,01,12,09,01,004,12/09/01/004,MOMOH ST. EGELEGOR - OSUGUN P/S,Auchi,Etsako West
EDO,09,01,12,09,01,005,12/09/01/005,IDALU ST OPPOSITE T.F. - USOGUN PRIMARY SCHOOL,Auchi,Etsako West
EDO,09,01,12,09,01,006,12/09/01/006,KADIRI AREA - OPEN SPACE,Auchi,Etsako West
EDO,09,01,12,09,01,007,12/09/01/007,IYOGAGA QRTS - BOOTH,Auchi,Etsako West
EDO,09,01,12,09,01,008,12/09/01/008,CENTRAL MOSQUE/UGHELE MKT. AREA - BOOTH INUGHELE MKT.,Auchi,Etsako West
EDO,09,01,12,09,01,009,12/09/01/009,OKOTO-IYETSE- OKOTO-IYETSE BOOTH,Auchi,Etsako West
EDO,09,01,12,09,01,010,12/09/01/010,IDANE-IYETSE- IDANE-IYETSE BOOTH,Auchi,Etsako West
EDO,09,01,12,09,01,011,12/09/01/011,OPEN SPACE -OPP.AFENOKHUA/OLD OTARU PALACE,Auchi,Etsako West
EDO,09,01,12,09,01,012,12/09/01/012,OPEN SPACE - OPP.TOTAL FILLING STATION UGIEDANE,Auchi,Etsako West
EDO,09,01,12,09,01,013,12/09/01/013,"OPEN SPACE - OPP.OLD ZENITH BANK BESIDES MOBIL OIL,UGIEDANE",Auchi,Etsako West
EDO,09,01,12,09,01,014,12/09/01/014,OPEN SPACE -BESIDES TOTAL FILLING STATION UGIEDANE,Auchi,Etsako West
EDO,09,01,12,09,01,015,12/09/01/015,"OPEN SPACE -ROYAL BLOCK,UGIEDANE",Auchi,Etsako West
EDO,09,01,12,09,01,016,12/09/01/016,"OPEN SPACE, BEHIND IKARO MOSQUE,IKHARO STR. YELUWA.",Auchi,Etsako West
EDO,09,01,12,09,01,017,12/09/01/017,OPEN SPACE - COMMUNITY BORE-HOLE YELUWA QUARTERS,Auchi,Etsako West
EDO,09,01,12,09,01,018,12/09/01/018,OPEN SPACE- MOMOH STR. EGELESOR I- USOGUN P/S,Auchi,Etsako West
EDO,09,01,12,09,01,019,12/09/01/019,"OPEN SPACE,BESIDE LIZBON CAR WASH/BAR, WARRAKE RD.",Auchi,Etsako West
EDO,09,01,12,09,01,020,12/09/01/020,OPEN SPACE OLD IKELEBE SEC.SCH. WARRAKE RD,Auchi,Etsako West
EDO,09,01,12,09,01,021,12/09/01/021,OPEN SPACE/MINISTRY OF PHYSICAL PLANNING/URBAN DEV. WARRAKE RD.,Auchi,Etsako West
EDO,09,01,12,09,01,022,12/09/01/022,"OPEN SPACE,NURTW, OPP. UNIQUE MEDICAL CENTRE WARRAKE RD",Auchi,Etsako West
EDO,09,01,12,09,01,023,12/09/01/023,"UPPER BLOCK,UCHI P/S USOGUN",Auchi,Etsako West
EDO,09,01,12,09,01,024,12/09/01/024,TSANGAYA MODEL DAY P/S AUCHI,Auchi,Etsako West
EDO,09,01,12,09,01,025,12/09/01/025,TSANGAYA MODEL DAY P/S LIBRARY HALL AUCHI,Auchi,Etsako West
EDO,09,01,12,09,01,026,12/09/01/026,"OPEN SPACE,IYOGAGA/BAWA LANE",Auchi,Etsako West
EDO,09,01,12,09,01,027,12/09/01/027,OPEN SPACE- AFEADOKHAI JUNCTION/UGHELE MKT,Auchi,Etsako West
EDO,09,01,12,09,01,028,12/09/01/028,OPEN SPACE -OLELE JUNCTION BY IYETSE STR,Auchi,Etsako West
EDO,09,01,12,09,01,029,12/09/01/029,"OPEN SPACE,IYETSE STR JUNCTION,OPP. AP FILLING STATION",Auchi,Etsako West
EDO,09,01,12,09,01,000,12/09/01/000,12/09/01/000,Auchi,Etsako West
EDO,09,02,12,09,02,001,12/09/02/001,"AUDU CLOSE - UCHI P/S, AUCHI",Auchi I,Etsako West
EDO,09,02,12,09,02,002,12/09/02/002,AFESOKHAI QRTS -UCHI P/S,Auchi I,Etsako West
EDO,09,02,12,09,02,003,12/09/02/003,HAUSA QRTS - UCHI P/S,Auchi I,Etsako West
EDO,09,02,12,09,02,004,12/09/02/004,AFEKPOLOGHODO - MOMOH P/S,Auchi I,Etsako West
EDO,09,02,12,09,02,005,12/09/02/005,EGBEADOKHAI/MOMOH STREET- MOMOH PRIMARY SCHOOL,Auchi I,Etsako West
EDO,09,02,12,09,02,006,12/09/02/006,OTARU P/S AREA - OTARU P/S,Auchi I,Etsako West
EDO,09,02,12,09,02,007,12/09/02/007,GRA/SPE. HOSPITAL AREA - COUNCIL HALL,Auchi I,Etsako West
EDO,09,02,12,09,02,008,12/09/02/008,OPEN SPACE-AUDU CLOSE JUNCTION BY WARAKKE ROAD,Auchi I,Etsako West
EDO,09,02,12,09,02,009,12/09/02/009,COMPREHENSIVE HIGH SCHOOL JUNCTION BY LYASUDE TAILOR,Auchi I,Etsako West
EDO,09,02,12,09,02,010,12/09/02/010,OPEN SPACE BY FUTURE BUILDERS MONITORY GROUP OF  SCHOOL WATER TANKER ROAD,Auchi I,Etsako West
EDO,09,02,12,09,02,011,12/09/02/011,OPEN SPACE -HAUSA QTRS STREET JUNCTION,Auchi I,Etsako West
EDO,09,02,12,09,02,012,12/09/02/012,"OPEN SPACE -FORMER UNION BANK, WARRAKE ROAD",Auchi I,Etsako West
EDO,09,02,12,09,02,013,12/09/02/013,MOMOH PRIMARY SCHOOL AFEKPOLOGHODO,Auchi I,Etsako West
EDO,09,02,12,09,02,014,12/09/02/014,"OPEN SPACE -AFEKPOLOGHODO, INU UMORU STREET",Auchi I,Etsako West
EDO,09,02,12,09,02,015,12/09/02/015,"MOMOH PRIMARY SCHOOL, EGBEDOKHAI STREET",Auchi I,Etsako West
EDO,09,02,12,09,02,016,12/09/02/016,OPEN SPACE BY ALHAJI NASIRU DODO ELAMAH,Auchi I,Etsako West
EDO,09,02,12,09,02,017,12/09/02/017,OPEN SPACE ENGR.WAHAPI BELLO MOMOH BACK OF ZENITH BANK,Auchi I,Etsako West
EDO,09,02,12,09,02,018,12/09/02/018,AKPEKPE SECONDARY SCHOOL I,Auchi I,Etsako West
EDO,09,02,12,09,02,019,12/09/02/019,OPEN SPACE - AHMEED MOORE STREET BY GAMBO IBRAHIM HOUSE,Auchi I,Etsako West
EDO,09,02,12,09,02,020,12/09/02/020,OTARU PRIMARY SCHOOL,Auchi I,Etsako West
EDO,09,02,12,09,02,021,12/09/02/021,OPEN SPACE- GRA/SPE.HOSPITAL /AREA COUNCIL. NEW OTARU PALACE GRA,Auchi I,Etsako West
EDO,09,02,12,09,02,022,12/09/02/022,"OPEN SPACE,PAULOSA STREET.OPP COSBY MEMORIAL SCHOOL EDUCATION CENTER",Auchi I,Etsako West
EDO,09,02,12,09,02,000,12/09/02/000,12/09/02/000,Auchi I,Etsako West
EDO,09,03,12,09,03,001,12/09/03/001,AFAMANESI-EKHEI P/S,Auchi Ii,Etsako West
EDO,09,03,12,09,03,002,12/09/03/002,AFOSIGWE - EKHEI P/S,Auchi Ii,Etsako West
EDO,09,03,12,09,03,003,12/09/03/003,AFIGIEBOR/ AFEOLUOGBA-EKHEI P/S,Auchi Ii,Etsako West
EDO,09,03,12,09,03,004,12/09/03/004,FED. POLY GOLAN HEIGHT - FED POLY. HOSTEL G   I,Auchi Ii,Etsako West
EDO,09,03,12,09,03,005,12/09/03/005,FED. POLY GOLAN HEIGHT - FED POLY. HOSTEL G   II,Auchi Ii,Etsako West
EDO,09,03,12,09,03,006,12/09/03/006,AFEASURE/IGBE- AIBOTSE/IGBE P/S I,Auchi Ii,Etsako West
EDO,09,03,12,09,03,007,12/09/03/007,AFEOGIRI-IGBE/ AIBOTSE/IGBE P/S II,Auchi Ii,Etsako West
EDO,09,03,12,09,03,008,12/09/03/008,EKHEI P/S I,Auchi Ii,Etsako West
EDO,09,03,12,09,03,009,12/09/03/009,EKHEI P/S  II,Auchi Ii,Etsako West
EDO,09,03,12,09,03,010,12/09/03/010,"OPEN SPACE -LKPERABUDA, IYEKHEI",Auchi Ii,Etsako West
EDO,09,03,12,09,03,011,12/09/03/011,OPEN SPACE -ALH GIMA BY  SHARP CORNER POLYTECHNIC RD,Auchi Ii,Etsako West
EDO,09,03,12,09,03,012,12/09/03/012,IYEKHEI GIRLS G/S RD,Auchi Ii,Etsako West
EDO,09,03,12,09,03,013,12/09/03/013,IYEKHEI GIRLS S/S (BY VICTORY LODGE),Auchi Ii,Etsako West
EDO,09,03,12,09,03,014,12/09/03/014,"USOKWILI P/S RCCG, OPP PRIMARY HEALTH CARE",Auchi Ii,Etsako West
EDO,09,03,12,09,03,015,12/09/03/015,"PRIMARY HEALTH CARE, USOKWILI. AUCHI",Auchi Ii,Etsako West
EDO,09,03,12,09,03,016,12/09/03/016,OPEN SPACE -ENGR NASH ST (OPP GREEN MOSQUE),Auchi Ii,Etsako West
EDO,09,03,12,09,03,017,12/09/03/017,"USOKWILI MKT SQ , IYEKHEI ROAD.",Auchi Ii,Etsako West
EDO,09,03,12,09,03,018,12/09/03/018,"OPEN SPACE -OPP CAMPUS 2 GATE, AUCHI POLY",Auchi Ii,Etsako West
EDO,09,03,12,09,03,019,12/09/03/019,OPEN SPACE -FED POLYTECHNIC  HOSTEL G -,Auchi Ii,Etsako West
EDO,09,03,12,09,03,020,12/09/03/020,OPEN SPACE - BESIDE HOSTEL GATE,Auchi Ii,Etsako West
EDO,09,03,12,09,03,021,12/09/03/021,"OPEN SPACE -ANGLE 90 (BESIDE ROAD SAFETY ), ALONG B/OKENE ROAD.",Auchi Ii,Etsako West
EDO,09,03,12,09,03,022,12/09/03/022,MECHANIC VILLAGE - TOWN HALL,Auchi Ii,Etsako West
EDO,09,03,12,09,03,023,12/09/03/023,"OPEN SPACE -AUCHI TRANSMISSION STATION, AKHARUMA",Auchi Ii,Etsako West
EDO,09,03,12,09,03,024,12/09/03/024,"OPEN SPACE -OPP AL-MUKHTAR SEC, SCHL",Auchi Ii,Etsako West
EDO,09,03,12,09,03,025,12/09/03/025,"OPEN SPACE -BESIDE FOUR SQUARE CHURCH (ALONG WINNER S RD, OFF B/OKENE RD, AUCHI",Auchi Ii,Etsako West
EDO,09,03,12,09,03,026,12/09/03/026,"OPEN SPACE , BESIDE MOSQUE (OFF WINNERS RD, AKHARUMAH VIL,)",Auchi Ii,Etsako West
EDO,09,03,12,09,03,027,12/09/03/027,AFEOGIRI/IGBE/AIBOTSE/IGBE P/SCHOOL II,Auchi Ii,Etsako West
EDO,09,03,12,09,03,028,12/09/03/028,"OPEN SPACE-BEHIND IGBE MKT SQ ,",Auchi Ii,Etsako West
EDO,09,03,12,09,03,029,12/09/03/029,OPEN SPACE-BESIDE ASSEMBLIES OF GOD CHURCH (ALONG INU UMORU),Auchi Ii,Etsako West
EDO,09,03,12,09,03,030,12/09/03/030,"OPEN SPACE - ALONG OGIRI ST.  - B/OKENE, AUCHI",Auchi Ii,Etsako West
EDO,09,03,12,09,03,000,12/09/03/000,12/09/03/000,Auchi Ii,Etsako West
EDO,09,04,12,09,04,001,12/09/04/001,UDIANEGBE - OLD POST OFFICE,Auchi Iii,Etsako West
EDO,09,04,12,09,04,002,12/09/04/002,OKOTO UGUYI AND IDANE UGUYI - OLELE ST. BOOTH,Auchi Iii,Etsako West
EDO,09,04,12,09,04,003,12/09/04/003,I.C.. E ROAD AREA - I.C.E.,Auchi Iii,Etsako West
EDO,09,04,12,09,04,004,12/09/04/004,IYOFA/OKPOKWILI - NEAR IYOFA MOSQUE,Auchi Iii,Etsako West
EDO,09,04,12,09,04,005,12/09/04/005,AFOBOME - AFOBOME BOOTH,Auchi Iii,Etsako West
EDO,09,04,12,09,04,006,12/09/04/006,OUR LADY OF FATIMA AREAS - OUR LADY OF FATIMA COLLEGE,Auchi Iii,Etsako West
EDO,09,04,12,09,04,007,12/09/04/007,AFEAGBOKHAIKHUME. AIBOTSE - AIBOTSE/ IGBE P/S,Auchi Iii,Etsako West
EDO,09,04,12,09,04,008,12/09/04/008,AFEAGBOKHAIKHUME - AIBOTSE P/S,Auchi Iii,Etsako West
EDO,09,04,12,09,04,009,12/09/04/009,SCH. OF EME IGBIRA CAMP - IGBIRA CAMP BOOTH,Auchi Iii,Etsako West
EDO,09,04,12,09,04,010,12/09/04/010,NICOHO BARRACKS - MAIMI MKT. BOOTH,Auchi Iii,Etsako West
EDO,09,04,12,09,04,011,12/09/04/011,OPEN SPACE PICK UP GARAGE,Auchi Iii,Etsako West
EDO,09,04,12,09,04,012,12/09/04/012,OPEN SPACE BY ALHAJI IGUELAZOR UGIANAGBE,Auchi Iii,Etsako West
EDO,09,04,12,09,04,013,12/09/04/013,I.C.E  ROAD AREA - ICE,Auchi Iii,Etsako West
EDO,09,04,12,09,04,014,12/09/04/014,OPEN SPACE BY UGHUYE PALACE AKPEKPE,Auchi Iii,Etsako West
EDO,09,04,12,09,04,015,12/09/04/015,OPEN SPACE NEAR RISING STAR BAKARY UGHUYE AKPEKPE,Auchi Iii,Etsako West
EDO,09,04,12,09,04,016,12/09/04/016,OPEN SPACE OKPOKWILI SQUARE AKPEKPE,Auchi Iii,Etsako West
EDO,09,04,12,09,04,017,12/09/04/017,ETSAKO PRIMARY SCHOOL AKPEKPE,Auchi Iii,Etsako West
EDO,09,04,12,09,04,018,12/09/04/018,"OPEN SPACE BY DARISU ALIU, AFOBOME",Auchi Iii,Etsako West
EDO,09,04,12,09,04,019,12/09/04/019,"OPEN SPACE BY LATE ALHAJI SALAWE BEHIND UBA BANK, SALAWE.",Auchi Iii,Etsako West
EDO,09,04,12,09,04,020,12/09/04/020,OPEN SPACE GIMBA PALACE AFOBOME,Auchi Iii,Etsako West
EDO,09,04,12,09,04,021,12/09/04/021,NEPA OFFICE AIBOTSE,Auchi Iii,Etsako West
EDO,09,04,12,09,04,022,12/09/04/022,AIBOTSE SECONDARY SCHOOL I,Auchi Iii,Etsako West
EDO,09,04,12,09,04,023,12/09/04/023,AIBOTSE SECONDARY SCHOOL II,Auchi Iii,Etsako West
EDO,09,04,12,09,04,024,12/09/04/024,AIBOTSE TOWN HALL I,Auchi Iii,Etsako West
EDO,09,04,12,09,04,025,12/09/04/025,AIBOTSE YOUTH PRIMARY SCHOOL,Auchi Iii,Etsako West
EDO,09,04,12,09,04,026,12/09/04/026,AIBOTSE SECONDARY SCHOOL II,Auchi Iii,Etsako West
EDO,09,04,12,09,04,027,12/09/04/027,AIBOTSE TOWN HALL II,Auchi Iii,Etsako West
EDO,09,04,12,09,04,028,12/09/04/028,AIBOTSE YOUTH PRIMARY SCHOOL I,Auchi Iii,Etsako West
EDO,09,04,12,09,04,029,12/09/04/029,OPEN SPACE BRAIMAH PETRO STATION IGBIRA CAMP,Auchi Iii,Etsako West
EDO,09,04,12,09,04,030,12/09/04/030,OTARU PRIMARY ANNEX IGBIRA CAMP,Auchi Iii,Etsako West
EDO,09,04,12,09,04,031,12/09/04/031,HEALTH CENTRE IGBIRA CAMP,Auchi Iii,Etsako West
EDO,09,04,12,09,04,000,12/09/04/000,12/09/04/000,Auchi Iii,Etsako West
EDO,09,05,12,09,05,001,12/09/05/001,SABO-IYAKPI-EKHAIBHELE PRY. / SCH. I,South Ibie,Etsako West
EDO,09,05,12,09,05,002,12/09/05/002,SABO-IYAKPI-EKHAIBHELE PRY. / SCH. II,South Ibie,Etsako West
EDO,09,05,12,09,05,003,12/09/05/003,AFOGBE- IYAKPI - OSHIOZEKHAI P/S,South Ibie,Etsako West
EDO,09,05,12,09,05,004,12/09/05/004,ANWUOWELE IYAKPI-OSIOZEKHAI P/S,South Ibie,Etsako West
EDO,09,05,12,09,05,005,12/09/05/005,AFOMHE IYESIMU- OSHIOZEKHAI PRIMARY SCHOOL,South Ibie,Etsako West
EDO,09,05,12,09,05,006,12/09/05/006,ODIEBIE/EGBAI - OSHIOZEKHAI PRY. / SCH.,South Ibie,Etsako West
EDO,09,05,12,09,05,007,12/09/05/007,AFOKHOKHO AFOKHAI- NEAR AIDONOGIE PALACE (BOOTH),South Ibie,Etsako West
EDO,09,05,12,09,05,008,12/09/05/008,AFOME IYAKPAKWE - IBIENAFE TOWN HALL,South Ibie,Etsako West
EDO,09,05,12,09,05,009,12/09/05/009,ABHOME/UKPOLOGIE IBIE - IGEBO P/S,South Ibie,Etsako West
EDO,09,05,12,09,05,010,12/09/05/010,UGIEDA - UGIEDA P/S,South Ibie,Etsako West
EDO,09,05,12,09,05,011,12/09/05/011,IYEREKHU - IYEREKHU PRY.  / SCH. I,South Ibie,Etsako West
EDO,09,05,12,09,05,012,12/09/05/012,IYEREKHU - IYEREKHU PRY. /SCH. II,South Ibie,Etsako West
EDO,09,05,12,09,05,013,12/09/05/013,EGBOGIO - IKIRODA P/S,South Ibie,Etsako West
EDO,09,05,12,09,05,014,12/09/05/014,UGIEKHAI - IKIRODA P/S,South Ibie,Etsako West
EDO,09,05,12,09,05,015,12/09/05/015,OPEN SPACE -FRONT OF AWA HOPE NUR/PRY SCH. BY HAYDAK HOTELS-SABO,South Ibie,Etsako West
EDO,09,05,12,09,05,016,12/09/05/016,OPEN SPACE - OSU VILLAGE SQUARE ALONG AMIDU IKIENU STREET,South Ibie,Etsako West
EDO,09,05,12,09,05,017,12/09/05/017,OPEN SPACE-OBA DANESI VILLAGE SQUARE OPPOSITE AUCHI POLY CAMPUS 2 GATE,South Ibie,Etsako West
EDO,09,05,12,09,05,018,12/09/05/018,SABO-EKHAIBVELE PRY SCH. III,South Ibie,Etsako West
EDO,09,05,12,09,05,019,12/09/05/019,SABO-EKHAIVBELE PRY. SCH. IV,South Ibie,Etsako West
EDO,09,05,12,09,05,020,12/09/05/020,SABO-EKHAIVBELE PRY SCH. V,South Ibie,Etsako West
EDO,09,05,12,09,05,021,12/09/05/021,"OPEN FIELD BY PASTORAL CENTRE, OPP. LEVIS GAS SABO",South Ibie,Etsako West
EDO,09,05,12,09,05,022,12/09/05/022,PRIMARY HEALTH CENTER-SABO I,South Ibie,Etsako West
EDO,09,05,12,09,05,023,12/09/05/023,OPEN SPACE 2ND POWERLINE FRONT OF DEEPER LIFE CHURCH-SABO,South Ibie,Etsako West
EDO,09,05,12,09,05,024,12/09/05/024,ANOGWELE BOREHOLE WATER OPEN SPACE I,South Ibie,Etsako West
EDO,09,05,12,09,05,025,12/09/05/025,ANOGWELE BOREHOLE WATER OPEN SPACE II,South Ibie,Etsako West
EDO,09,05,12,09,05,026,12/09/05/026,OPEN SPACE - OSOMEGBE GENERAL MOSQUE PREMISES,South Ibie,Etsako West
EDO,09,05,12,09,05,027,12/09/05/027,OPEN SPAC OGWODE QUARTER -IYAKPI,South Ibie,Etsako West
EDO,09,05,12,09,05,028,12/09/05/028,SOUTH-IBIE SEC. SCH. IYAKPI I,South Ibie,Etsako West
EDO,09,05,12,09,05,029,12/09/05/029,SOUTH-IBIE SEC. SCH. IYAKPI II,South Ibie,Etsako West
EDO,09,05,12,09,05,030,12/09/05/030,OPEN SPACE ODIBIE QTRS SQUARE BY THE MOSQUE-IYAKPI,South Ibie,Etsako West
EDO,09,05,12,09,05,031,12/09/05/031,OPEN SPACE -OLD COURT PREMISES  IYAKPI,South Ibie,Etsako West
EDO,09,05,12,09,05,032,12/09/05/032,OPEN SPACE- AFIDANESI PALACE OPEN SPACE  IYAKPI,South Ibie,Etsako West
EDO,09,05,12,09,05,033,12/09/05/033,AFOGBE/AFOKHAI VILLAGE SQUARE BY FOGBE MOSQUE,South Ibie,Etsako West
EDO,09,05,12,09,05,034,12/09/05/034,OPEN SPACE -AFOMHE QUARTER  FRONT OF CHIEF'S PALACE-IBIENAFE,South Ibie,Etsako West
EDO,09,05,12,09,05,035,12/09/05/035,IBIENAFE SEC. SCHOOL  IBIENAFE,South Ibie,Etsako West
EDO,09,05,12,09,05,036,12/09/05/036,OPEN SPACE- UKPOLOGE-OBEOMO- IBIENAFE,South Ibie,Etsako West
EDO,09,05,12,09,05,037,12/09/05/037,"IGEBO PRY SCH II  IBUENAFE SECONDARY SHOOL, IBUENAFE",South Ibie,Etsako West
EDO,09,05,12,09,05,038,12/09/05/038,"OPEN SPACE -IYONAMHE QUARTER BY THE 24 MOSQUE, UGIEDA",South Ibie,Etsako West
EDO,09,05,12,09,05,039,12/09/05/039,UGIEDA MARKET SQUARE II,South Ibie,Etsako West
EDO,09,05,12,09,05,040,12/09/05/040,IYEREKHU VILLAGE MARKET SQUARE I,South Ibie,Etsako West
EDO,09,05,12,09,05,041,12/09/05/041,IYEREKHU VILLAGE MARKET SQUARE II,South Ibie,Etsako West
EDO,09,05,12,09,05,042,12/09/05/042,IYEREKHU PRY SCH III,South Ibie,Etsako West
EDO,09,05,12,09,05,043,12/09/05/043,UGIEKHAI TOWN HALL,South Ibie,Etsako West
EDO,09,05,12,09,05,044,12/09/05/044,AKHUME PRY SCH  EGBOGIO,South Ibie,Etsako West
EDO,09,05,12,09,05,000,12/09/05/000,12/09/05/000,South Ibie,Etsako West
EDO,09,06,12,09,06,001,12/09/06/001,IHILAME- ADULT SCH. HALL UPPER IHILAME I,Jagbe,Etsako West
EDO,09,06,12,09,06,002,12/09/06/002,IHILAME- ADULT SCH. HALL UPPER IHILAME II,Jagbe,Etsako West
EDO,09,06,12,09,06,003,12/09/06/003,IHILAME - ENIALIGIE P/S,Jagbe,Etsako West
EDO,09,06,12,09,06,004,12/09/06/004,IKHUA - EBESEMOBO P/S,Jagbe,Etsako West
EDO,09,06,12,09,06,005,12/09/06/005,EKO-EBOGIELE- DISPENSARY MATERNITY,Jagbe,Etsako West
EDO,09,06,12,09,06,006,12/09/06/006,IMIOKONO - AGBEN P/S,Jagbe,Etsako West
EDO,09,06,12,09,06,007,12/09/06/007,IMIOGIA - AGBEN P/S,Jagbe,Etsako West
EDO,09,06,12,09,06,008,12/09/06/008,"LMIOKONO,AGBEN P/S IMIOKONO I",Jagbe,Etsako West
EDO,09,06,12,09,06,000,12/09/06/000,12/09/06/000,Jagbe,Etsako West
EDO,09,07,12,09,07,001,12/09/07/001,EKIODE MOMUDU COL. AREA - MOMODU COLLEGE,Aviele,Etsako West
EDO,09,07,12,09,07,002,12/09/07/002,AGAGA QTRS - OMOAKA P/S,Aviele,Etsako West
EDO,09,07,12,09,07,003,12/09/07/003,HABEEB CAMP IYEZAMA - ATEBHEDA P/S,Aviele,Etsako West
EDO,09,07,12,09,07,004,12/09/07/004,OSOMEGBE OKWALE - ATEBHEDA P/S,Aviele,Etsako West
EDO,09,07,12,09,07,005,12/09/07/005,DODODAWA AREAS - BOOTH NEAR PALACE MARKET.,Aviele,Etsako West
EDO,09,07,12,09,07,006,12/09/07/006,AFAZOBA/ABUMERE/IYEKHUAZU - AZEMOKAI P/S,Aviele,Etsako West
EDO,09,07,12,09,07,007,12/09/07/007,YORUBA/IYELEKPIGIE/IYIOKO - AZEMOKHAI P/S,Aviele,Etsako West
EDO,09,07,12,09,07,008,12/09/07/008,ODIGIE - IYEKERE JUNCTION,Aviele,Etsako West
EDO,09,07,12,09,07,009,12/09/07/009,EGHO OLD SITE -BOOTH,Aviele,Etsako West
EDO,09,07,12,09,07,010,12/09/07/010,EGHO NEW SITE EGHO P/S,Aviele,Etsako West
EDO,09,07,12,09,07,011,12/09/07/011,OGUOLA - BOOTH AT OGUOLA,Aviele,Etsako West
EDO,09,07,12,09,07,012,12/09/07/012,EGONO - EGONO P/S,Aviele,Etsako West
EDO,09,07,12,09,07,013,12/09/07/013,OKOTO-UGHIOLI - UGHIOLI P/S I,Aviele,Etsako West
EDO,09,07,12,09,07,014,12/09/07/014,OKOTO-UGHIOLI - UGHIOLI P/S II,Aviele,Etsako West
EDO,09,07,12,09,07,015,12/09/07/015,IDANE UGHOLI - UGHIOLI P/S,Aviele,Etsako West
EDO,09,07,12,09,07,016,12/09/07/016,ADETSE EKO UBIANE - ESIVUE P/S,Aviele,Etsako West
EDO,09,07,12,09,07,017,12/09/07/017,AFANOKPI UBIANE - ESIVUE P/S,Aviele,Etsako West
EDO,09,07,12,09,07,018,12/09/07/018,EKO HABEEB HEALTH CENTRE,Aviele,Etsako West
EDO,09,07,12,09,07,019,12/09/07/019,OSOMEGBE ATEBHEDA PRIMARY SCHOOL,Aviele,Etsako West
EDO,09,07,12,09,07,020,12/09/07/020,OPEN SPACE BY AHMEDU ORHEGIE OGBIDE STR,Aviele,Etsako West
EDO,09,07,12,09,07,021,12/09/07/021,OPEN SPACE - DODODAWA BY YUSUF MOMODU,Aviele,Etsako West
EDO,09,07,12,09,07,022,12/09/07/022,OPEN SPACE-MARKET ROAD JUNCTION OPEN SPACE HAJI ONE MUSAH,Aviele,Etsako West
EDO,09,07,12,09,07,023,12/09/07/023,OPEN SPACE - MARKET ROAD JUNCTION,Aviele,Etsako West
EDO,09,07,12,09,07,024,12/09/07/024,ODIGIE EGHO JUNCTION OPEN SPACE BY SANI USMAN,Aviele,Etsako West
EDO,09,07,12,09,07,025,12/09/07/025,EGONO MARKET JUNCTION,Aviele,Etsako West
EDO,09,07,12,09,07,026,12/09/07/026,ZONGO ESTAKO WEST CATTLE MARKET AVIELE,Aviele,Etsako West
EDO,09,07,12,09,07,027,12/09/07/027,ABC NUSURY AND PRIMARY EKE QUARTER,Aviele,Etsako West
EDO,09,07,12,09,07,028,12/09/07/028,ABC NUSURY AND PRIMARY SCHOOL EKE QUARTER,Aviele,Etsako West
EDO,09,07,12,09,07,029,12/09/07/029,OPEN SPACE UGHIOLI CAR PACK T-JUNCTION,Aviele,Etsako West
EDO,09,07,12,09,07,030,12/09/07/030,OPEN SPACE LOCAL GOVERNMENT TRAILER PACK AVIELE,Aviele,Etsako West
EDO,09,07,12,09,07,031,12/09/07/031,UGHIOLI SECONDARY SCHOOL III,Aviele,Etsako West
EDO,09,07,12,09,07,032,12/09/07/032,"OPEN SPACE,OPPOSITE CATHOLIC CHURCH,UGHIOLE.",Aviele,Etsako West
EDO,09,07,12,09,07,033,12/09/07/033,"OPEN SPACE,FRONT OF UGHIOLE MARKET SQUARE",Aviele,Etsako West
EDO,09,07,12,09,07,034,12/09/07/034,ARABIC SCHOOL OPPOSITE  UBIANE PALACE,Aviele,Etsako West
EDO,09,07,12,09,07,035,12/09/07/035,OPEN SPACE BY MALLAM YUSUF MUTALA UBIANE,Aviele,Etsako West
EDO,09,07,12,09,07,036,12/09/07/036,HEALTH CENTRE UBIANE,Aviele,Etsako West
EDO,09,07,12,09,07,037,12/09/07/037,OPEN SPACE BY EMOZOFU UBIANE MARKET SQUARE,Aviele,Etsako West
EDO,09,07,12,09,07,038,12/09/07/038,OPEN SPACE UBIANE MARKET,Aviele,Etsako West
EDO,09,07,12,09,07,000,12/09/07/000,12/09/07/000,Aviele,Etsako West
EDO,09,08,12,09,08,001,12/09/08/001,IDEGUN / UKPEKO - AMAH - UNITY P/S  IDEGUN,Anwain,Etsako West
EDO,09,08,12,09,08,002,12/09/08/002,IDEGUN/UKEPKO - AMAH - UNITY  P/S IDEGUN,Anwain,Etsako West
EDO,09,08,12,09,08,003,12/09/08/003,"OVUGHU/ALIMOGIZA - OGIEMUDU  P/S, EWORA",Anwain,Etsako West
EDO,09,08,12,09,08,004,12/09/08/004,"OTTEH/IGHIRA - OGIEMUDU  P/S, EWORA",Anwain,Etsako West
EDO,09,08,12,09,08,005,12/09/08/005,"IBHIOBA - IBHIOBA PRMARY SCHOOL,  IBHIOBA",Anwain,Etsako West
EDO,09,08,12,09,08,006,12/09/08/006,"IMIEFOM/UMHEN - IYOKE  P/S, EWARE",Anwain,Etsako West
EDO,09,08,12,09,08,007,12/09/08/007,"IMIAMOBOR/IMIAIDA/UYAKI - IYOKE P/S,  EWARE",Anwain,Etsako West
EDO,09,08,12,09,08,008,12/09/08/008,"AMAH/IGBO/ORIAFO - IGHUKU  P/S, AMAH I",Anwain,Etsako West
EDO,09,08,12,09,08,009,12/09/08/009,"AMAH/IGBO/ORIAFO - IGHUKU P/S,  AMAH II",Anwain,Etsako West
EDO,09,08,12,09,08,010,12/09/08/010,OPEN SPACE BY ALH ABDUL-MUMIN JUBRI QTRS IDEGUN,Anwain,Etsako West
EDO,09,08,12,09,08,011,12/09/08/011,OPEN SPACE BY UGHELE/OARE PALACE QTRS,Anwain,Etsako West
EDO,09,08,12,09,08,012,12/09/08/012,OPEN SPACE UPPER AMAH AKPOLO/ IFELOA QTRS -,Anwain,Etsako West
EDO,09,08,12,09,08,013,12/09/08/013,"IGHUKU P/S, AMAH",Anwain,Etsako West
EDO,09,08,12,09,08,000,12/09/08/000,12/09/08/000,Anwain,Etsako West
EDO,09,09,12,09,09,001,12/09/09/001,"UGBENOR / IYUKU-UKU P/S,  IYUKU (JNR)",Uzairue North West,Etsako West
EDO,09,09,12,09,09,002,12/09/09/002,OKPOKWILI- OLELE - BOOTH,Uzairue North West,Etsako West
EDO,09,09,12,09,09,003,12/09/09/003,IYAKHALA I - UKU P/S (SNR.),Uzairue North West,Etsako West
EDO,09,09,12,09,09,004,12/09/09/004,IYAKHALA II - ADULT EDU HALL,Uzairue North West,Etsako West
EDO,09,09,12,09,09,005,12/09/09/005,OLELE - OPEN SPACE (MATERNITY),Uzairue North West,Etsako West
EDO,09,09,12,09,09,006,12/09/09/006,IMEKE - IMEKE P/S,Uzairue North West,Etsako West
EDO,09,09,12,09,09,007,12/09/09/007,IYOTSE - IMEKE P/S,Uzairue North West,Etsako West
EDO,09,09,12,09,09,008,12/09/09/008,IMEKE/IYOTSE - IMEKE P/S,Uzairue North West,Etsako West
EDO,09,09,12,09,09,009,12/09/09/009,ELELE I - INIGBI P/S,Uzairue North West,Etsako West
EDO,09,09,12,09,09,010,12/09/09/010,ELELE  II - INIGBI P/S,Uzairue North West,Etsako West
EDO,09,09,12,09,09,011,12/09/09/011,ELELE  III - INIGBI P/S,Uzairue North West,Etsako West
EDO,09,09,12,09,09,012,12/09/09/012,AGHEDA/AYUA -IZUAGIE P/S,Uzairue North West,Etsako West
EDO,09,09,12,09,09,013,12/09/09/013,IYAGBUGHIE - IZUAGIE P/S,Uzairue North West,Etsako West
EDO,09,09,12,09,09,014,12/09/09/014,OPEN SPACE -UGBENOR JUNCTION IYUKU,Uzairue North West,Etsako West
EDO,09,09,12,09,09,015,12/09/09/015,OPEN SPACE -IYUKU MARKET SQUARE,Uzairue North West,Etsako West
EDO,09,09,12,09,09,016,12/09/09/016,"OPEN SPACE -IYOWU, BY THE PALACE",Uzairue North West,Etsako West
EDO,09,09,12,09,09,017,12/09/09/017,"ELELE HEALTH CENTER, ELELE",Uzairue North West,Etsako West
EDO,09,09,12,09,09,018,12/09/09/018,"OPEN SPACE - ELELE OKPOKWIRI, NEAR SHAMACH FILLING STATION",Uzairue North West,Etsako West
EDO,09,09,12,09,09,019,12/09/09/019,"AGHEDA TOWN HALL, AYUA",Uzairue North West,Etsako West
EDO,09,09,12,09,09,020,12/09/09/020,IYAGBUGHIE TOWN HALL,Uzairue North West,Etsako West
EDO,09,09,12,09,09,021,12/09/09/021,AYUA SEC/SCHOOL,Uzairue North West,Etsako West
EDO,09,09,12,09,09,000,12/09/09/000,12/09/09/000,Uzairue North West,Etsako West
EDO,09,10,12,09,10,001,12/09/10/001,IYAMOH - IYAMOH P/S,Uzairue North East,Etsako West
EDO,09,10,12,09,10,002,12/09/10/002,OGBIDO/IKHOLO - OSAGBE P/S,Uzairue North East,Etsako West
EDO,09,10,12,09,10,003,12/09/10/003,ULUOKE/AYAOGHENA - OGIO P/S,Uzairue North East,Etsako West
EDO,09,10,12,09,10,004,12/09/10/004,AFOWA I - AFOWA TOWN HALL,Uzairue North East,Etsako West
EDO,09,10,12,09,10,005,12/09/10/005,AFOWA II - TOWN HALL,Uzairue North East,Etsako West
EDO,09,10,12,09,10,006,12/09/10/006,AFOWA  III - AFOWA P/S,Uzairue North East,Etsako West
EDO,09,10,12,09,10,007,12/09/10/007,OKHUFOVO  IYORAH - IYORAH P/S,Uzairue North East,Etsako West
EDO,09,10,12,09,10,008,12/09/10/008,IYAZINOGBO IYOLO/IYORERE - IYORAH P/S,Uzairue North East,Etsako West
EDO,09,10,12,09,10,009,12/09/10/009,AYOGHENA OLD SITE - BOOTH,Uzairue North East,Etsako West
EDO,09,10,12,09,10,010,12/09/10/010,AKPAKOBO IYAOMO - MARKET HALL,Uzairue North East,Etsako West
EDO,09,10,12,09,10,011,12/09/10/011,AKPENAMHO  IVIOSI - SULE P/S,Uzairue North East,Etsako West
EDO,09,10,12,09,10,012,12/09/10/012,OGHOMERE - APANA M.S.S.,Uzairue North East,Etsako West
EDO,09,10,12,09,10,013,12/09/10/013,IYOFA - SULE P/S,Uzairue North East,Etsako West
EDO,09,10,12,09,10,014,12/09/10/014,AKPASAVAMEH - NEAR ANG. CHURCH,Uzairue North East,Etsako West
EDO,09,10,12,09,10,015,12/09/10/015,AKPASAVAMAH - BOOTH NEAR ANGLICAN CHURCH,Uzairue North East,Etsako West
EDO,09,10,12,09,10,016,12/09/10/016,AKPOKOBO IVIOMOH - (BOOTH)  MARKET STORE,Uzairue North East,Etsako West
EDO,09,10,12,09,10,017,12/09/10/017,IYAMOH - IYAMOH P/S   II,Uzairue North East,Etsako West
EDO,09,10,12,09,10,018,12/09/10/018,IYAMOH  - IYAMOH SEC/S  I,Uzairue North East,Etsako West
EDO,09,10,12,09,10,019,12/09/10/019,IYAMOH  - IYAMOH SEC/S  II,Uzairue North East,Etsako West
EDO,09,10,12,09,10,020,12/09/10/020,OGBIDO/IKHOLO-OSAGBE P/S   II,Uzairue North East,Etsako West
EDO,09,10,12,09,10,021,12/09/10/021,ULOKE /AYAOGHENA - OGIO P/S. II,Uzairue North East,Etsako West
EDO,09,10,12,09,10,022,12/09/10/022,"AFOWA  MIXED S/S, AFOWA",Uzairue North East,Etsako West
EDO,09,10,12,09,10,023,12/09/10/023,"AFOWA MARKET BOOTH, AFOWA MARKET",Uzairue North East,Etsako West
EDO,09,10,12,09,10,024,12/09/10/024,"AFOWA P/S, AFOWA",Uzairue North East,Etsako West
EDO,09,10,12,09,10,025,12/09/10/025,"IYORAH MARKET SQUARE, IYORAH.",Uzairue North East,Etsako West
EDO,09,10,12,09,10,026,12/09/10/026,OGHOMERE  - APANA  M. S/ S  II,Uzairue North East,Etsako West
EDO,09,10,12,09,10,000,12/09/10/000,12/09/10/000,Uzairue North East,Etsako West
EDO,09,11,12,09,11,001,12/09/11/001,PALACE AREA- OYAGHA P/S,Uzairue South West,Etsako West
EDO,09,11,12,09,11,002,12/09/11/002,OKOTOELO AYEGHA - OYAGHA P/S,Uzairue South West,Etsako West
EDO,09,11,12,09,11,003,12/09/11/003,IYEGBEFUE - OYAGHA P/S,Uzairue South West,Etsako West
EDO,09,11,12,09,11,004,12/09/11/004,"OMOGBAE, TV ROAD, YELUWA - AZAMA P/S YELUWA",Uzairue South West,Etsako West
EDO,09,11,12,09,11,005,12/09/11/005,USOKWI IYOGBE - AZAMA PRIMARY SCHOOL,Uzairue South West,Etsako West
EDO,09,11,12,09,11,006,12/09/11/006,OKOTO UKWE - OMOGBAI P/S I,Uzairue South West,Etsako West
EDO,09,11,12,09,11,007,12/09/11/007,OMOTO OGBE - OMOGBAI P/S II,Uzairue South West,Etsako West
EDO,09,11,12,09,11,008,12/09/11/008,OKOTO IYOGBE - OMOGBAI P/S IYUKU ROAD,Uzairue South West,Etsako West
EDO,09,11,12,09,11,009,12/09/11/009,IYUKU ROAD/YELUWA EXP - MARKET BOARD,Uzairue South West,Etsako West
EDO,09,11,12,09,11,010,12/09/11/010,IYEREMHE - COURT HALL,Uzairue South West,Etsako West
EDO,09,11,12,09,11,011,12/09/11/011,UGHIE ELELE - OLUKHU P/S,Uzairue South West,Etsako West
EDO,09,11,12,09,11,012,12/09/11/012,OGHEMESE AREA - OPEN SPACE,Uzairue South West,Etsako West
EDO,09,11,12,09,11,013,12/09/11/013,VENUS QRTS I - OMODAGBE FRONTAGE,Uzairue South West,Etsako West
EDO,09,11,12,09,11,014,12/09/11/014,VENUS QRTS II - IDAWEKHAI FRONTAGE,Uzairue South West,Etsako West
EDO,09,11,12,09,11,015,12/09/11/015,YELUWA VILLAGE - BOOTH NEAR YELUWA MOSQUE,Uzairue South West,Etsako West
EDO,09,11,12,09,11,016,12/09/11/016,IYATE - IYATE HALL,Uzairue South West,Etsako West
EDO,09,11,12,09,11,017,12/09/11/017,OPEN SPACE-OPP THE PALACE (LYANO QTRS),Uzairue South West,Etsako West
EDO,09,11,12,09,11,018,12/09/11/018,OPEN SPACE -NTA PREMISES UZAIRUE STATION,Uzairue South West,Etsako West
EDO,09,11,12,09,11,019,12/09/11/019,"JATTU SEC SCHL, JATTU",Uzairue South West,Etsako West
EDO,09,11,12,09,11,020,12/09/11/020,"OPEN SPACE  (OPP PST ISA.) SABO QTRS, JATTU  BEHIND NTA STATION",Uzairue South West,Etsako West
EDO,09,11,12,09,11,021,12/09/11/021,OPEN SPACE (BEHIND AZAMA P/S),Uzairue South West,Etsako West
EDO,09,11,12,09,11,022,12/09/11/022,"OPEN SPACE BESIDE MOSQUE, LYOGBE QTRS, JATTU",Uzairue South West,Etsako West
EDO,09,11,12,09,11,023,12/09/11/023,"OPEN SPACE BY IKIODA STR, OPP AZAMA  P/S, JATTU",Uzairue South West,Etsako West
EDO,09,11,12,09,11,024,12/09/11/024,"AZAMA PRIMARY SCHOOL I, JATTU",Uzairue South West,Etsako West
EDO,09,11,12,09,11,025,12/09/11/025,"AZAMA PRIMARY SCHOOL II, JATTU,",Uzairue South West,Etsako West
EDO,09,11,12,09,11,026,12/09/11/026,"OPEN SPACE BY BEDC TRANSFORMER, BY MARGITA HOTEL STR",Uzairue South West,Etsako West
EDO,09,11,12,09,11,027,12/09/11/027,"OPEN SPACE BY AYUA RD, OPP PST BEN HOUSE, BY KEJOEUTOF HOTEL JUNCT",Uzairue South West,Etsako West
EDO,09,11,12,09,11,028,12/09/11/028,OPEN SPACE BY OKOTO-UKWE RD BY HOME OF REFUGE JUNCT.,Uzairue South West,Etsako West
EDO,09,11,12,09,11,029,12/09/11/029,"OPEN SPACE BY IKOYI ELELE RD, OPP REVELATION CHURCH",Uzairue South West,Etsako West
EDO,09,11,12,09,11,030,12/09/11/030,JATTU TOWN HALL BY IYUKU RD,Uzairue South West,Etsako West
EDO,09,11,12,09,11,031,12/09/11/031,"OPEN SPACE BY  FRONT OF OKWELAGWE, BY IKOYI PHASE L, OLD POLICE STATION RD",Uzairue South West,Etsako West
EDO,09,11,12,09,11,032,12/09/11/032,OPEN SPACE BY MOUNTAIN OF FIRE RD (BESIDE CHIEF ALIU),Uzairue South West,Etsako West
EDO,09,11,12,09,11,033,12/09/11/033,OPEN SPACE BY OGO OLUWA FILLING STATION OPP MECH. WORKSHOP,Uzairue South West,Etsako West
EDO,09,11,12,09,11,034,12/09/11/034,"OPEN SPACE, BY UWAFE ST, BY DESTINY GRP OF SCHL JUNCT",Uzairue South West,Etsako West
EDO,09,11,12,09,11,035,12/09/11/035,"DILIGENT GRP OF SCHL, UZAIRUE",Uzairue South West,Etsako West
EDO,09,11,12,09,11,036,12/09/11/036,"MKT SQ BY OSHAIFI CLOSE, JATTU",Uzairue South West,Etsako West
EDO,09,11,12,09,11,037,12/09/11/037,IYEGBEFUE TOWN HALL,Uzairue South West,Etsako West
EDO,09,11,12,09,11,000,12/09/11/000,12/09/11/000,Uzairue South West,Etsako West
EDO,09,12,12,09,12,001,12/09/12/001,IVINONE - AFASHIO P/S,Uzairue South East,Etsako West
EDO,09,12,12,09,12,002,12/09/12/002,OMOAZAKPE - AFASHIO TOWN HALL,Uzairue South East,Etsako West
EDO,09,12,12,09,12,003,12/09/12/003,IYOKU - UTUKWE AFASHIO BOOTH,Uzairue South East,Etsako West
EDO,09,12,12,09,12,004,12/09/12/004,IGHOGHO - BOOTH AT IGHOGHO,Uzairue South East,Etsako West
EDO,09,12,12,09,12,005,12/09/12/005,IDATO - BOOTH AT IDATO,Uzairue South East,Etsako West
EDO,09,12,12,09,12,006,12/09/12/006,IKABIGBO I -   IKABIGBO P/S,Uzairue South East,Etsako West
EDO,09,12,12,09,12,007,12/09/12/007,IKABIGBO  II - IKABIGBO P/S,Uzairue South East,Etsako West
EDO,09,12,12,09,12,008,12/09/12/008,UGBENOR - UGBENOR P/S,Uzairue South East,Etsako West
EDO,09,12,12,09,12,009,12/09/12/009,"IREKPAI - ODENE P/S, IREKPAI",Uzairue South East,Etsako West
EDO,09,12,12,09,12,010,12/09/12/010,AFEUGUEZE - OKPODU P/S,Uzairue South East,Etsako West
EDO,09,12,12,09,12,011,12/09/12/011,AFEUGUEZE  AYOGWIRI - POSTAL AGENCY,Uzairue South East,Etsako West
EDO,09,12,12,09,12,012,12/09/12/012,ONOTA/IYAGBO - OKPODU P/S,Uzairue South East,Etsako West
EDO,09,12,12,09,12,013,12/09/12/013,UGIOGWA - TOWN HALL (AYOGWIRI),Uzairue South East,Etsako West
EDO,09,12,12,09,12,014,12/09/12/014,"AFE - IGBAFE/ APIZEYE - ODENE P/S,  AYOGWIRI",Uzairue South East,Etsako West
EDO,09,12,12,09,12,015,12/09/12/015,IVINONE - AFASHIO P/S,Uzairue South East,Etsako West
EDO,09,12,12,09,12,016,12/09/12/016,OPEN SPACE -IYOKU - UTUKWE AFASHIO,Uzairue South East,Etsako West
EDO,09,12,12,09,12,017,12/09/12/017,"OPEN SPACE,OLD SAWMILL.IGHOGHO QTRS.",Uzairue South East,Etsako West
EDO,09,12,12,09,12,018,12/09/12/018,"IKHABIGBO III, IKHABIGBO P/S.",Uzairue South East,Etsako West
EDO,09,12,12,09,12,019,12/09/12/019,"IKHABIGBO TOWN HALL, IKHABIGBO.",Uzairue South East,Etsako West
EDO,09,12,12,09,12,020,12/09/12/020,"OLD PALACE JUNCTION, AFOKHAI",Uzairue South East,Etsako West
EDO,09,12,12,09,12,021,12/09/12/021,"OPEN SPACE,OPP. IREKPAI CENTRAL MOSQUE.",Uzairue South East,Etsako West
EDO,09,12,12,09,12,022,12/09/12/022,"OPEN SPACE, BY CHIEF PALACE, AYOGWIRI.",Uzairue South East,Etsako West
EDO,09,12,12,09,12,023,12/09/12/023,"AYOGWIRI TOWN HALL,AYOGWIRI",Uzairue South East,Etsako West
EDO,09,12,12,09,12,000,12/09/12/000,12/09/12/000,Uzairue South East,Etsako West
EDO,10,01,12,10,01,001,12/10/01/001,EKEKHEN - EKEKHEN P/S I,Ekekhen/Idumuogo/Egbiki,Igueben
EDO,10,01,12,10,01,002,12/10/01/002,EKEKHEN - EKEKHEN P/S I,Ekekhen/Idumuogo/Egbiki,Igueben
EDO,10,01,12,10,01,003,12/10/01/003,EKEKHEN - EKEKHEN P/S II,Ekekhen/Idumuogo/Egbiki,Igueben
EDO,10,01,12,10,01,004,12/10/01/004,"EGBIKI PRIMARY SCHOOL, EGBIKI",Ekekhen/Idumuogo/Egbiki,Igueben
EDO,10,01,12,10,01,005,12/10/01/005,IDUMUOGO - IDUMUOGO PRIMARY SCHOOL,Ekekhen/Idumuogo/Egbiki,Igueben
EDO,10,01,12,10,01,006,12/10/01/006,EKEKHEN VILLAGE SQUARE,Ekekhen/Idumuogo/Egbiki,Igueben
EDO,10,01,12,10,01,007,12/10/01/007,EKEKHEN HEALTH CENTER,Ekekhen/Idumuogo/Egbiki,Igueben
EDO,10,01,12,10,01,008,12/10/01/008,EKEKHEN COMMUNITY HALL,Ekekhen/Idumuogo/Egbiki,Igueben
EDO,10,01,12,10,01,009,12/10/01/009,EGBIKI HEALTH CENTER,Ekekhen/Idumuogo/Egbiki,Igueben
EDO,10,01,12,10,01,010,12/10/01/010,"OPEN SPACE BY CATTLE MARKET, IDUMOGO",Ekekhen/Idumuogo/Egbiki,Igueben
EDO,10,01,12,10,01,011,12/10/01/011,IDUMOGO TOWN HALL,Ekekhen/Idumuogo/Egbiki,Igueben
EDO,10,01,12,10,01,012,12/10/01/012,IDUMOGO PRY SCH II,Ekekhen/Idumuogo/Egbiki,Igueben
EDO,10,01,12,10,01,000,12/10/01/000,12/10/01/000,Ekekhen/Idumuogo/Egbiki,Igueben
EDO,10,02,12,10,02,001,12/10/02/001,"IGUEBEN-IDIGUN, EGUARE P/S I",Idigun/ Idumedo,Igueben
EDO,10,02,12,10,02,002,12/10/02/002,"IGUEBEN-IDIGUN, EGUARE P/S II",Idigun/ Idumedo,Igueben
EDO,10,02,12,10,02,003,12/10/02/003,"IGUEBEN-IDIGUN, EGUARE P/S II",Idigun/ Idumedo,Igueben
EDO,10,02,12,10,02,004,12/10/02/004,"IGUEBEN-  IDUMEDO, EGUARE P/S",Idigun/ Idumedo,Igueben
EDO,10,02,12,10,02,005,12/10/02/005,OPEN SPACE BY EGUARE HEALTH CARE CENTRE OPPOSITE UNION BANK,Idigun/ Idumedo,Igueben
EDO,10,02,12,10,02,006,12/10/02/006,"EGUARE COMMUNITY HALL, EGUARE",Idigun/ Idumedo,Igueben
EDO,10,02,12,10,02,007,12/10/02/007,"OPEN SPACE BY AREA CUSTOMARY COURT EGUARE, IGUEBEN.",Idigun/ Idumedo,Igueben
EDO,10,02,12,10,02,008,12/10/02/008,IDIGUNOGO COMMUNITY HALL.,Idigun/ Idumedo,Igueben
EDO,10,02,12,10,02,009,12/10/02/009,OPEN SPACE BY GENERAL HOSPITAL OYOMON,Idigun/ Idumedo,Igueben
EDO,10,02,12,10,02,010,12/10/02/010,"OPEN SPACE BY OLD MARKET, IDUOMON",Idigun/ Idumedo,Igueben
EDO,10,02,12,10,02,011,12/10/02/011,IYEKOKE P/S IGUEBEN,Idigun/ Idumedo,Igueben
EDO,10,02,12,10,02,000,12/10/02/000,12/10/02/000,Idigun/ Idumedo,Igueben
EDO,10,03,12,10,03,001,12/10/03/001,IGUEBEN - AFUDA P/S/ I,Afuda/Idumuoka,Igueben
EDO,10,03,12,10,03,002,12/10/03/002,IGUEBEN - AFUDA P/S/ II,Afuda/Idumuoka,Igueben
EDO,10,03,12,10,03,003,12/10/03/003,IGUEBEN - AFUDA P/S/ III,Afuda/Idumuoka,Igueben
EDO,10,03,12,10,03,004,12/10/03/004,IGUEBEN - IDUMUOKA P/S/,Afuda/Idumuoka,Igueben
EDO,10,03,12,10,03,005,12/10/03/005,OPEN SPACE BY AFUDA HEALTH CENTER,Afuda/Idumuoka,Igueben
EDO,10,03,12,10,03,006,12/10/03/006,EGBESAN PRY SCH,Afuda/Idumuoka,Igueben
EDO,10,03,12,10,03,007,12/10/03/007,AFUDA COMMUNITY HALL,Afuda/Idumuoka,Igueben
EDO,10,03,12,10,03,008,12/10/03/008,OPEN SPACE BY IDUMONKA PRY HEALTH CENTER,Afuda/Idumuoka,Igueben
EDO,10,03,12,10,03,009,12/10/03/009,IDUMONKA COMMUNITY HALL,Afuda/Idumuoka,Igueben
EDO,10,03,12,10,03,000,12/10/03/000,12/10/03/000,Afuda/Idumuoka,Igueben
EDO,10,04,12,10,04,001,12/10/04/001,"IGUEBEN-UHE, UTANTAN P/S",Uhe/Idumuogbo/Idumueke,Igueben
EDO,10,04,12,10,04,002,12/10/04/002,"IGUEBEN-UHE, UTANTAN P/S",Uhe/Idumuogbo/Idumueke,Igueben
EDO,10,04,12,10,04,003,12/10/04/003,"IGUEBEN-IDUMUOGBO, UTANTAN P/S",Uhe/Idumuogbo/Idumueke,Igueben
EDO,10,04,12,10,04,004,12/10/04/004,"IGUEBEN, IDUMUEKE, UTANTAN P/S",Uhe/Idumuogbo/Idumueke,Igueben
EDO,10,04,12,10,04,005,12/10/04/005,"UHE COMMUNITY HALL, UHE",Uhe/Idumuogbo/Idumueke,Igueben
EDO,10,04,12,10,04,006,12/10/04/006,IDUMUOGBO COMMUNITY HALL,Uhe/Idumuogbo/Idumueke,Igueben
EDO,10,04,12,10,04,007,12/10/04/007,IDUMEKA PRY SCH,Uhe/Idumuogbo/Idumueke,Igueben
EDO,10,04,12,10,04,008,12/10/04/008,OPEN SPACE-CLARA OSHIOMHOLE PRY HEALTH CENTER,Uhe/Idumuogbo/Idumueke,Igueben
EDO,10,04,12,10,04,000,12/10/04/000,12/10/04/000,Uhe/Idumuogbo/Idumueke,Igueben
EDO,10,05,12,10,05,001,12/10/05/001,"UDO,  EGUARE P/S",Udo,Igueben
EDO,10,05,12,10,05,002,12/10/05/002,UDO EGUARE P/S,Udo,Igueben
EDO,10,05,12,10,05,003,12/10/05/003,"UDO, UDO GRAM. SCHOOL",Udo,Igueben
EDO,10,05,12,10,05,004,12/10/05/004,"UDO - UDONERIA, UDONERIA P/S",Udo,Igueben
EDO,10,05,12,10,05,005,12/10/05/005,OPEN SPACE -UDONERIA HEALTHCARE CENTER UDO,Udo,Igueben
EDO,10,05,12,10,05,000,12/10/05/000,12/10/05/000,Udo,Igueben
EDO,10,06,12,10,06,001,12/10/06/001,"EBELLE, IDUMU-OWU P/S I",Owu/ Okuta/ Eguare Ebelle,Igueben
EDO,10,06,12,10,06,002,12/10/06/002,"EBELLE, IDUMU-OWU P/S II",Owu/ Okuta/ Eguare Ebelle,Igueben
EDO,10,06,12,10,06,003,12/10/06/003,"EBELLE, IDUMU-OWU P/S III",Owu/ Okuta/ Eguare Ebelle,Igueben
EDO,10,06,12,10,06,004,12/10/06/004,"EBELLE, IDUMU-OWU P/S IV",Owu/ Okuta/ Eguare Ebelle,Igueben
EDO,10,06,12,10,06,005,12/10/06/005,"OKUTA, OKUTA P/S I",Owu/ Okuta/ Eguare Ebelle,Igueben
EDO,10,06,12,10,06,006,12/10/06/006,"OKUTA, OKUTA P/S II",Owu/ Okuta/ Eguare Ebelle,Igueben
EDO,10,06,12,10,06,007,12/10/06/007,"OLOGHE, OLOGHE P/S",Owu/ Okuta/ Eguare Ebelle,Igueben
EDO,10,06,12,10,06,008,12/10/06/008,"EGUARE - EBELLE,  EGUARE P/S",Owu/ Okuta/ Eguare Ebelle,Igueben
EDO,10,06,12,10,06,009,12/10/06/009,"OKUTA EBELLE COMMUNITY HALL, EBELLE",Owu/ Okuta/ Eguare Ebelle,Igueben
EDO,10,06,12,10,06,010,12/10/06/010,"OLOGHE P/S II, OLOGHE",Owu/ Okuta/ Eguare Ebelle,Igueben
EDO,10,06,12,10,06,011,12/10/06/011,"OPEN SPACE BY MAGISTRATE COURT, EBELLE",Owu/ Okuta/ Eguare Ebelle,Igueben
EDO,10,06,12,10,06,012,12/10/06/012,"OPEN SPACE BY ABATTOIR NEAR MARKET, EBELLE",Owu/ Okuta/ Eguare Ebelle,Igueben
EDO,10,06,12,10,06,000,12/10/06/000,12/10/06/000,Owu/ Okuta/ Eguare Ebelle,Igueben
EDO,10,07,12,10,07,001,12/10/07/001,"OKALO, OKALO P/S I",Okalo/ Okpujie,Igueben
EDO,10,07,12,10,07,002,12/10/07/002,"OKALO, OKALO P/S II",Okalo/ Okpujie,Igueben
EDO,10,07,12,10,07,003,12/10/07/003,"OKPUJIE, OKPUJIE P/S I",Okalo/ Okpujie,Igueben
EDO,10,07,12,10,07,004,12/10/07/004,"OKPUJIE, OKPUJIE P/S II",Okalo/ Okpujie,Igueben
EDO,10,07,12,10,07,005,12/10/07/005,"OPEN SPACE BY OKALO HEALTH CENTER, OKALO",Okalo/ Okpujie,Igueben
EDO,10,07,12,10,07,006,12/10/07/006,"OPEN SPACE BY OKALO MARKET SQUARE, OKALO",Okalo/ Okpujie,Igueben
EDO,10,07,12,10,07,007,12/10/07/007,"OPEN SPACE BY OKPUJIE HEALTH CENTER, OKPUJIE",Okalo/ Okpujie,Igueben
EDO,10,07,12,10,07,008,12/10/07/008,"OKPUJIE COMMUNITY HALL, OKPUJIE",Okalo/ Okpujie,Igueben
EDO,10,07,12,10,07,000,12/10/07/000,12/10/07/000,Okalo/ Okpujie,Igueben
EDO,10,08,12,10,08,001,12/10/08/001,"AMAHOR,  EGUARE P/S I",Amahor/Ugun,Igueben
EDO,10,08,12,10,08,002,12/10/08/002,"AMAHOR,  EGUARE P/S II",Amahor/Ugun,Igueben
EDO,10,08,12,10,08,003,12/10/08/003,"OBODEKO,  OBODEKO P/S",Amahor/Ugun,Igueben
EDO,10,08,12,10,08,004,12/10/08/004,"UGUN,  EGUARE P/S",Amahor/Ugun,Igueben
EDO,10,08,12,10,08,005,12/10/08/005,"UGUN,  UGUN SEC. SCHOOL",Amahor/Ugun,Igueben
EDO,10,08,12,10,08,006,12/10/08/006,"IDUBELEGHA COMMUNITY HALL, AMAHOR",Amahor/Ugun,Igueben
EDO,10,08,12,10,08,007,12/10/08/007,AMAHOR SECONDARY SCHOOL,Amahor/Ugun,Igueben
EDO,10,08,12,10,08,008,12/10/08/008,OBODEKO COMMUNITY HALL,Amahor/Ugun,Igueben
EDO,10,08,12,10,08,009,12/10/08/009,IDUMATAH COMMUNITY HALL,Amahor/Ugun,Igueben
EDO,10,08,12,10,08,010,12/10/08/010,OPEN SPACE BY UGUN HEALTH CENTER,Amahor/Ugun,Igueben
EDO,10,08,12,10,08,011,12/10/08/011,"IJIEBOR PRI. SCH, UGUN",Amahor/Ugun,Igueben
EDO,10,08,12,10,08,000,12/10/08/000,12/10/08/000,Amahor/Ugun,Igueben
EDO,10,09,12,10,09,001,12/10/09/001,"EWOSSA, EGUARE P/S",Ewossa,Igueben
EDO,10,09,12,10,09,002,12/10/09/002,"EWOSSA,  UJIELU P/S",Ewossa,Igueben
EDO,10,09,12,10,09,003,12/10/09/003,"EWOSSA, IDINEGBON P/S",Ewossa,Igueben
EDO,10,09,12,10,09,004,12/10/09/004,OGBE PRIMARY SCHOOL I,Ewossa,Igueben
EDO,10,09,12,10,09,005,12/10/09/005,OGBE PRIMARY SCHOOL II,Ewossa,Igueben
EDO,10,09,12,10,09,006,12/10/09/006,IKEKIALA COMMUNITY HALL,Ewossa,Igueben
EDO,10,09,12,10,09,007,12/10/09/007,IDUMUOBOH COMMUNITY HALL,Ewossa,Igueben
EDO,10,09,12,10,09,000,12/10/09/000,12/10/09/000,Ewossa,Igueben
EDO,10,10,12,10,10,001,12/10/10/001,"EKPON, OLD L.A. SCHOOL I",Ekpon,Igueben
EDO,10,10,12,10,10,002,12/10/10/002,"EKPON, OLD L.A. SCHOOL II",Ekpon,Igueben
EDO,10,10,12,10,10,003,12/10/10/003,"EKPON, OLD L.A. SCHOOL III",Ekpon,Igueben
EDO,10,10,12,10,10,004,12/10/10/004,"EKPON, EKO PRY. SCHOOL",Ekpon,Igueben
EDO,10,10,12,10,10,005,12/10/10/005,"EKPON, CENTRAL PRIMARY SCHOOL",Ekpon,Igueben
EDO,10,10,12,10,10,006,12/10/10/006,"EKPON, IJEDUMA P/S",Ekpon,Igueben
EDO,10,10,12,10,10,007,12/10/10/007,"EKPON, IKPUDU COMM. HALL",Ekpon,Igueben
EDO,10,10,12,10,10,008,12/10/10/008,IDUMUJIE PRI. SCH.,Ekpon,Igueben
EDO,10,10,12,10,10,009,12/10/10/009,IYASE PRI. SCH I,Ekpon,Igueben
EDO,10,10,12,10,10,010,12/10/10/010,IYASE PRI. SCH II,Ekpon,Igueben
EDO,10,10,12,10,10,011,12/10/10/011,OGBE COMMUNITY HALL,Ekpon,Igueben
EDO,10,10,12,10,10,012,12/10/10/012,IJEDUMA COMMUNITY HALL,Ekpon,Igueben
EDO,10,10,12,10,10,000,12/10/10/000,12/10/10/000,Ekpon,Igueben
EDO,11,01,12,11,01,001,12/11/01/001,IKPOBA - ARMY CHILDREN SCHOOL I,Iwogban/Uteh,Ikpoba-Okha
EDO,11,01,12,11,01,002,12/11/01/002,IKPOBA - ARMY CHILDREN SCHOOL II,Iwogban/Uteh,Ikpoba-Okha
EDO,11,01,12,11,01,003,12/11/01/003,IKPOBA - ARMY CHILDREN SCHOOL III,Iwogban/Uteh,Ikpoba-Okha
EDO,11,01,12,11,01,004,12/11/01/004,IKPOBA - ARMY CHILDREN SCHOOL IV,Iwogban/Uteh,Ikpoba-Okha
EDO,11,01,12,11,01,005,12/11/01/005,IKPOBA - ARMY CHILDREN SCHOOL V,Iwogban/Uteh,Ikpoba-Okha
EDO,11,01,12,11,01,006,12/11/01/006,IKPOBA - ARMY CHILDREN SCHOOL VI,Iwogban/Uteh,Ikpoba-Okha
EDO,11,01,12,11,01,007,12/11/01/007,IKPOBA - ARMY CHILDREN SCHOOL VII,Iwogban/Uteh,Ikpoba-Okha
EDO,11,01,12,11,01,008,12/11/01/008,IKPOBA - ARMY CHILDREN SCHOOL VIII,Iwogban/Uteh,Ikpoba-Okha
EDO,11,01,12,11,01,009,12/11/01/009,IKPOBA - ARMY CHILDREN SCHOOL IX,Iwogban/Uteh,Ikpoba-Okha
EDO,11,01,12,11,01,010,12/11/01/010,IKPOBA - ARMY CHILDREN SCHOOL X,Iwogban/Uteh,Ikpoba-Okha
EDO,11,01,12,11,01,011,12/11/01/011,IKPOBA - ARMY CHILDREN SCHOOL XI,Iwogban/Uteh,Ikpoba-Okha
EDO,11,01,12,11,01,012,12/11/01/012,"PALACE ROAD, UTEH (ARMY CHILDREN PRY SCH XII)",Iwogban/Uteh,Ikpoba-Okha
EDO,11,01,12,11,01,013,12/11/01/013,OPEN SPACE NEAR INEC OFFICE (SCH. FOR MENTALLY RETARDED I),Iwogban/Uteh,Ikpoba-Okha
EDO,11,01,12,11,01,014,12/11/01/014,OPEN SPACE NEAR INEC OFFICE (SCH. FOR MENTALLY RETARDED II),Iwogban/Uteh,Ikpoba-Okha
EDO,11,01,12,11,01,015,12/11/01/015,OPEN SPACE NEAR INEC OFFICE (SCH. FOR PHYSICALLY HANDICAP I),Iwogban/Uteh,Ikpoba-Okha
EDO,11,01,12,11,01,016,12/11/01/016,OPEN SPACE NEAR INEC OFFICE (SCH. FOR PHYSICALLY HANDICAP II),Iwogban/Uteh,Ikpoba-Okha
EDO,11,01,12,11,01,017,12/11/01/017,COURT OF APPEAL JUNCTION I,Iwogban/Uteh,Ikpoba-Okha
EDO,11,01,12,11,01,018,12/11/01/018,COURT OF APPEAL JUNCTION II,Iwogban/Uteh,Ikpoba-Okha
EDO,11,01,12,11,01,019,12/11/01/019,IKPOBA - PAT PRY/ NUR . SCHOOL I,Iwogban/Uteh,Ikpoba-Okha
EDO,11,01,12,11,01,020,12/11/01/020,IKPOBA - PAT PRY/ NUR . SCHOOL II,Iwogban/Uteh,Ikpoba-Okha
EDO,11,01,12,11,01,021,12/11/01/021,IKPOBA - IWOGBAN HALL I,Iwogban/Uteh,Ikpoba-Okha
EDO,11,01,12,11,01,022,12/11/01/022,IKPOBA - IWOGBAN HALL II,Iwogban/Uteh,Ikpoba-Okha
EDO,11,01,12,11,01,023,12/11/01/023,IKPOBA - TEBOGAN HALL I,Iwogban/Uteh,Ikpoba-Okha
EDO,11,01,12,11,01,024,12/11/01/024,IKPOBA - TEBOGAN HALL II,Iwogban/Uteh,Ikpoba-Okha
EDO,11,01,12,11,01,025,12/11/01/025,"UTEH,  UTEH SEC. SCHOOL",Iwogban/Uteh,Ikpoba-Okha
EDO,11,01,12,11,01,026,12/11/01/026,"UTEH,  OMOREGIE HALL",Iwogban/Uteh,Ikpoba-Okha
EDO,11,01,12,11,01,027,12/11/01/027,EKIUWA - EKIUWA TOWN HALL I,Iwogban/Uteh,Ikpoba-Okha
EDO,11,01,12,11,01,028,12/11/01/028,EKIUWA - EKIUWA TOWN HALL II,Iwogban/Uteh,Ikpoba-Okha
EDO,11,01,12,11,01,029,12/11/01/029,EKIUWA - EDOH PRIMARY SCHOOL,Iwogban/Uteh,Ikpoba-Okha
EDO,11,01,12,11,01,030,12/11/01/030,OPEN SPACE IN FRONT OF NSCDC  I,Iwogban/Uteh,Ikpoba-Okha
EDO,11,01,12,11,01,031,12/11/01/031,OPEN SPACE IN FRONT OF NSCDC II,Iwogban/Uteh,Ikpoba-Okha
EDO,11,01,12,11,01,032,12/11/01/032,OPEN SPACE INFRONT OF IMMIGRATION ZONE G I,Iwogban/Uteh,Ikpoba-Okha
EDO,11,01,12,11,01,033,12/11/01/033,OPEN SPACE INFRONT OF IMMIGRATION ZONE G II,Iwogban/Uteh,Ikpoba-Okha
EDO,11,01,12,11,01,034,12/11/01/034,OPEN SPACE IN FRONT OF EDO COMMAND,Iwogban/Uteh,Ikpoba-Okha
EDO,11,01,12,11,01,035,12/11/01/035,OPEN SPACE IN FRONT OF IMMIGRATION OFFICE,Iwogban/Uteh,Ikpoba-Okha
EDO,11,01,12,11,01,036,12/11/01/036,OPEN SPACE IN FRONT OF OUR SAVIOUR MILITARY CHURCH OPPISITE N.C.C,Iwogban/Uteh,Ikpoba-Okha
EDO,11,01,12,11,01,037,12/11/01/037,OPEN SPACE TEBOGA MARKET BY JESUS THE LIVING WORD MINISTRIES.,Iwogban/Uteh,Ikpoba-Okha
EDO,11,01,12,11,01,038,12/11/01/038,OPEN SPACE NABTEB,Iwogban/Uteh,Ikpoba-Okha
EDO,11,01,12,11,01,039,12/11/01/039,OPEN SPACE BESIDE PRECIOUS PRINCE AND PRINCESS SCHOOL I.,Iwogban/Uteh,Ikpoba-Okha
EDO,11,01,12,11,01,040,12/11/01/040,OPEN SPACE BESIDE PRECIOUS PRINCE AND PRINCESS SCHOOL II,Iwogban/Uteh,Ikpoba-Okha
EDO,11,01,12,11,01,041,12/11/01/041,UTEH COMMUNITY SECRETARIAT I,Iwogban/Uteh,Ikpoba-Okha
EDO,11,01,12,11,01,042,12/11/01/042,UTEH COMMUNITY SECRETARIAT II,Iwogban/Uteh,Ikpoba-Okha
EDO,11,01,12,11,01,043,12/11/01/043,OPEN SPACE FED MORTGAGE I,Iwogban/Uteh,Ikpoba-Okha
EDO,11,01,12,11,01,044,12/11/01/044,OPEN SPACE FED MORTGAGE II,Iwogban/Uteh,Ikpoba-Okha
EDO,11,01,12,11,01,045,12/11/01/045,OPEN SPACE FED MORTGAGE  III,Iwogban/Uteh,Ikpoba-Okha
EDO,11,01,12,11,01,046,12/11/01/046,OPEN SPACE IN FRONT OF ST PATRICK CHURCH I,Iwogban/Uteh,Ikpoba-Okha
EDO,11,01,12,11,01,047,12/11/01/047,OPEN SPACE IN FRONT OF ST PATRICK CHURCH II.,Iwogban/Uteh,Ikpoba-Okha
EDO,11,01,12,11,01,048,12/11/01/048,"OPEN SPACE BESIDE ST PATRICK CATHOLIC CHURCH III,LUCKY WAY",Iwogban/Uteh,Ikpoba-Okha
EDO,11,01,12,11,01,049,12/11/01/049,"WIDOWS QUARTER I,FEDERAL HOUSING ESTATE,IWOGBAN",Iwogban/Uteh,Ikpoba-Okha
EDO,11,01,12,11,01,050,12/11/01/050,"WIDOWS QUARTER II,FEDERAL HOUSING ESTATE,IWOGBAN",Iwogban/Uteh,Ikpoba-Okha
EDO,11,01,12,11,01,051,12/11/01/051,OPEN SPACE IN FRONT OF CORPERS LODGE,Iwogban/Uteh,Ikpoba-Okha
EDO,11,01,12,11,01,052,12/11/01/052,OPEN SPACE ST PATRICK CHURCH,Iwogban/Uteh,Ikpoba-Okha
EDO,11,01,12,11,01,053,12/11/01/053,OPEN SPACE FRONT OF ST JUDE CATHOLIC CHURCH I,Iwogban/Uteh,Ikpoba-Okha
EDO,11,01,12,11,01,054,12/11/01/054,OPEN SPACE FRONT OF ST JUDE CATHOLIC CHURCH II,Iwogban/Uteh,Ikpoba-Okha
EDO,11,01,12,11,01,055,12/11/01/055,"HENSON DEMONSTRATION SCHOOL I,",Iwogban/Uteh,Ikpoba-Okha
EDO,11,01,12,11,01,056,12/11/01/056,HENSON DEMONSTRATION SCHOOL II,Iwogban/Uteh,Ikpoba-Okha
EDO,11,01,12,11,01,057,12/11/01/057,OPEN SPACE OGIEOBA STREET BY IYOBOR JUNCTION,Iwogban/Uteh,Ikpoba-Okha
EDO,11,01,12,11,01,058,12/11/01/058,OPEN SPACE BY AGHO STREET JUNCTION OFF UPPER MISSION EXT.,Iwogban/Uteh,Ikpoba-Okha
EDO,11,01,12,11,01,059,12/11/01/059,UTEH SECONDARY SCHOOL I,Iwogban/Uteh,Ikpoba-Okha
EDO,11,01,12,11,01,060,12/11/01/060,UTEH SECONDARY SCHOOL II,Iwogban/Uteh,Ikpoba-Okha
EDO,11,01,12,11,01,061,12/11/01/061,"OPEN SPACE IN FRONT OF MAO UNIQUE GROUP OF SCHOOL,OFF LUCKY WAY",Iwogban/Uteh,Ikpoba-Okha
EDO,11,01,12,11,01,062,12/11/01/062,EDOH PRIMARY SCHOOL I,Iwogban/Uteh,Ikpoba-Okha
EDO,11,01,12,11,01,063,12/11/01/063,EDOH PRIMARY SCHOOL II,Iwogban/Uteh,Ikpoba-Okha
EDO,11,01,12,11,01,000,12/11/01/000,12/11/01/000,Iwogban/Uteh,Ikpoba-Okha
EDO,11,02,12,11,02,001,12/11/02/001,OGISO - SHAKA POLYTECHNIC I,Oregbeni,Ikpoba-Okha
EDO,11,02,12,11,02,002,12/11/02/002,OGISO - SHAKA POLYTECHNIC II,Oregbeni,Ikpoba-Okha
EDO,11,02,12,11,02,003,12/11/02/003,OGISO - SHAKA POLYTECHNIC III,Oregbeni,Ikpoba-Okha
EDO,11,02,12,11,02,004,12/11/02/004,OGISO - SHAKA POLYTECHNIC IV,Oregbeni,Ikpoba-Okha
EDO,11,02,12,11,02,005,12/11/02/005,EDOKPOLOR FAC - OLOH MOTORS I,Oregbeni,Ikpoba-Okha
EDO,11,02,12,11,02,006,12/11/02/006,EDOKPOLOR FAC - OLOH MOTORS II,Oregbeni,Ikpoba-Okha
EDO,11,02,12,11,02,007,12/11/02/007,OREGBENI QUARTERS - OGBENI PRY. SCHOOL I,Oregbeni,Ikpoba-Okha
EDO,11,02,12,11,02,008,12/11/02/008,OREGBENI QUARTERS - OGBENI PRY. SCHOOL II,Oregbeni,Ikpoba-Okha
EDO,11,02,12,11,02,009,12/11/02/009,OREGBENI QUARTERS - OGBENI PRY. SCHOOL III,Oregbeni,Ikpoba-Okha
EDO,11,02,12,11,02,010,12/11/02/010,OREGBENI QUARTERS - OGBENI PRY. SCHOOL I,Oregbeni,Ikpoba-Okha
EDO,11,02,12,11,02,011,12/11/02/011,OREGBENI QUARTERS - OGBENI PRY. SCHOOL II,Oregbeni,Ikpoba-Okha
EDO,11,02,12,11,02,012,12/11/02/012,OREGBENI MARKET - OGBENI PRIMARY SCHOOL I,Oregbeni,Ikpoba-Okha
EDO,11,02,12,11,02,013,12/11/02/013,OREGBENI MARKET - OGBENI PRIMARY SCHOOL II,Oregbeni,Ikpoba-Okha
EDO,11,02,12,11,02,014,12/11/02/014,OREGBENI MARKET - OGBENI PRIMARY SCHOOL III,Oregbeni,Ikpoba-Okha
EDO,11,02,12,11,02,015,12/11/02/015,OREGBENI MARKET - OGBENI PRIMARY SCHOOL IV,Oregbeni,Ikpoba-Okha
EDO,11,02,12,11,02,016,12/11/02/016,OREGBENI MARKET - OGBENI PRIMARY SCHOOL V,Oregbeni,Ikpoba-Okha
EDO,11,02,12,11,02,017,12/11/02/017,OREGBENI - WESTERN BOYS HIGH SCHOOL I,Oregbeni,Ikpoba-Okha
EDO,11,02,12,11,02,018,12/11/02/018,OREGBENI - WESTERN BOYS HIGH SCHOOL II,Oregbeni,Ikpoba-Okha
EDO,11,02,12,11,02,019,12/11/02/019,OREGBENI - WESTERN BOYS HIGH SCHOOL III,Oregbeni,Ikpoba-Okha
EDO,11,02,12,11,02,020,12/11/02/020,OREGBENI - WESTERN BOYS HIGH SCHOOL IV,Oregbeni,Ikpoba-Okha
EDO,11,02,12,11,02,021,12/11/02/021,OREGBENI - WESTERN BOYS HIGH SCHOOL V,Oregbeni,Ikpoba-Okha
EDO,11,02,12,11,02,022,12/11/02/022,OREGBENI - WESTERN BOYS HIGH SCHOOL VI,Oregbeni,Ikpoba-Okha
EDO,11,02,12,11,02,023,12/11/02/023,OREGBENI - WESTERN BOYS HIGH SCHOOL VII,Oregbeni,Ikpoba-Okha
EDO,11,02,12,11,02,024,12/11/02/024,OREGBENI - WESTERN BOYS HIGH SCHOOL VIII,Oregbeni,Ikpoba-Okha
EDO,11,02,12,11,02,025,12/11/02/025,OREGBENI - WESTERN BOYS HIGH SCHOOL IX,Oregbeni,Ikpoba-Okha
EDO,11,02,12,11,02,026,12/11/02/026,OREGBENI - WESTERN BOYS HIGH SCHOOL X,Oregbeni,Ikpoba-Okha
EDO,11,02,12,11,02,027,12/11/02/027,RAMAT PARK - RAMART  PARK I,Oregbeni,Ikpoba-Okha
EDO,11,02,12,11,02,028,12/11/02/028,RAMAT PARK - RAMART  PARK II,Oregbeni,Ikpoba-Okha
EDO,11,02,12,11,02,029,12/11/02/029,OREGBENI - OREGBENI NUR./PRIMARY SCHOOL I,Oregbeni,Ikpoba-Okha
EDO,11,02,12,11,02,030,12/11/02/030,OREGBENI - OREGBENI NUR./PRIMARY SCHOOL II,Oregbeni,Ikpoba-Okha
EDO,11,02,12,11,02,031,12/11/02/031,OREGBENI - OREGBENI NUR./PRIMARY SCHOOL III,Oregbeni,Ikpoba-Okha
EDO,11,02,12,11,02,032,12/11/02/032,OREGBENI - OREGBENI NUR./PRIMARY SCHOOL IV,Oregbeni,Ikpoba-Okha
EDO,11,02,12,11,02,033,12/11/02/033,OREGBENI - OREGBENI NUR./PRIMARY SCHOOL V,Oregbeni,Ikpoba-Okha
EDO,11,02,12,11,02,034,12/11/02/034,OREGBENI - OREGBENI NUR./PRIMARY SCHOOL VI,Oregbeni,Ikpoba-Okha
EDO,11,02,12,11,02,035,12/11/02/035,OREGBENI - WESTERN BOYS HIGH SCHOOL I,Oregbeni,Ikpoba-Okha
EDO,11,02,12,11,02,036,12/11/02/036,OREGBENI - WESTERN BOYS HIGH SCHOOL II,Oregbeni,Ikpoba-Okha
EDO,11,02,12,11,02,037,12/11/02/037,OREGBENI - WESTERN BOYS HIGH SCHOOL III,Oregbeni,Ikpoba-Okha
EDO,11,02,12,11,02,038,12/11/02/038,EDOKPOLOR - OLOH MOTORS,Oregbeni,Ikpoba-Okha
EDO,11,02,12,11,02,039,12/11/02/039,OPEN SPACE THE EVER LIVING CHURCH I OGISO QUARTER,Oregbeni,Ikpoba-Okha
EDO,11,02,12,11,02,040,12/11/02/040,OPEN SPACE THE EVER LIVING CHURCH II OGISO QUARTER,Oregbeni,Ikpoba-Okha
EDO,11,02,12,11,02,041,12/11/02/041,"OPEN SPACE BESIDE- SPIRIT AND LIFE FAMILY BIBLE CHURCH I, IKPOBA SLOPE",Oregbeni,Ikpoba-Okha
EDO,11,02,12,11,02,042,12/11/02/042,OPEN SPACE BESIDE- SPIRIT AND LIFE FAMILY BIBLE CHURCH II  IKPOBA SLOPE,Oregbeni,Ikpoba-Okha
EDO,11,02,12,11,02,043,12/11/02/043,"PIONEER EDUCATION CENTER I, JEMILA",Oregbeni,Ikpoba-Okha
EDO,11,02,12,11,02,044,12/11/02/044,"PIONEER EDUCATION CENTER II, JEMILA",Oregbeni,Ikpoba-Okha
EDO,11,02,12,11,02,045,12/11/02/045,"PIONEER EDUCATION CENTER III, JEMILA",Oregbeni,Ikpoba-Okha
EDO,11,02,12,11,02,046,12/11/02/046,"ST CAROL SCHOOL I, OREGBENI",Oregbeni,Ikpoba-Okha
EDO,11,02,12,11,02,047,12/11/02/047,"ST CAROL SCHOOL II, OREGBENI",Oregbeni,Ikpoba-Okha
EDO,11,02,12,11,02,048,12/11/02/048,"ST CAROL SCHOOL III, OREGBENI",Oregbeni,Ikpoba-Okha
EDO,11,02,12,11,02,049,12/11/02/049,"ST CAROL SCHOOL IV, OREGBENI",Oregbeni,Ikpoba-Okha
EDO,11,02,12,11,02,050,12/11/02/050,INSIDE RAMAT PARK IV,Oregbeni,Ikpoba-Okha
EDO,11,02,12,11,02,051,12/11/02/051,WESTERN BOYS HIGH SCHOOL XI,Oregbeni,Ikpoba-Okha
EDO,11,02,12,11,02,052,12/11/02/052,OPEN SPACE BY GLOVIC GROUP OF SCHOOL I,Oregbeni,Ikpoba-Okha
EDO,11,02,12,11,02,053,12/11/02/053,OPEN SPACE BY GLOVIC GROUP OF SCHOOL II,Oregbeni,Ikpoba-Okha
EDO,11,02,12,11,02,054,12/11/02/054,OPEN SPACE BY GLOVIC GROUP OF SCHOOL III,Oregbeni,Ikpoba-Okha
EDO,11,02,12,11,02,055,12/11/02/055,OPEN SPACE- ORGEBENI HOUSING ESTATE FIELD I BY OREGBENI POLICE STATION ROAD,Oregbeni,Ikpoba-Okha
EDO,11,02,12,11,02,056,12/11/02/056,OPEN SPACE- ORGEBENI HOUSING ESTATE FIELD II BY OREGBENI POLICE STATION ROAD,Oregbeni,Ikpoba-Okha
EDO,11,02,12,11,02,057,12/11/02/057,OPEN SPACE BESIDE BUVEL OIL I,Oregbeni,Ikpoba-Okha
EDO,11,02,12,11,02,058,12/11/02/058,OPEN SPACE BESIDE BUVEL OIL II,Oregbeni,Ikpoba-Okha
EDO,11,02,12,11,02,059,12/11/02/059,OPEN SPACE- FRONT OF MENTUS  PHARMACY I,Oregbeni,Ikpoba-Okha
EDO,11,02,12,11,02,060,12/11/02/060,OPEN SPACE - FRONT OF MENTUS PHARMACY II,Oregbeni,Ikpoba-Okha
EDO,11,02,12,11,02,061,12/11/02/061,WESTERN BOYS HIGH SCHOOL XII,Oregbeni,Ikpoba-Okha
EDO,11,02,12,11,02,062,12/11/02/062,WESTERN BOYS HIGH SCHOOL XIII,Oregbeni,Ikpoba-Okha
EDO,11,02,12,11,02,063,12/11/02/063,"OPEN SPACE BESIDE KOJO MOTORS, BENIN AGBOR ROAD",Oregbeni,Ikpoba-Okha
EDO,11,02,12,11,02,064,12/11/02/064,"OPEN SPACE BY ASSEMBLIES OF GOD CHURCH, LGBO QUARTERS I, OREGBENI HOUSING ESTATE",Oregbeni,Ikpoba-Okha
EDO,11,02,12,11,02,065,12/11/02/065,"OPEN SPACE BY ASSEMBLIES OF GOD CHURCH, IGBO QUARTERS II, OREGBENI HOUSING ESTATE",Oregbeni,Ikpoba-Okha
EDO,11,02,12,11,02,066,12/11/02/066,"OPEN SPACE BY ASSEMBLIES OF GOD CHURCH, IGBO QUARTERS III OREGBENI HOUSING ESTATE",Oregbeni,Ikpoba-Okha
EDO,11,02,12,11,02,067,12/11/02/067,NATIONAL TEACHER INSTITUTE KADUNA I,Oregbeni,Ikpoba-Okha
EDO,11,02,12,11,02,068,12/11/02/068,NATIONAL TEACHER INSTITUTE KADUNA II,Oregbeni,Ikpoba-Okha
EDO,11,02,12,11,02,069,12/11/02/069,INSIDE RAMAT PARK I,Oregbeni,Ikpoba-Okha
EDO,11,02,12,11,02,070,12/11/02/070,INSIDE RAMAT PARK II,Oregbeni,Ikpoba-Okha
EDO,11,02,12,11,02,071,12/11/02/071,INSIDE RAMAT PARK III,Oregbeni,Ikpoba-Okha
EDO,11,02,12,11,02,072,12/11/02/072,NECO EDO STATE OFFICE I,Oregbeni,Ikpoba-Okha
EDO,11,02,12,11,02,073,12/11/02/073,NECO EDO STATE OFFICE II,Oregbeni,Ikpoba-Okha
EDO,11,02,12,11,02,074,12/11/02/074,NECO EDO STATE OFFICE III,Oregbeni,Ikpoba-Okha
EDO,11,02,12,11,02,075,12/11/02/075,WESTERN BOYS HIGH SCHOOL XIV,Oregbeni,Ikpoba-Okha
EDO,11,02,12,11,02,076,12/11/02/076,WESTERN BOYS HIGH SCHOOL XV,Oregbeni,Ikpoba-Okha
EDO,11,02,12,11,02,077,12/11/02/077,OPEN SPACE - TIPPER GARAGE ALONG IKPOBA SLOPE,Oregbeni,Ikpoba-Okha
EDO,11,02,12,11,02,000,12/11/02/000,12/11/02/000,Oregbeni,Ikpoba-Okha
EDO,11,03,12,11,03,001,12/11/03/001,OGBESON - QUEEN EDE SCHOOL I,Ogbeson,Ikpoba-Okha
EDO,11,03,12,11,03,002,12/11/03/002,OGBESON - QUEEN EDE SCHOOL II,Ogbeson,Ikpoba-Okha
EDO,11,03,12,11,03,003,12/11/03/003,OGBESON - QUEEN EDE SCHOOL III,Ogbeson,Ikpoba-Okha
EDO,11,03,12,11,03,004,12/11/03/004,OGBESON - QUEEN EDE SCHOOL IV,Ogbeson,Ikpoba-Okha
EDO,11,03,12,11,03,005,12/11/03/005,OGBESON - QUEEN EDE SCHOOL V,Ogbeson,Ikpoba-Okha
EDO,11,03,12,11,03,006,12/11/03/006,OGBESON - QUEEN EDE SCHOOL VI,Ogbeson,Ikpoba-Okha
EDO,11,03,12,11,03,007,12/11/03/007,OGBESON - OGBESON TOWN HALL I,Ogbeson,Ikpoba-Okha
EDO,11,03,12,11,03,008,12/11/03/008,OGBESON - OGBESON TOWN HALL II,Ogbeson,Ikpoba-Okha
EDO,11,03,12,11,03,009,12/11/03/009,OGBESON OGBESON HEALTH CENTRE,Ogbeson,Ikpoba-Okha
EDO,11,03,12,11,03,010,12/11/03/010,OGBESON - ERESOYEN  PRIMARY SCHOOL I,Ogbeson,Ikpoba-Okha
EDO,11,03,12,11,03,011,12/11/03/011,OGBESON - ERESOYEN PRIMARY SCHOOL II,Ogbeson,Ikpoba-Okha
EDO,11,03,12,11,03,012,12/11/03/012,OGBESON - ERESOYEN PRIMARY SCHOOL III,Ogbeson,Ikpoba-Okha
EDO,11,03,12,11,03,013,12/11/03/013,OGBESON - ERESOYEN PRIMARY SCHOOL IV,Ogbeson,Ikpoba-Okha
EDO,11,03,12,11,03,014,12/11/03/014,OHOVBE - OHOVBE TOWN HALL I,Ogbeson,Ikpoba-Okha
EDO,11,03,12,11,03,015,12/11/03/015,OHOVBE - OHOVBE TOWN HALL II,Ogbeson,Ikpoba-Okha
EDO,11,03,12,11,03,016,12/11/03/016,OHOVBE - OHOVBE TOWN HALL III,Ogbeson,Ikpoba-Okha
EDO,11,03,12,11,03,017,12/11/03/017,OHOVBE - OHOVBE TOWN HALL IV,Ogbeson,Ikpoba-Okha
EDO,11,03,12,11,03,018,12/11/03/018,"OHOVBE, OHOVBE TOWN HALL V",Ogbeson,Ikpoba-Okha
EDO,11,03,12,11,03,019,12/11/03/019,"OHOVBE, OHOVBE TOWN HALL VI",Ogbeson,Ikpoba-Okha
EDO,11,03,12,11,03,020,12/11/03/020,"OHOVBE, OHOVBE TOWN HALL VII",Ogbeson,Ikpoba-Okha
EDO,11,03,12,11,03,021,12/11/03/021,AMUFI PRY SCH.AMUFI (OHOVBE TOWN HALL VIII),Ogbeson,Ikpoba-Okha
EDO,11,03,12,11,03,022,12/11/03/022,OPEN SPACE- ST THOMAS AQUINAS CATHOLIC CHURCH. I,Ogbeson,Ikpoba-Okha
EDO,11,03,12,11,03,023,12/11/03/023,"OPEN SPACE ST THOMAS AQUINAS CATHOLIC CHURCH, II",Ogbeson,Ikpoba-Okha
EDO,11,03,12,11,03,024,12/11/03/024,OPEN SPACE -LIGHT OF THE WORLD BIBLE CHURCH,Ogbeson,Ikpoba-Okha
EDO,11,03,12,11,03,025,12/11/03/025,OPEN FIELD BEFORE QUEEN EDE SEC SCHOOL I,Ogbeson,Ikpoba-Okha
EDO,11,03,12,11,03,026,12/11/03/026,OPEN FIELD BEFORE QUEEN EDE SEC SCHOOL II,Ogbeson,Ikpoba-Okha
EDO,11,03,12,11,03,027,12/11/03/027,OPEN FIELD BEFORE QUEEN EDE SEC SCHOOL III,Ogbeson,Ikpoba-Okha
EDO,11,03,12,11,03,028,12/11/03/028,OPEN FIELD BEFORE QUEEN EDE SEC SCHOOL IV,Ogbeson,Ikpoba-Okha
EDO,11,03,12,11,03,029,12/11/03/029,OPEN SPACE POGAH JUNCTION I,Ogbeson,Ikpoba-Okha
EDO,11,03,12,11,03,030,12/11/03/030,OPEN SPACE POGAH JUNCTION II,Ogbeson,Ikpoba-Okha
EDO,11,03,12,11,03,031,12/11/03/031,OGBESON HEALTH CENTER II,Ogbeson,Ikpoba-Okha
EDO,11,03,12,11,03,032,12/11/03/032,"OPEN SPACE, AGBOR PARK I",Ogbeson,Ikpoba-Okha
EDO,11,03,12,11,03,033,12/11/03/033,"OPEN SPACE, AGBOR PARK II",Ogbeson,Ikpoba-Okha
EDO,11,03,12,11,03,034,12/11/03/034,"OPEN SPACE, AGBOR PARK III",Ogbeson,Ikpoba-Okha
EDO,11,03,12,11,03,035,12/11/03/035,OGIEGBAEN PRY SCHOOL I,Ogbeson,Ikpoba-Okha
EDO,11,03,12,11,03,036,12/11/03/036,OGIEGBAEN PRY SCHOOL II,Ogbeson,Ikpoba-Okha
EDO,11,03,12,11,03,037,12/11/03/037,OPEN SPACE BY LAHOR MEDICAL CENTER  I,Ogbeson,Ikpoba-Okha
EDO,11,03,12,11,03,038,12/11/03/038,OPEN SPACE BY LAHOR MEDICAL CENTER II,Ogbeson,Ikpoba-Okha
EDO,11,03,12,11,03,039,12/11/03/039,OPEN SPACE OPPOSITE ERESOYEN PRY SCHOOL I,Ogbeson,Ikpoba-Okha
EDO,11,03,12,11,03,040,12/11/03/040,OPEN SPACE OPPOSITE ERESOYEN PRY SCHOOL II,Ogbeson,Ikpoba-Okha
EDO,11,03,12,11,03,041,12/11/03/041,"OPEN SPACE, BY OHOVBE MARKET I",Ogbeson,Ikpoba-Okha
EDO,11,03,12,11,03,042,12/11/03/042,"OPEN SPACE OHOVBE MARKET ROAD, NEAR TRANSFORMER",Ogbeson,Ikpoba-Okha
EDO,11,03,12,11,03,043,12/11/03/043,OPEN SPACE TONY DEE WAY,Ogbeson,Ikpoba-Okha
EDO,11,03,12,11,03,044,12/11/03/044,"OPEN SPACE,BY LIGHTHOUSE POLYTECHNIC",Ogbeson,Ikpoba-Okha
EDO,11,03,12,11,03,045,12/11/03/045,OHOVBE PRIMARY SCHOOL I,Ogbeson,Ikpoba-Okha
EDO,11,03,12,11,03,046,12/11/03/046,OHOVBE PRIMARY SCHOOL II,Ogbeson,Ikpoba-Okha
EDO,11,03,12,11,03,047,12/11/03/047,OHOVBE PRIMARY SCHOOL III,Ogbeson,Ikpoba-Okha
EDO,11,03,12,11,03,048,12/11/03/048,OHOVBE PRIMARY SCHOOL IV,Ogbeson,Ikpoba-Okha
EDO,11,03,12,11,03,049,12/11/03/049,OHOVBE PRIMARY SCHOOL V,Ogbeson,Ikpoba-Okha
EDO,11,03,12,11,03,050,12/11/03/050,OPEN SPACE ALONG PIPELINE AMUFI I,Ogbeson,Ikpoba-Okha
EDO,11,03,12,11,03,051,12/11/03/051,OPEN SPACE ALONG PIPELINE AMUFI II,Ogbeson,Ikpoba-Okha
EDO,11,03,12,11,03,052,12/11/03/052,EVBO-AMUFI PRIMARY SCHOOL I,Ogbeson,Ikpoba-Okha
EDO,11,03,12,11,03,053,12/11/03/053,EVBO-AMUFI PRIMARY SCHOOL II,Ogbeson,Ikpoba-Okha
EDO,11,03,12,11,03,000,12/11/03/000,12/11/03/000,Ogbeson,Ikpoba-Okha
EDO,11,04,12,11,04,001,12/11/04/001,ADUWAWA - ADUWAWA SEC. SCHOOL I,Aduwawa / Evbo Modu,Ikpoba-Okha
EDO,11,04,12,11,04,002,12/11/04/002,ADUWAWA - ADUWAWA SEC. SCHOOL II,Aduwawa / Evbo Modu,Ikpoba-Okha
EDO,11,04,12,11,04,003,12/11/04/003,ADUWAWA - ADUWAWA SEC. SCHOOL III,Aduwawa / Evbo Modu,Ikpoba-Okha
EDO,11,04,12,11,04,004,12/11/04/004,ADUWAWA - ADUWAWA SEC. SCHOOL IV,Aduwawa / Evbo Modu,Ikpoba-Okha
EDO,11,04,12,11,04,005,12/11/04/005,ADUWAWA - ADUWAWA SEC. SCHOOL V,Aduwawa / Evbo Modu,Ikpoba-Okha
EDO,11,04,12,11,04,006,12/11/04/006,"ADUWAWA,  ADUWAWA SEC. SCHOOL VI",Aduwawa / Evbo Modu,Ikpoba-Okha
EDO,11,04,12,11,04,007,12/11/04/007,"ADUWAWA,  NEAR BIG JOE MOTORS I",Aduwawa / Evbo Modu,Ikpoba-Okha
EDO,11,04,12,11,04,008,12/11/04/008,"ADUWAWA,  NEAR BIG JOE MOTORS II",Aduwawa / Evbo Modu,Ikpoba-Okha
EDO,11,04,12,11,04,009,12/11/04/009,"ADUWAWA,  NEAR BIG JOE MOTORS III",Aduwawa / Evbo Modu,Ikpoba-Okha
EDO,11,04,12,11,04,010,12/11/04/010,"ADUWAWA, NEAR BIG JOE MOTORS IV",Aduwawa / Evbo Modu,Ikpoba-Okha
EDO,11,04,12,11,04,011,12/11/04/011,"ADUWAWA,  NEAR BIG JOE MOTORS V",Aduwawa / Evbo Modu,Ikpoba-Okha
EDO,11,04,12,11,04,012,12/11/04/012,"ADUWAWA , NEAR BIG JOE MOTORS VI",Aduwawa / Evbo Modu,Ikpoba-Okha
EDO,11,04,12,11,04,013,12/11/04/013,URORA - AKENGBUDA PRIMARY SCHOOL VII,Aduwawa / Evbo Modu,Ikpoba-Okha
EDO,11,04,12,11,04,014,12/11/04/014,URORA - AKENGBUDA PRIMARY SCHOOL VIII,Aduwawa / Evbo Modu,Ikpoba-Okha
EDO,11,04,12,11,04,015,12/11/04/015,URORA - AKENGBUDA PRIMARY SCHOOL IX,Aduwawa / Evbo Modu,Ikpoba-Okha
EDO,11,04,12,11,04,016,12/11/04/016,URORA - AKENGBUDA PRIMARY SCHOOL X,Aduwawa / Evbo Modu,Ikpoba-Okha
EDO,11,04,12,11,04,017,12/11/04/017,EVBUOMODU - EVBUOMODU TOWN HALL I,Aduwawa / Evbo Modu,Ikpoba-Okha
EDO,11,04,12,11,04,018,12/11/04/018,EVBUOMODU - EVBUOMODU TOWN HALL II,Aduwawa / Evbo Modu,Ikpoba-Okha
EDO,11,04,12,11,04,019,12/11/04/019,EVRUOMODU - EVBUOMODU HEALTH CNTRE I,Aduwawa / Evbo Modu,Ikpoba-Okha
EDO,11,04,12,11,04,020,12/11/04/020,EVRUOMODU - EVBUOMODU HEALTH CNTRE II,Aduwawa / Evbo Modu,Ikpoba-Okha
EDO,11,04,12,11,04,021,12/11/04/021,ADUWAWA - MARKET AREA,Aduwawa / Evbo Modu,Ikpoba-Okha
EDO,11,04,12,11,04,022,12/11/04/022,ADUWAWA SECONDARY SCHOOL VII,Aduwawa / Evbo Modu,Ikpoba-Okha
EDO,11,04,12,11,04,023,12/11/04/023,ADUWAWA SECONDARY SCHOOL VIII,Aduwawa / Evbo Modu,Ikpoba-Okha
EDO,11,04,12,11,04,024,12/11/04/024,OPEN SPACE BY DOMINION EDUCATION CENTRE,Aduwawa / Evbo Modu,Ikpoba-Okha
EDO,11,04,12,11,04,025,12/11/04/025,OPEN SPACE BY CHRIST CHOSEN CHURCH OBANOR,Aduwawa / Evbo Modu,Ikpoba-Okha
EDO,11,04,12,11,04,026,12/11/04/026,OPEN SPACE BY CONQUEST HEIGHT ACADEMY,Aduwawa / Evbo Modu,Ikpoba-Okha
EDO,11,04,12,11,04,027,12/11/04/027,OPEN SPACE FRONT OF TRANSFORMER,Aduwawa / Evbo Modu,Ikpoba-Okha
EDO,11,04,12,11,04,028,12/11/04/028,KEKE PARK BY COLLEGE ROAD JUNCTION,Aduwawa / Evbo Modu,Ikpoba-Okha
EDO,11,04,12,11,04,029,12/11/04/029,"WATER RESERVOIR, ADUWAWA I",Aduwawa / Evbo Modu,Ikpoba-Okha
EDO,11,04,12,11,04,030,12/11/04/030,"WATER RESERVOIR, ADUWAWA I",Aduwawa / Evbo Modu,Ikpoba-Okha
EDO,11,04,12,11,04,031,12/11/04/031,OPEN SPACE IN FRONT OF SAWMILL BY RELIANCE JUNCTION,Aduwawa / Evbo Modu,Ikpoba-Okha
EDO,11,04,12,11,04,032,12/11/04/032,OPEN SPACE IN FRONT OF SURVEYOR GENERAL OF FEDERATION,Aduwawa / Evbo Modu,Ikpoba-Okha
EDO,11,04,12,11,04,033,12/11/04/033,OPEN SPACE IN  FRONT OF PRIME GROUP OF SCHOOL,Aduwawa / Evbo Modu,Ikpoba-Okha
EDO,11,04,12,11,04,034,12/11/04/034,OPEN SPACE BY WAEC JUNCTION,Aduwawa / Evbo Modu,Ikpoba-Okha
EDO,11,04,12,11,04,035,12/11/04/035,OPEN SPACE IN  FRONT OF MOUNTAIN OF FIRE WAEC RD,Aduwawa / Evbo Modu,Ikpoba-Okha
EDO,11,04,12,11,04,036,12/11/04/036,OPEN SPACE IN FRONT OF OSAS MOTORS,Aduwawa / Evbo Modu,Ikpoba-Okha
EDO,11,04,12,11,04,037,12/11/04/037,OPEN SPACE BY SHEILAMOH TRANSPORT OPP. BIG JOE I,Aduwawa / Evbo Modu,Ikpoba-Okha
EDO,11,04,12,11,04,038,12/11/04/038,OPEN SPACE SHEILAMOH TRANSPORT OPP BIG JOE II,Aduwawa / Evbo Modu,Ikpoba-Okha
EDO,11,04,12,11,04,039,12/11/04/039,OPEN SPACE IN FRONT OF PSW HOUSE I,Aduwawa / Evbo Modu,Ikpoba-Okha
EDO,11,04,12,11,04,040,12/11/04/040,OPEN SPACE IN FRONT OF PSW HOUSE II,Aduwawa / Evbo Modu,Ikpoba-Okha
EDO,11,04,12,11,04,041,12/11/04/041,OPEN SPACE MECHANIC WORKSHOP,Aduwawa / Evbo Modu,Ikpoba-Okha
EDO,11,04,12,11,04,042,12/11/04/042,OPEN SPACE GREEN PARK ACADEMY I,Aduwawa / Evbo Modu,Ikpoba-Okha
EDO,11,04,12,11,04,043,12/11/04/043,OPEN SPACE IN FRONT OF GREEN PARK ACADEMY II,Aduwawa / Evbo Modu,Ikpoba-Okha
EDO,11,04,12,11,04,044,12/11/04/044,TOMATOES MARKET ALONG UPPER MISSION EXTENSION III,Aduwawa / Evbo Modu,Ikpoba-Okha
EDO,11,04,12,11,04,045,12/11/04/045,TOMATOES MARKET ALONG UPPER MISSION RD II,Aduwawa / Evbo Modu,Ikpoba-Okha
EDO,11,04,12,11,04,046,12/11/04/046,TOMATOES  MARKET ALONG UPPER MISSION EXTENSION III,Aduwawa / Evbo Modu,Ikpoba-Okha
EDO,11,04,12,11,04,047,12/11/04/047,OPEN SPACE ADUWAWA CATTLE MARKET I,Aduwawa / Evbo Modu,Ikpoba-Okha
EDO,11,04,12,11,04,048,12/11/04/048,OPEN SPACE ADUWAWA CATTLE MARKET II,Aduwawa / Evbo Modu,Ikpoba-Okha
EDO,11,04,12,11,04,049,12/11/04/049,EDO STATE SKILLS AQUISTION CENTER,Aduwawa / Evbo Modu,Ikpoba-Okha
EDO,11,04,12,11,04,050,12/11/04/050,EDO STATE SKILLS AQUSITION CENTER,Aduwawa / Evbo Modu,Ikpoba-Okha
EDO,11,04,12,11,04,051,12/11/04/051,OPEN SPACE BY MECHANIC WORKSHOP OLD RD,Aduwawa / Evbo Modu,Ikpoba-Okha
EDO,11,04,12,11,04,052,12/11/04/052,OPEN SPACE KEKE PARK BY EHIABANIMU JUNCTION,Aduwawa / Evbo Modu,Ikpoba-Okha
EDO,11,04,12,11,04,053,12/11/04/053,OPEN SPACE FRONT OF DESTINY GROUP OF SCH,Aduwawa / Evbo Modu,Ikpoba-Okha
EDO,11,04,12,11,04,054,12/11/04/054,OPEN SPACE BY URORA JUNCTION BY NETWORK MAST,Aduwawa / Evbo Modu,Ikpoba-Okha
EDO,11,04,12,11,04,055,12/11/04/055,OPEN SPACE FRONT OF MECHANIC WORKSHOP,Aduwawa / Evbo Modu,Ikpoba-Okha
EDO,11,04,12,11,04,056,12/11/04/056,OPEN SPACE FRONT OF BETHEL FAITH GROUP OF SCH.,Aduwawa / Evbo Modu,Ikpoba-Okha
EDO,11,04,12,11,04,057,12/11/04/057,OPEN SPACE IN FRONT OF LATTER DAYS SAINT OF JESUS CHRISTI,Aduwawa / Evbo Modu,Ikpoba-Okha
EDO,11,04,12,11,04,058,12/11/04/058,OPEN SPACE IN FRONT OF LATTER DAYS SAINT OF JESUS CHRIST II,Aduwawa / Evbo Modu,Ikpoba-Okha
EDO,11,04,12,11,04,059,12/11/04/059,URORA SECONDARY SCHOOL I,Aduwawa / Evbo Modu,Ikpoba-Okha
EDO,11,04,12,11,04,060,12/11/04/060,URORA SECONDARY SCHOOL II,Aduwawa / Evbo Modu,Ikpoba-Okha
EDO,11,04,12,11,04,061,12/11/04/061,URORA SECONDARY SCHOOL III,Aduwawa / Evbo Modu,Ikpoba-Okha
EDO,11,04,12,11,04,062,12/11/04/062,OPEN SPACE MANGER EDUCATION CENTER I,Aduwawa / Evbo Modu,Ikpoba-Okha
EDO,11,04,12,11,04,063,12/11/04/063,OPEN SPACE MANGER EDUCATION CENTRE II,Aduwawa / Evbo Modu,Ikpoba-Okha
EDO,11,04,12,11,04,064,12/11/04/064,OPEN SPACE BY EVBOMODU JUNCTION,Aduwawa / Evbo Modu,Ikpoba-Okha
EDO,11,04,12,11,04,065,12/11/04/065,OPEN SPACE BY URORA MARKET,Aduwawa / Evbo Modu,Ikpoba-Okha
EDO,11,04,12,11,04,066,12/11/04/066,OPEN SPACE NEAR RICHES OF FAITH MISSION,Aduwawa / Evbo Modu,Ikpoba-Okha
EDO,11,04,12,11,04,067,12/11/04/067,OPEN SPACE NEAR UNITY GROUP OF SCHOOLS,Aduwawa / Evbo Modu,Ikpoba-Okha
EDO,11,04,12,11,04,068,12/11/04/068,OPEN SPACE ADUWAWA MARKET AREA I,Aduwawa / Evbo Modu,Ikpoba-Okha
EDO,11,04,12,11,04,069,12/11/04/069,OPEN SPACE ADUWAWA MARKET AREA II,Aduwawa / Evbo Modu,Ikpoba-Okha
EDO,11,04,12,11,04,070,12/11/04/070,OPEN SPACE ADUWAWA MARKET AREA III,Aduwawa / Evbo Modu,Ikpoba-Okha
EDO,11,04,12,11,04,000,12/11/04/000,12/11/04/000,Aduwawa / Evbo Modu,Ikpoba-Okha
EDO,11,05,12,11,05,001,12/11/05/001,ST. SAVIOUR - IVBIYENEVA PRIMARY SCHOOL I,St. Saviour,Ikpoba-Okha
EDO,11,05,12,11,05,002,12/11/05/002,ST. SAVIOUR - IVBIYENEVA PRIMARY SCHOOL II,St. Saviour,Ikpoba-Okha
EDO,11,05,12,11,05,003,12/11/05/003,ST. SAVIOUR - IVBIYENEVA PRIMARY SCHOOL III,St. Saviour,Ikpoba-Okha
EDO,11,05,12,11,05,004,12/11/05/004,ST. SAVIOUR - IVBIYENEVA PRIMARY SCHOOL IV,St. Saviour,Ikpoba-Okha
EDO,11,05,12,11,05,005,12/11/05/005,ST. SAVIOUR - IVBIYENEVA PRIMARY SCHOOL V,St. Saviour,Ikpoba-Okha
EDO,11,05,12,11,05,006,12/11/05/006,ST. SAVIOUR - IVBIYENEVA PRIMARY SCHOOL VI,St. Saviour,Ikpoba-Okha
EDO,11,05,12,11,05,007,12/11/05/007,ST. SAVIOUR - IVBIYENEVA PRIMARY SCHOOL VII,St. Saviour,Ikpoba-Okha
EDO,11,05,12,11,05,008,12/11/05/008,ST. SAVIOUR - IVBIYENEVA PRIMARY SCHOOL VIII,St. Saviour,Ikpoba-Okha
EDO,11,05,12,11,05,009,12/11/05/009,ST. SAVIOUR - IVBIYENEVA PRIMARY SCHOOL IX,St. Saviour,Ikpoba-Okha
EDO,11,05,12,11,05,010,12/11/05/010,ST. SAVIOUR - IVBIYENEVA PRIMARY SCHOOL X,St. Saviour,Ikpoba-Okha
EDO,11,05,12,11,05,011,12/11/05/011,ST. SAVIOUR - IVBIYENEVA PRIMARY SCHOOL XI,St. Saviour,Ikpoba-Okha
EDO,11,05,12,11,05,012,12/11/05/012,ST. SAVIOUR - IVBIYENEVA PRIMARY SCHOOL XII,St. Saviour,Ikpoba-Okha
EDO,11,05,12,11,05,013,12/11/05/013,ST. SAVIOUR - IVBIYENEVA PRIMARY SCHOOL XIII,St. Saviour,Ikpoba-Okha
EDO,11,05,12,11,05,014,12/11/05/014,ST. SAVIOUR - IVBIYENEVA PRIMARY SCHOOL XIV,St. Saviour,Ikpoba-Okha
EDO,11,05,12,11,05,015,12/11/05/015,ST. SAVIOUR - IVBIYENEVA PRIMARY SCHOOL XV,St. Saviour,Ikpoba-Okha
EDO,11,05,12,11,05,016,12/11/05/016,ST. SAVIOUR - IVBIYENEVA PRIMARY SCHOOL XVI,St. Saviour,Ikpoba-Okha
EDO,11,05,12,11,05,017,12/11/05/017,ST. SAVIOUR - IVBIYENEVA PRIMARY SCHOOL XVII,St. Saviour,Ikpoba-Okha
EDO,11,05,12,11,05,018,12/11/05/018,ST. SAVIOUR - IVBIYENEVA PRIMARY SCHOOL XVIII,St. Saviour,Ikpoba-Okha
EDO,11,05,12,11,05,019,12/11/05/019,ST. SAVIOUR - IVBIYENEVA PRIMARY SCHOOL XIX,St. Saviour,Ikpoba-Okha
EDO,11,05,12,11,05,020,12/11/05/020,ST. SAVIOUR - IVBIYENEVA PRIMARY SCHOOL XX,St. Saviour,Ikpoba-Okha
EDO,11,05,12,11,05,021,12/11/05/021,AVBIANA - OGIANA PRIMARY SCHOOL I,St. Saviour,Ikpoba-Okha
EDO,11,05,12,11,05,022,12/11/05/022,AVBIANA - OGIANA PRIMARY SCHOOL II,St. Saviour,Ikpoba-Okha
EDO,11,05,12,11,05,023,12/11/05/023,ST. SAVIOUR - UMELU SEC. SCHOOL I,St. Saviour,Ikpoba-Okha
EDO,11,05,12,11,05,024,12/11/05/024,ST. SAVIOUR - UMELU SEC. SCHOOL II,St. Saviour,Ikpoba-Okha
EDO,11,05,12,11,05,025,12/11/05/025,ST. SAVIOUR - UMELU PRIMARY SCHOOL I,St. Saviour,Ikpoba-Okha
EDO,11,05,12,11,05,026,12/11/05/026,ST. SAVIOUR - UMELU PRIMARY SCHOOL II,St. Saviour,Ikpoba-Okha
EDO,11,05,12,11,05,027,12/11/05/027,ST. SAVIOUR - UMELU PRIMARY SCHOOL III,St. Saviour,Ikpoba-Okha
EDO,11,05,12,11,05,028,12/11/05/028,ST. SAVIOUR - OGUOLA COLLEGE I,St. Saviour,Ikpoba-Okha
EDO,11,05,12,11,05,029,12/11/05/029,ST. SAVIOUR - OGUOLA COLLEGE II,St. Saviour,Ikpoba-Okha
EDO,11,05,12,11,05,030,12/11/05/030,ST. SAVIOUR - OGUOLA COLLEGE III,St. Saviour,Ikpoba-Okha
EDO,11,05,12,11,05,031,12/11/05/031,ST. SAVIOUR - OGUOLA COLLEGE IV,St. Saviour,Ikpoba-Okha
EDO,11,05,12,11,05,032,12/11/05/032,ST. SAVIOUR - OGUOLA COLLEGE V,St. Saviour,Ikpoba-Okha
EDO,11,05,12,11,05,033,12/11/05/033,ST. SAVIOUR - OGUOLA COLLEGE VI,St. Saviour,Ikpoba-Okha
EDO,11,05,12,11,05,034,12/11/05/034,ST. SAVIOUR - OGUOLA COLLEGE VII,St. Saviour,Ikpoba-Okha
EDO,11,05,12,11,05,035,12/11/05/035,ST. SAVIOUR - OGUOLA COLLEGE VIII,St. Saviour,Ikpoba-Okha
EDO,11,05,12,11,05,036,12/11/05/036,ST. SAVIOUR - OGUOLA COLLEGE  IX,St. Saviour,Ikpoba-Okha
EDO,11,05,12,11,05,037,12/11/05/037,ST. SAVIOUR - OGUOLA COLLEGE X,St. Saviour,Ikpoba-Okha
EDO,11,05,12,11,05,038,12/11/05/038,ST. SAVIOUR - OGUOLA COLLEGE XI,St. Saviour,Ikpoba-Okha
EDO,11,05,12,11,05,039,12/11/05/039,ST. SAVIOUR - OGUOLA COLLEGE XII,St. Saviour,Ikpoba-Okha
EDO,11,05,12,11,05,040,12/11/05/040,ST RITA COMPREHENSIVE HIGH SCH I,St. Saviour,Ikpoba-Okha
EDO,11,05,12,11,05,041,12/11/05/041,ST. RITA COMPREHENSIVE HIGH SCHOOL II,St. Saviour,Ikpoba-Okha
EDO,11,05,12,11,05,042,12/11/05/042,ST. RITA COMPREHENSIVE HIGH SCHOOL III,St. Saviour,Ikpoba-Okha
EDO,11,05,12,11,05,043,12/11/05/043,OPEN SPACE FRONT OF WORD OF FAITH GROUP OF SCHOOLS COLLEGE,St. Saviour,Ikpoba-Okha
EDO,11,05,12,11,05,044,12/11/05/044,"OPEN SPACE, FRONT OF ST. SAVIOUR MARKET",St. Saviour,Ikpoba-Okha
EDO,11,05,12,11,05,045,12/11/05/045,"OPEN SPACE, FRONT OF WISDOM GOSPEL SOLUTION CHURCH",St. Saviour,Ikpoba-Okha
EDO,11,05,12,11,05,046,12/11/05/046,OPEN SPACE BY TIPPER GARAGE ALONG ST. SAVIOUR,St. Saviour,Ikpoba-Okha
EDO,11,05,12,11,05,047,12/11/05/047,OPEN SPACE OSAYANDE JUNCTION BY 100FT,St. Saviour,Ikpoba-Okha
EDO,11,05,12,11,05,048,12/11/05/048,"OPEN SPACE, FRONT OF CHRIST CHOSEN CHURCH OF GOD, ORHIONMANBOR STR, 100FT OFF ST. SAVIOUR ROAD",St. Saviour,Ikpoba-Okha
EDO,11,05,12,11,05,049,12/11/05/049,"OPEN SPACE, GREATER MIRACLES CHARISMATIC FAMILY ASSEMBLY BY 100FT OFF ST. SAVIOUR",St. Saviour,Ikpoba-Okha
EDO,11,05,12,11,05,050,12/11/05/050,OPEN SPACE- OUR SAVIOUR ANGLICAN CHURCH.OFF ST SAVIOUR RD,St. Saviour,Ikpoba-Okha
EDO,11,05,12,11,05,051,12/11/05/051,OPEN SPACE ALONG ST. SAVIOUR MARKET I,St. Saviour,Ikpoba-Okha
EDO,11,05,12,11,05,052,12/11/05/052,OPEN SPACE ALONG ST. SAVIOUR MARKET II,St. Saviour,Ikpoba-Okha
EDO,11,05,12,11,05,053,12/11/05/053,OPEN SPACE ALONG ST SAVIOUR MARKET III,St. Saviour,Ikpoba-Okha
EDO,11,05,12,11,05,054,12/11/05/054,OPEN SPACE IN FRONT OF NSIK ENGINEERING COMPANY . I,St. Saviour,Ikpoba-Okha
EDO,11,05,12,11,05,055,12/11/05/055,OPEN SPACE IN FRONT OF NSIK ENGINEERING COMPANY II,St. Saviour,Ikpoba-Okha
EDO,11,05,12,11,05,056,12/11/05/056,OPEN SPACE BY EDOBOR STREET BY NETWORK MAST OFF ST. SAVIOUR,St. Saviour,Ikpoba-Okha
EDO,11,05,12,11,05,057,12/11/05/057,OPEN SPACE AVBIAMA HEALTH CENTER OFF UPPER ST SAVIOUR RD,St. Saviour,Ikpoba-Okha
EDO,11,05,12,11,05,058,12/11/05/058,OPEN SPACE AVBIAMA MKT,St. Saviour,Ikpoba-Okha
EDO,11,05,12,11,05,059,12/11/05/059,OPEN SPACE OGADE JUNCTION BY UPPER ST SAVIOUR,St. Saviour,Ikpoba-Okha
EDO,11,05,12,11,05,060,12/11/05/060,OPEN SPACE BY UMELU POWER LINE JUNCTION,St. Saviour,Ikpoba-Okha
EDO,11,05,12,11,05,061,12/11/05/061,OPEN SPACE BY EMOLUGUN POWER LINE  JUNCTION ALONG UPPER ST. SAVIOUR,St. Saviour,Ikpoba-Okha
EDO,11,05,12,11,05,062,12/11/05/062,OPEN SPACE EVBOLIGUN MARKET ALONG UPPER ST. SAVIOUR,St. Saviour,Ikpoba-Okha
EDO,11,05,12,11,05,063,12/11/05/063,OPEN SPACE OSARO OSAGIEDE JUNCTION BY IGUODALA ROAD OFF UPPER ST SAVIOUR ROAD,St. Saviour,Ikpoba-Okha
EDO,11,05,12,11,05,064,12/11/05/064,OPEN SPACE BY SJ. CHOSEN SCHOOL BY ST. JOSEPH STR.,St. Saviour,Ikpoba-Okha
EDO,11,05,12,11,05,065,12/11/05/065,"OPEN SPACE BY AMADASUN STREET BY MOTEL DE JOY, UPPER UWA",St. Saviour,Ikpoba-Okha
EDO,11,05,12,11,05,066,12/11/05/066,OPEN SPACE IST ISIBOR JUNCTION BY AHANOR  UPPER UWA,St. Saviour,Ikpoba-Okha
EDO,11,05,12,11,05,067,12/11/05/067,OPEN SPACE FRONT OF EXCELLENT GRACE PREPARATORY SCHOOL,St. Saviour,Ikpoba-Okha
EDO,11,05,12,11,05,068,12/11/05/068,OPEN SPACE IHINMWINHIN JUNCTION BY UPPER UWA,St. Saviour,Ikpoba-Okha
EDO,11,05,12,11,05,069,12/11/05/069,OGUOLA SECONDARY SCHOOL XVII,St. Saviour,Ikpoba-Okha
EDO,11,05,12,11,05,070,12/11/05/070,OGUOLA SECONDARY SCHOOL XVIII,St. Saviour,Ikpoba-Okha
EDO,11,05,12,11,05,000,12/11/05/000,12/11/05/000,St. Saviour,Ikpoba-Okha
EDO,11,06,12,11,06,001,12/11/06/001,GORRETTI - NIGER COLLEG E I,Gorretti,Ikpoba-Okha
EDO,11,06,12,11,06,002,12/11/06/002,GORRETTI - NIGER COLLEG E II,Gorretti,Ikpoba-Okha
EDO,11,06,12,11,06,003,12/11/06/003,GORRETTI - NIGER COLLEG E III,Gorretti,Ikpoba-Okha
EDO,11,06,12,11,06,004,12/11/06/004,GORRETTI - NIGER COLLEG E IV,Gorretti,Ikpoba-Okha
EDO,11,06,12,11,06,005,12/11/06/005,GORRETTI - NIGER COLLEG E V,Gorretti,Ikpoba-Okha
EDO,11,06,12,11,06,006,12/11/06/006,GORRETTI - NIGER COLLEG E VI,Gorretti,Ikpoba-Okha
EDO,11,06,12,11,06,007,12/11/06/007,GORRETTI - NIGER COLLEG E VII,Gorretti,Ikpoba-Okha
EDO,11,06,12,11,06,008,12/11/06/008,GORRETTI - NIGER COLLEG E VIII,Gorretti,Ikpoba-Okha
EDO,11,06,12,11,06,009,12/11/06/009,GORRETTI - NIGER COLLEG E  IX,Gorretti,Ikpoba-Okha
EDO,11,06,12,11,06,010,12/11/06/010,GORRETTI - NIGER COLLEG E X,Gorretti,Ikpoba-Okha
EDO,11,06,12,11,06,011,12/11/06/011,GORRETTI - ETETE PRIMARY SCHOOL I,Gorretti,Ikpoba-Okha
EDO,11,06,12,11,06,012,12/11/06/012,GORRETTI - ETETE PRIMARY SCHOOL II,Gorretti,Ikpoba-Okha
EDO,11,06,12,11,06,013,12/11/06/013,GORRETTI - MARIA GORRETTI COLLEGE I,Gorretti,Ikpoba-Okha
EDO,11,06,12,11,06,014,12/11/06/014,GORRETTI - MARIA GORRETTI COLLEGE II,Gorretti,Ikpoba-Okha
EDO,11,06,12,11,06,015,12/11/06/015,GORRETTI - MARIA GORRETTI COLLEGE III,Gorretti,Ikpoba-Okha
EDO,11,06,12,11,06,016,12/11/06/016,GORRETTI - MARIA GORRETTI COLLEGE IV,Gorretti,Ikpoba-Okha
EDO,11,06,12,11,06,017,12/11/06/017,GORRETTI - MARIA GORRETTI COLLEGE V,Gorretti,Ikpoba-Okha
EDO,11,06,12,11,06,018,12/11/06/018,GORRETTI - MARIA GORRETTI COLLEGE VI,Gorretti,Ikpoba-Okha
EDO,11,06,12,11,06,019,12/11/06/019,GORRETTI - SCH. OF HEALTH TECHNOLOGY I,Gorretti,Ikpoba-Okha
EDO,11,06,12,11,06,020,12/11/06/020,GORRETTI - SCH. OF HEALTH TECHNOLOGY II,Gorretti,Ikpoba-Okha
EDO,11,06,12,11,06,021,12/11/06/021,GORRETTI - SCH. OF HEALTH TECHNOLOGY III,Gorretti,Ikpoba-Okha
EDO,11,06,12,11,06,022,12/11/06/022,GORRETTI - SCH. OF HEALTH TECHNOLOGY IV,Gorretti,Ikpoba-Okha
EDO,11,06,12,11,06,023,12/11/06/023,GORRETTI - SCH. OF HEALTH TECHNOLOGY V,Gorretti,Ikpoba-Okha
EDO,11,06,12,11,06,024,12/11/06/024,GORRETTI - SCH. OF HEALTH TECHNOLOGY VI,Gorretti,Ikpoba-Okha
EDO,11,06,12,11,06,025,12/11/06/025,GORRETTI - IVBIOTOR PRIMARY SCHOOL I,Gorretti,Ikpoba-Okha
EDO,11,06,12,11,06,026,12/11/06/026,GORRETTI - IVBIOTOR PRIMARY SCHOOL II,Gorretti,Ikpoba-Okha
EDO,11,06,12,11,06,027,12/11/06/027,GORRETTI - IVBIOTOR PRIMARY SCHOOL III,Gorretti,Ikpoba-Okha
EDO,11,06,12,11,06,028,12/11/06/028,GORRETTI - IVBIOTOR PRIMARY SCHOOL IV,Gorretti,Ikpoba-Okha
EDO,11,06,12,11,06,029,12/11/06/029,GORRETTI - IVBIOTOR PRIMARY SCHOOL V,Gorretti,Ikpoba-Okha
EDO,11,06,12,11,06,030,12/11/06/030,GORRETTI - IVBIOTOR PRIMARY SCHOOL VI,Gorretti,Ikpoba-Okha
EDO,11,06,12,11,06,031,12/11/06/031,GORRETTI - IVBIOTOR PRIMARY SCHOOL VII,Gorretti,Ikpoba-Okha
EDO,11,06,12,11,06,032,12/11/06/032,GORRETTI - IVBIOTOR PRIMARY SCHOOL VIII,Gorretti,Ikpoba-Okha
EDO,11,06,12,11,06,033,12/11/06/033,GORRETTI - ITOHAN GIRLS G/SCHOOL I,Gorretti,Ikpoba-Okha
EDO,11,06,12,11,06,034,12/11/06/034,GORRETTI - ITOHAN GIRLS G/SCHOOL II,Gorretti,Ikpoba-Okha
EDO,11,06,12,11,06,035,12/11/06/035,GORRETTI - ITOHAN GIRLS G/SCHOOL III,Gorretti,Ikpoba-Okha
EDO,11,06,12,11,06,036,12/11/06/036,GORRETTI - ITOHAN GIRLS G/SCHOOL IV,Gorretti,Ikpoba-Okha
EDO,11,06,12,11,06,037,12/11/06/037,GORRETTI - ITOHAN GIRLS G/SCHOOL V,Gorretti,Ikpoba-Okha
EDO,11,06,12,11,06,038,12/11/06/038,GORRETTI - ITOHAN GIRLS G/SCHOOL VI,Gorretti,Ikpoba-Okha
EDO,11,06,12,11,06,039,12/11/06/039,GORRETTI - MANPOWER DEV. CENTRE I,Gorretti,Ikpoba-Okha
EDO,11,06,12,11,06,040,12/11/06/040,GORRETTI - MANPOWER DEV. CENTRE II,Gorretti,Ikpoba-Okha
EDO,11,06,12,11,06,041,12/11/06/041,GORRETTI - MANPOWER DEV. CENTRE III,Gorretti,Ikpoba-Okha
EDO,11,06,12,11,06,042,12/11/06/042,GORRETTI - MANPOWER DEV. CENTRE IV,Gorretti,Ikpoba-Okha
EDO,11,06,12,11,06,043,12/11/06/043,GORRETTI - MANPOWER DEV. CENTRE V,Gorretti,Ikpoba-Okha
EDO,11,06,12,11,06,044,12/11/06/044,GORETTI - OGIOMO SEC. SCHOOL I,Gorretti,Ikpoba-Okha
EDO,11,06,12,11,06,045,12/11/06/045,GORETTI - OGIOMO SEC. SCHOOL II,Gorretti,Ikpoba-Okha
EDO,11,06,12,11,06,046,12/11/06/046,GORETTI - OGIOMO SEC. SCHOOL III,Gorretti,Ikpoba-Okha
EDO,11,06,12,11,06,047,12/11/06/047,GORETTI - OGIOMO SEC. SCHOOL IV,Gorretti,Ikpoba-Okha
EDO,11,06,12,11,06,048,12/11/06/048,ETETE M.P.D. - ETETE P/S   I,Gorretti,Ikpoba-Okha
EDO,11,06,12,11,06,049,12/11/06/049,ETETE M.P.D. - ETETE P/S    II,Gorretti,Ikpoba-Okha
EDO,11,06,12,11,06,050,12/11/06/050,ETETE M.P.D. - MANPOWER DEV. I,Gorretti,Ikpoba-Okha
EDO,11,06,12,11,06,051,12/11/06/051,ETETE M.P.D. - MANPOWER DEV. II,Gorretti,Ikpoba-Okha
EDO,11,06,12,11,06,052,12/11/06/052,GORRETTI - MANPOWER DEV. CENTRE I,Gorretti,Ikpoba-Okha
EDO,11,06,12,11,06,053,12/11/06/053,GORRETTI - MANPOWER DEV. CENTRE II,Gorretti,Ikpoba-Okha
EDO,11,06,12,11,06,054,12/11/06/054,ETETE M.P.D. - ETETE PRIMARY SCHOOL,Gorretti,Ikpoba-Okha
EDO,11,06,12,11,06,055,12/11/06/055,OPEN SPACE POWERLINE STREET JUNCTION BY EWEKA STREET,Gorretti,Ikpoba-Okha
EDO,11,06,12,11,06,056,12/11/06/056,OPEN SPACE EHIGIATOR STREET BY JEHOVAH WITNESS,Gorretti,Ikpoba-Okha
EDO,11,06,12,11,06,057,12/11/06/057,OPEN SPACE UWA STREET BY POWERLINE JUNCTION,Gorretti,Ikpoba-Okha
EDO,11,06,12,11,06,058,12/11/06/058,OPEN SPACE FRONT OF IGBINOVIA GROUP OF SCHOOL DUMEZ RD,Gorretti,Ikpoba-Okha
EDO,11,06,12,11,06,059,12/11/06/059,OPEN SPACE OBASUYI STREET BY 2ND UWA JUNCTION,Gorretti,Ikpoba-Okha
EDO,11,06,12,11,06,060,12/11/06/060,"OPEN SPACE BY NEW CONVENANT BIBLE CHURCH, OKUNDIA STREET, OFF IREDIAWA",Gorretti,Ikpoba-Okha
EDO,11,06,12,11,06,061,12/11/06/061,"OPEN SPACE IN FRONT OF VINDA MEDICAL CENTER, 1ST UWA LANE",Gorretti,Ikpoba-Okha
EDO,11,06,12,11,06,062,12/11/06/062,OPEN SPACE NOSAYABA JUNCTION BY 1ST UWA LANE,Gorretti,Ikpoba-Okha
EDO,11,06,12,11,06,063,12/11/06/063,OPEN SPACE IN FRONT OF FOURSQUARE CHURCH BY NOSAYABA STREET,Gorretti,Ikpoba-Okha
EDO,11,06,12,11,06,064,12/11/06/064,OPEN SPACE NOSAYABA JUNCTION BY POWERLINE,Gorretti,Ikpoba-Okha
EDO,11,06,12,11,06,065,12/11/06/065,OPEN SPACE DUMEZ RD BY CATTLE MARKET,Gorretti,Ikpoba-Okha
EDO,11,06,12,11,06,066,12/11/06/066,OPEN SPACE BY DUMEZ MARKET,Gorretti,Ikpoba-Okha
EDO,11,06,12,11,06,067,12/11/06/067,OPEN SPACE IN FRONT OF TREASURE HOUSE ASSEMBLY CHURCH DUMEZ RD,Gorretti,Ikpoba-Okha
EDO,11,06,12,11,06,068,12/11/06/068,OPEN SPACE BY CHURCH LANE JUNCTION OFF ALOHAN JUNCTION,Gorretti,Ikpoba-Okha
EDO,11,06,12,11,06,069,12/11/06/069,OPEN SPACE UYI-EHIOROBO STREET BY OMO-EDOKPOLOR JUNCTION DUMEZ RD,Gorretti,Ikpoba-Okha
EDO,11,06,12,11,06,070,12/11/06/070,OPEN SPACE FRONT OF CHRIST FOUNDATION CHURCH BEHIND SCHOOL OF HEALTH,Gorretti,Ikpoba-Okha
EDO,11,06,12,11,06,071,12/11/06/071,OPEN SPACE FRONT OF CHRIST BELIEVERS ASSEMBLY OSAREMWINDA STREET BEHIND SCHOOL OF HEALTH,Gorretti,Ikpoba-Okha
EDO,11,06,12,11,06,072,12/11/06/072,SCHOOL OF HEALTH AND TECHNOLOGY (IX),Gorretti,Ikpoba-Okha
EDO,11,06,12,11,06,073,12/11/06/073,"GORRETTI, IVBIOTOR PRY SCH (VII)",Gorretti,Ikpoba-Okha
EDO,11,06,12,11,06,074,12/11/06/074,"GORRETTI, IVBIOTOR PRY SCH (VIII)",Gorretti,Ikpoba-Okha
EDO,11,06,12,11,06,075,12/11/06/075,"GORRETTI, IVBIOTOR PRY SCH (IX)",Gorretti,Ikpoba-Okha
EDO,11,06,12,11,06,076,12/11/06/076,OPEN SPACE DUMEZ JUNCTION BY SAPELE RD,Gorretti,Ikpoba-Okha
EDO,11,06,12,11,06,077,12/11/06/077,"OPEN SPACE BY GOSPEL LIGHT CHURCH, EREDIAUWA STREET",Gorretti,Ikpoba-Okha
EDO,11,06,12,11,06,078,12/11/06/078,OPEN SPACE FRONT OF DEEPER LIFE CHURCH IYENAMA ST. OFF EREDIAUWA,Gorretti,Ikpoba-Okha
EDO,11,06,12,11,06,079,12/11/06/079,"OPEN SPACE BY 4TH EREDIAUWA JUNCTION, OLD ROAD I",Gorretti,Ikpoba-Okha
EDO,11,06,12,11,06,080,12/11/06/080,"OPEN SPACE BY 4TH EREDIAUWA JUNCTION, OLD ROAD II",Gorretti,Ikpoba-Okha
EDO,11,06,12,11,06,081,12/11/06/081,ITOHAN GIRLS SECONDARY SCHXII,Gorretti,Ikpoba-Okha
EDO,11,06,12,11,06,082,12/11/06/082,OPEN SPACE BESIDE MANPOWER OFF OLD SAPELE RD,Gorretti,Ikpoba-Okha
EDO,11,06,12,11,06,083,12/11/06/083,OPEN SPACE OPP MEGA CHURCH UWUIGBE STREET BY MAGISTRATE COURT JUNCTION,Gorretti,Ikpoba-Okha
EDO,11,06,12,11,06,084,12/11/06/084,OPEN SPACE FRONT OF CHURCH OF GOD MISSION BY OLD SAPELE RD.,Gorretti,Ikpoba-Okha
EDO,11,06,12,11,06,085,12/11/06/085,OPEN SPACE OPP KOKUN HOTEL BY OLD SAPELE ROAD,Gorretti,Ikpoba-Okha
EDO,11,06,12,11,06,086,12/11/06/086,EVBORIARIA PRY SCHOOL I,Gorretti,Ikpoba-Okha
EDO,11,06,12,11,06,087,12/11/06/087,EVBORIARIA PRY SCHOOL II,Gorretti,Ikpoba-Okha
EDO,11,06,12,11,06,088,12/11/06/088,EVBORIARIA PRY SCHOOL III,Gorretti,Ikpoba-Okha
EDO,11,06,12,11,06,089,12/11/06/089,EVBORIARIA PRY SCHOOL IV,Gorretti,Ikpoba-Okha
EDO,11,06,12,11,06,090,12/11/06/090,"SANTANA MARKET, BY SAPELE ROAD",Gorretti,Ikpoba-Okha
EDO,11,06,12,11,06,091,12/11/06/091,"PZ MARKET, EVBORIARIA I",Gorretti,Ikpoba-Okha
EDO,11,06,12,11,06,092,12/11/06/092,"PZ MARKET, EVBORIARIA II",Gorretti,Ikpoba-Okha
EDO,11,06,12,11,06,093,12/11/06/093,FRONT OF FRSC OFF PZ ROAD,Gorretti,Ikpoba-Okha
EDO,11,06,12,11,06,094,12/11/06/094,"OPEN SPACE CHRISTIAN MISSIONARY REVIVAL MINISTRY, ALONG PZ ROAD, EVBORIARIA",Gorretti,Ikpoba-Okha
EDO,11,06,12,11,06,095,12/11/06/095,"SANTANA MARKET,",Gorretti,Ikpoba-Okha
EDO,11,06,12,11,06,000,12/11/06/000,12/11/06/000,Gorretti,Ikpoba-Okha
EDO,11,07,12,11,07,001,12/11/07/001,ENIKARO - ENIKARO PRIMARY SCHOOL I,Ugbekun,Ikpoba-Okha
EDO,11,07,12,11,07,002,12/11/07/002,ENIKARO - ENIKARO PRIMARY SCHOOL II,Ugbekun,Ikpoba-Okha
EDO,11,07,12,11,07,003,12/11/07/003,ENIKARO - ENIKARO PRIMARY SCHOOL III,Ugbekun,Ikpoba-Okha
EDO,11,07,12,11,07,004,12/11/07/004,ENIKARO - ENIKARO PRIMARY SCHOOL IV,Ugbekun,Ikpoba-Okha
EDO,11,07,12,11,07,005,12/11/07/005,ENIKARO - ENIKARO PRIMARY SCHOOL V,Ugbekun,Ikpoba-Okha
EDO,11,07,12,11,07,006,12/11/07/006,ENIKARO - ENIKARO PRIMARY SCHOOL VI,Ugbekun,Ikpoba-Okha
EDO,11,07,12,11,07,007,12/11/07/007,ENIKARO - ENIKARO PRIMARY SCHOOL VII,Ugbekun,Ikpoba-Okha
EDO,11,07,12,11,07,008,12/11/07/008,ENIKARO - ENIKARO PRIMARY SCHOOL VIII,Ugbekun,Ikpoba-Okha
EDO,11,07,12,11,07,009,12/11/07/009,ENIKARO - ENIKARO PRIMARY SCHOOL IX,Ugbekun,Ikpoba-Okha
EDO,11,07,12,11,07,010,12/11/07/010,ENIKARO - ENIKARO PRIMARY SCHOOL X,Ugbekun,Ikpoba-Okha
EDO,11,07,12,11,07,011,12/11/07/011,"ENIKARO, UGBEKUN HEALTH CENTRE I",Ugbekun,Ikpoba-Okha
EDO,11,07,12,11,07,012,12/11/07/012,"ENIKARO, UGBEKUN HEALTH CENTRE II",Ugbekun,Ikpoba-Okha
EDO,11,07,12,11,07,013,12/11/07/013,"ENIKARO, UGBEKUN HEALTH CENTRE III",Ugbekun,Ikpoba-Okha
EDO,11,07,12,11,07,014,12/11/07/014,"ENIKARO, UGBEKUN HEALTH CENTRE IV",Ugbekun,Ikpoba-Okha
EDO,11,07,12,11,07,015,12/11/07/015,"ENIKARO, UGBEKUN HEALTH CENTRE V",Ugbekun,Ikpoba-Okha
EDO,11,07,12,11,07,016,12/11/07/016,ENIKARO - UGBEKUN PRIMARY SCHOOL I,Ugbekun,Ikpoba-Okha
EDO,11,07,12,11,07,017,12/11/07/017,ENIKARO - UGBEKUN PRIMARY SCHOOL II,Ugbekun,Ikpoba-Okha
EDO,11,07,12,11,07,018,12/11/07/018,UGBEKUN - OLOGBOSERE PRIMARY SCHOOL I,Ugbekun,Ikpoba-Okha
EDO,11,07,12,11,07,019,12/11/07/019,UGBEKUN - OLOGBOSERE PRIMARY SCHOOL II,Ugbekun,Ikpoba-Okha
EDO,11,07,12,11,07,020,12/11/07/020,UGBEKUN - OLOGBOSERE PRIMARY SCHOOL III,Ugbekun,Ikpoba-Okha
EDO,11,07,12,11,07,021,12/11/07/021,UGBEKUN - OLOGBOSERE PRIMARY SCHOOL IV,Ugbekun,Ikpoba-Okha
EDO,11,07,12,11,07,022,12/11/07/022,UGBEKUN - OLOGBOSERE PRIMARY SCHOOL V,Ugbekun,Ikpoba-Okha
EDO,11,07,12,11,07,023,12/11/07/023,UGBEKUN - OLOGBOSERE PRIMARY SCHOOL VI,Ugbekun,Ikpoba-Okha
EDO,11,07,12,11,07,024,12/11/07/024,UGBEKUN - OLOGBOSERE PRIMARY SCHOOL VII,Ugbekun,Ikpoba-Okha
EDO,11,07,12,11,07,025,12/11/07/025,UGBEKUN - OLOGBOSERE PRIMARY SCHOOL VIII,Ugbekun,Ikpoba-Okha
EDO,11,07,12,11,07,026,12/11/07/026,UGBEKUN - OLOGBOSERE PRIMARY SCHOOL   IX,Ugbekun,Ikpoba-Okha
EDO,11,07,12,11,07,027,12/11/07/027,UGBEKUN - OLOGBOSERE PRIMARY SCHOOL   X,Ugbekun,Ikpoba-Okha
EDO,11,07,12,11,07,028,12/11/07/028,UGBEKUN - OLOGBOSERE PRIMARY SCHOOL   XI,Ugbekun,Ikpoba-Okha
EDO,11,07,12,11,07,029,12/11/07/029,UGBEKUN - OLOGBOSERE PRIMARY SCHOOL   XII,Ugbekun,Ikpoba-Okha
EDO,11,07,12,11,07,030,12/11/07/030,UGBEKUN - OLOGBOSERE PRIMARY SCHOOL   XIII,Ugbekun,Ikpoba-Okha
EDO,11,07,12,11,07,031,12/11/07/031,UGBEKUN - OLOGBOSERE PRIMARY SCHOOL   XIV,Ugbekun,Ikpoba-Okha
EDO,11,07,12,11,07,032,12/11/07/032,UGBEKUN - OLOGBOSERE PRIMARY SCHOOL    XV,Ugbekun,Ikpoba-Okha
EDO,11,07,12,11,07,033,12/11/07/033,UGBEKUN - OLOGBOSERE PRIMARY SCHOOL    XVI,Ugbekun,Ikpoba-Okha
EDO,11,07,12,11,07,034,12/11/07/034,UGBEKUN - OLOGBOSERE PRIMARY SCHOOL     XVII,Ugbekun,Ikpoba-Okha
EDO,11,07,12,11,07,035,12/11/07/035,UGBEKUN - OLOGBOSERE PRIMARY SCHOOL    XVIII,Ugbekun,Ikpoba-Okha
EDO,11,07,12,11,07,036,12/11/07/036,UGBEKUN - OLOGBOSERE PRIMARY SCHOOL     XIX,Ugbekun,Ikpoba-Okha
EDO,11,07,12,11,07,037,12/11/07/037,UGBEKUN - OLOGBOSERE PRIMARY SCHOOL   XX,Ugbekun,Ikpoba-Okha
EDO,11,07,12,11,07,038,12/11/07/038,OLOGBOSERE PRY SCH (UGBEKUN TOWN HALL I),Ugbekun,Ikpoba-Okha
EDO,11,07,12,11,07,039,12/11/07/039,OLOGBOSERE PRY SCH (UGBEKUN TOWN HALL II),Ugbekun,Ikpoba-Okha
EDO,11,07,12,11,07,040,12/11/07/040,"OPEN SPACE BY  CHRISTLIFE GOSPEL ASSEMBLY, OWIE STREET BY AGUEBOR JUNCTION OFF WELFARE ROAD, UPPER SAKPONBA",Ugbekun,Ikpoba-Okha
EDO,11,07,12,11,07,041,12/11/07/041,"OPEN SPACE BY UHUNWANGHO JUNCTION BY JESUS CHRIST ROAD, UPPER SAKPONBA",Ugbekun,Ikpoba-Okha
EDO,11,07,12,11,07,042,12/11/07/042,"OPEN SPACE BY IGUMA JUNCTION BY IGBINIDU ROAD, OFF UPPER SAKPONBA",Ugbekun,Ikpoba-Okha
EDO,11,07,12,11,07,043,12/11/07/043,EDO STATE CHILDREN CORRECTIONAL CENTER ALONG WELFARE RD I,Ugbekun,Ikpoba-Okha
EDO,11,07,12,11,07,044,12/11/07/044,EDO STATE CHILDREN CORRECTIONAL CENTER ALONG WELFARE RD II,Ugbekun,Ikpoba-Okha
EDO,11,07,12,11,07,045,12/11/07/045,EDO STATE CHILDREN CORRECTIONAL WENTER ALONG WELFARE RD III,Ugbekun,Ikpoba-Okha
EDO,11,07,12,11,07,046,12/11/07/046,"OPEN SPACE BY  AGBAGO STR, JESUS CHRIST ROAD, OFF UPPER SAKPONBA",Ugbekun,Ikpoba-Okha
EDO,11,07,12,11,07,047,12/11/07/047,"OPEN SPACE BY KEKE PARK, OPPOSITE NNPC JUNCTION UPPER SAKPONBA",Ugbekun,Ikpoba-Okha
EDO,11,07,12,11,07,048,12/11/07/048,"OPEN SPACE BY KEKE PARK, WELFARE ROAD, OFF UPPER SAKPONBA",Ugbekun,Ikpoba-Okha
EDO,11,07,12,11,07,049,12/11/07/049,OPEN SPACE BY SAWMILL POWER LINE BY UPPER SAKPONBA,Ugbekun,Ikpoba-Okha
EDO,11,07,12,11,07,050,12/11/07/050,OPEN SPACE BY AIVIHENYOR JUNCTION OFF UPPER SAKPONBA,Ugbekun,Ikpoba-Okha
EDO,11,07,12,11,07,051,12/11/07/051,"OPEN SPACE BY AMUWA JUNCTION, OFF EREDIAWA, UPPER SAKPONBA",Ugbekun,Ikpoba-Okha
EDO,11,07,12,11,07,052,12/11/07/052,"OPEN SPACE BY FRONT OF CHRIST CHOSEN CHURCH OF GOD BY AMUWA STREET, UPPER SAKPONBA",Ugbekun,Ikpoba-Okha
EDO,11,07,12,11,07,053,12/11/07/053,"OPEN SPACE BY MUSHESHE JUNCTION, OFF UPPER SAKPONBA",Ugbekun,Ikpoba-Okha
EDO,11,07,12,11,07,054,12/11/07/054,OPEN SPACE BY PRESENTATION NATIONAL HIGH SCHOOL I,Ugbekun,Ikpoba-Okha
EDO,11,07,12,11,07,055,12/11/07/055,OPEN SPACE BY PRESENTATION NATIONAL HIGH SCHOOL II,Ugbekun,Ikpoba-Okha
EDO,11,07,12,11,07,056,12/11/07/056,OPEN SPACE BY ISO JUNCTION OFF UPPER SAKPONBA BEHIND UGBEKUN PRIMARY SCHOOL,Ugbekun,Ikpoba-Okha
EDO,11,07,12,11,07,057,12/11/07/057,"OPEN SPACE ISO STREET BY OZIGBO JUNCTION, UPPER SAKPONBA",Ugbekun,Ikpoba-Okha
EDO,11,07,12,11,07,058,12/11/07/058,"OPEN SPACE IN  FRONT OF OMOSEFE NURSING & MATERNITY, ETINOSA STREET, OFF UPPER SAKPONBA",Ugbekun,Ikpoba-Okha
EDO,11,07,12,11,07,059,12/11/07/059,"OPEN SPACE FRONT OF AMAZING GRACE BAPTIST CHURCH, AKPATA STREET OFF UPPER SAKPONBA",Ugbekun,Ikpoba-Okha
EDO,11,07,12,11,07,060,12/11/07/060,"OPEN SPACE, AKPATA JUNCTION BY UPPER SAKPONBA ROAD",Ugbekun,Ikpoba-Okha
EDO,11,07,12,11,07,061,12/11/07/061,OPEN SPACE UWAGUE STREET BY BEHIND SAZY LOGISTICS FILING STATION,Ugbekun,Ikpoba-Okha
EDO,11,07,12,11,07,062,12/11/07/062,OPEN SPACE BY OSARUMWENSE STREET OPPOSITE EXCELITE GAS,Ugbekun,Ikpoba-Okha
EDO,11,07,12,11,07,063,12/11/07/063,OPEN SPACE UGBEKUN MKT. I,Ugbekun,Ikpoba-Okha
EDO,11,07,12,11,07,064,12/11/07/064,OPEN SPACE UGBEKUN MKT II,Ugbekun,Ikpoba-Okha
EDO,11,07,12,11,07,065,12/11/07/065,OPEN SPACE  UGBEKUN MKT III,Ugbekun,Ikpoba-Okha
EDO,11,07,12,11,07,066,12/11/07/066,OPEN SPACE UGBEKUN MKT UPPER SAKPONBA ROAD.,Ugbekun,Ikpoba-Okha
EDO,11,07,12,11,07,067,12/11/07/067,"OPEN SPACE WORD OF TRUTH BIBLE CHURCH, ALONG UPPER SAKPONBA",Ugbekun,Ikpoba-Okha
EDO,11,07,12,11,07,068,12/11/07/068,OPEN SPACE IN FRONT OF GREATER PEACE GROUP OF SCH.UPPER SAKPONBA RD.,Ugbekun,Ikpoba-Okha
EDO,11,07,12,11,07,069,12/11/07/069,OPEN SPACE IN FRONT OF UNICOACH GROUP OF SCH,Ugbekun,Ikpoba-Okha
EDO,11,07,12,11,07,070,12/11/07/070,OPEN SPACE OPPOSITE FOLARO GLOBAL SERVICES,Ugbekun,Ikpoba-Okha
EDO,11,07,12,11,07,071,12/11/07/071,"OPEN SPACE KEKE PARK BY EREDIAWA JUNCTION, UPPER SAKPONBA",Ugbekun,Ikpoba-Okha
EDO,11,07,12,11,07,072,12/11/07/072,OPEN SPACE UGBEKUN MKT IV,Ugbekun,Ikpoba-Okha
EDO,11,07,12,11,07,073,12/11/07/073,OPEN SPACE UGBEKUN MKT V,Ugbekun,Ikpoba-Okha
EDO,11,07,12,11,07,074,12/11/07/074,UGBEKUN HEALTH CENTER VI,Ugbekun,Ikpoba-Okha
EDO,11,07,12,11,07,000,12/11/07/000,12/11/07/000,Ugbekun,Ikpoba-Okha
EDO,11,08,12,11,08,001,12/11/08/001,"IDOGBO, IDOGBO - AKUGBE PRIMARY SCHOOL I",Idogbo,Ikpoba-Okha
EDO,11,08,12,11,08,002,12/11/08/002,"IDOGBO, IDOGBO - AKUGBE PRIMARY SCHOOL II",Idogbo,Ikpoba-Okha
EDO,11,08,12,11,08,003,12/11/08/003,"IDOGBO, IDOGBO - AKUGBE PRIMARY SCHOOL III",Idogbo,Ikpoba-Okha
EDO,11,08,12,11,08,004,12/11/08/004,"IDOGBO, IDOGBO - OZOLUA PRIMARY SCHOOL",Idogbo,Ikpoba-Okha
EDO,11,08,12,11,08,005,12/11/08/005,"IDOGBO, IDOGBO - ADOLOR PRIMARY SCHOOL I",Idogbo,Ikpoba-Okha
EDO,11,08,12,11,08,006,12/11/08/006,"IDOGBO, IDOGBO - ADOLOR PRIMARY SCHOOL II",Idogbo,Ikpoba-Okha
EDO,11,08,12,11,08,007,12/11/08/007,"IDOGBO, IDOGBO - AORO PRIMARY SCHOOL I",Idogbo,Ikpoba-Okha
EDO,11,08,12,11,08,008,12/11/08/008,"IDOGBO, IDOGBO - AORO PRIMARY SCHOOL II",Idogbo,Ikpoba-Okha
EDO,11,08,12,11,08,009,12/11/08/009,"IDOGBO, IDOGBO - SPACE NEAR ABICO MARKET I",Idogbo,Ikpoba-Okha
EDO,11,08,12,11,08,010,12/11/08/010,"IDOGBO, IDOGBO - SPACE NEAR ABICO MARKET II",Idogbo,Ikpoba-Okha
EDO,11,08,12,11,08,011,12/11/08/011,"IDOGBO, IDOGBO - SPACE NEAR ABICO MARKET III",Idogbo,Ikpoba-Okha
EDO,11,08,12,11,08,012,12/11/08/012,AVBIAKAGBA TOWN HALL (SPACE NEAR MARKET IV),Idogbo,Ikpoba-Okha
EDO,11,08,12,11,08,013,12/11/08/013,"IDOGBO, IDOGBO - SPACE NEAR ABICO MARKET IV",Idogbo,Ikpoba-Okha
EDO,11,08,12,11,08,014,12/11/08/014,"IDOGBO, IDOGBO - SPACE NEAR ABICO MARKET V",Idogbo,Ikpoba-Okha
EDO,11,08,12,11,08,015,12/11/08/015,"IDOGBO, IDOGBO - NEAR NDLA OFFICE I",Idogbo,Ikpoba-Okha
EDO,11,08,12,11,08,016,12/11/08/016,"IDOGBO, IDOGBO - NEAR NDLA OFFICE II",Idogbo,Ikpoba-Okha
EDO,11,08,12,11,08,017,12/11/08/017,"IDOGBO, IDOGBO - NEAR NDLA OFFICE III",Idogbo,Ikpoba-Okha
EDO,11,08,12,11,08,018,12/11/08/018,"IDOGBO, IDOGBO - NEAR NDLA OFFICE  IV",Idogbo,Ikpoba-Okha
EDO,11,08,12,11,08,019,12/11/08/019,"IDOGBO, IDOGBO - NEAR NDLA OFFICE  V",Idogbo,Ikpoba-Okha
EDO,11,08,12,11,08,020,12/11/08/020,"IDOGBO, IDOGBO - NEAR NDLA OFFICE VI",Idogbo,Ikpoba-Okha
EDO,11,08,12,11,08,021,12/11/08/021,"OKA SECONDARY SCH,OKA 3 (NEAR NDLEA OFFICE VII)",Idogbo,Ikpoba-Okha
EDO,11,08,12,11,08,022,12/11/08/022,"OKA SECONDARY SCH,OKA 4 (NEAR NDLEA OFFICE VIII)",Idogbo,Ikpoba-Okha
EDO,11,08,12,11,08,023,12/11/08/023,"IDOGBO, IDOGBO - IDOGBO SEC. SCHOOL IX",Idogbo,Ikpoba-Okha
EDO,11,08,12,11,08,024,12/11/08/024,"IDOGBO, IDOGBO - IDOGBO SEC. SCHOOL X",Idogbo,Ikpoba-Okha
EDO,11,08,12,11,08,025,12/11/08/025,"IDOGBO, IDOGBO - WOMEN SPECIAL CENTRE I",Idogbo,Ikpoba-Okha
EDO,11,08,12,11,08,026,12/11/08/026,"IDOGBO, IDOGBO - WOMEN SPECIAL CENTRE II",Idogbo,Ikpoba-Okha
EDO,11,08,12,11,08,027,12/11/08/027,"IDOGBO, IDOGBO - OBAZEGBON PRIMARY SCHOOL",Idogbo,Ikpoba-Okha
EDO,11,08,12,11,08,028,12/11/08/028,IDOGBO - OGUBOR PRIMARY SCHOOL,Idogbo,Ikpoba-Okha
EDO,11,08,12,11,08,029,12/11/08/029,IDOGBO - HEALTH CENTRE,Idogbo,Ikpoba-Okha
EDO,11,08,12,11,08,030,12/11/08/030,IKPE - ELAISUBI PRIMARY SCHOOL,Idogbo,Ikpoba-Okha
EDO,11,08,12,11,08,031,12/11/08/031,OBAGIENOKPORO - OSENWEDE PRIMARY SCHOOL  I,Idogbo,Ikpoba-Okha
EDO,11,08,12,11,08,032,12/11/08/032,OBAGIENOKPORO - OSENWEDE PRIMARY SCHOOL  II,Idogbo,Ikpoba-Okha
EDO,11,08,12,11,08,033,12/11/08/033,IDOGBO - OSENWEDE PRIMARY SCHOOL I,Idogbo,Ikpoba-Okha
EDO,11,08,12,11,08,034,12/11/08/034,IDOGBO - OSENWEDE PRIMARY SCHOOL  II,Idogbo,Ikpoba-Okha
EDO,11,08,12,11,08,035,12/11/08/035,ULEGUN - ULEGUN PRIMARY SCHOOL,Idogbo,Ikpoba-Okha
EDO,11,08,12,11,08,036,12/11/08/036,UTESI - UTESI TOWN HALL,Idogbo,Ikpoba-Okha
EDO,11,08,12,11,08,037,12/11/08/037,OKA - MARKET SPACE,Idogbo,Ikpoba-Okha
EDO,11,08,12,11,08,038,12/11/08/038,UYINWENDIN - UYINWENDIN TOWN HALL I,Idogbo,Ikpoba-Okha
EDO,11,08,12,11,08,039,12/11/08/039,UYINWENDIN - UYINWENDIN TOWN HALL II,Idogbo,Ikpoba-Okha
EDO,11,08,12,11,08,040,12/11/08/040,OKA I NOMAYO - GOOD FOUNDATION SEC. SCHOOL,Idogbo,Ikpoba-Okha
EDO,11,08,12,11,08,041,12/11/08/041,PRESCO CAMPS - PRESCO HALL,Idogbo,Ikpoba-Okha
EDO,11,08,12,11,08,042,12/11/08/042,UYINMWENDIN - UYINMWENDIN,Idogbo,Ikpoba-Okha
EDO,11,08,12,11,08,043,12/11/08/043,OPEN SPACE BY ISNO EDUCATION CENTRE I,Idogbo,Ikpoba-Okha
EDO,11,08,12,11,08,044,12/11/08/044,OPEN SPACE BY ISNO EDUCATION CENTRE II,Idogbo,Ikpoba-Okha
EDO,11,08,12,11,08,045,12/11/08/045,OPEN SPACE BY KEKE PARK IDAHOR JUNCTION,Idogbo,Ikpoba-Okha
EDO,11,08,12,11,08,046,12/11/08/046,OPEN SPACE NEAR ABIKO MARKET II,Idogbo,Ikpoba-Okha
EDO,11,08,12,11,08,047,12/11/08/047,OPEN SPACE NEAR ABIKO MARKET III,Idogbo,Ikpoba-Okha
EDO,11,08,12,11,08,048,12/11/08/048,OPEN SPACE NEAR ABIKO MARKET IV,Idogbo,Ikpoba-Okha
EDO,11,08,12,11,08,049,12/11/08/049,OPEN SPACE NEAR ABIKO MARKET V,Idogbo,Ikpoba-Okha
EDO,11,08,12,11,08,050,12/11/08/050,"ABIKO WATER BOARD, OFF UPPER SAKONBA RD I",Idogbo,Ikpoba-Okha
EDO,11,08,12,11,08,051,12/11/08/051,"ABIKO WATER BOARD, OFF UPPER SAKONBA RD II",Idogbo,Ikpoba-Okha
EDO,11,08,12,11,08,052,12/11/08/052,OUR LADY MOTHER OF PERPETUAL HELP(I),Idogbo,Ikpoba-Okha
EDO,11,08,12,11,08,053,12/11/08/053,OUR LADY MOTHER OF PERPETUAL HELP (II),Idogbo,Ikpoba-Okha
EDO,11,08,12,11,08,054,12/11/08/054,OPEN SPACE SPIRIT AND LIFE BIBLE CHURCH,Idogbo,Ikpoba-Okha
EDO,11,08,12,11,08,055,12/11/08/055,OPEN SPACE BY TRANSFORMER,Idogbo,Ikpoba-Okha
EDO,11,08,12,11,08,056,12/11/08/056,IDOGBO PRIMARY SCHOOL,Idogbo,Ikpoba-Okha
EDO,11,08,12,11,08,057,12/11/08/057,OPEN SPACE  EGBA COMMUNITY MARKET,Idogbo,Ikpoba-Okha
EDO,11,08,12,11,08,058,12/11/08/058,EGBA PRIMARY SCHOOL I,Idogbo,Ikpoba-Okha
EDO,11,08,12,11,08,059,12/11/08/059,EGBA PRIMARY SCHOOL II,Idogbo,Ikpoba-Okha
EDO,11,08,12,11,08,060,12/11/08/060,OPEN SPACE IDOGBO MARKET,Idogbo,Ikpoba-Okha
EDO,11,08,12,11,08,061,12/11/08/061,OKA MARKET SPACE(II),Idogbo,Ikpoba-Okha
EDO,11,08,12,11,08,062,12/11/08/062,OKA MARKET SPACE(III),Idogbo,Ikpoba-Okha
EDO,11,08,12,11,08,063,12/11/08/063,"OPEN SPACE NOMAYO JUNCTION, UPPER SAKPONBA",Idogbo,Ikpoba-Okha
EDO,11,08,12,11,08,000,12/11/08/000,12/11/08/000,Idogbo,Ikpoba-Okha
EDO,11,09,12,11,09,001,12/11/09/001,OBAYANTOR - AIGHEMUSA PRIMARY SCHOOL I,Obayantor,Ikpoba-Okha
EDO,11,09,12,11,09,002,12/11/09/002,EVBOABOGUN TOWN HALL (AIGHEMUSA PRY SCH. II),Obayantor,Ikpoba-Okha
EDO,11,09,12,11,09,003,12/11/09/003,OBAYANTOR - IYENOROHO PRIMARY SCH. I,Obayantor,Ikpoba-Okha
EDO,11,09,12,11,09,004,12/11/09/004,OBAYANTOR - IYENOROHO PRIMARY SCH. II,Obayantor,Ikpoba-Okha
EDO,11,09,12,11,09,005,12/11/09/005,OBAYANTOR - OGHEGHE TOWN HALL,Obayantor,Ikpoba-Okha
EDO,11,09,12,11,09,006,12/11/09/006,OBAYANTOR - OSEMWENDE PRIMARY SCHOOL I,Obayantor,Ikpoba-Okha
EDO,11,09,12,11,09,007,12/11/09/007,OBAYANTOR - OSEMWENDE PRIMARY SCHOOL II,Obayantor,Ikpoba-Okha
EDO,11,09,12,11,09,008,12/11/09/008,OBAYANTOR - HEALTH CENTRE,Obayantor,Ikpoba-Okha
EDO,11,09,12,11,09,009,12/11/09/009,OBAYANTOR - OBIAGIENEVBUOSA T. HALL I,Obayantor,Ikpoba-Okha
EDO,11,09,12,11,09,010,12/11/09/010,OBAYANTOR - OBIAGIENEVBUOSA T. HALL II,Obayantor,Ikpoba-Okha
EDO,11,09,12,11,09,011,12/11/09/011,OBAYANTOR - OBIAGIENEVBUOSA HEALTH HALL,Obayantor,Ikpoba-Okha
EDO,11,09,12,11,09,012,12/11/09/012,OBAYANTOR - EDO PRIMARY SCHOOL I,Obayantor,Ikpoba-Okha
EDO,11,09,12,11,09,013,12/11/09/013,OBAYANTOR - EDO PRIMARY SCHOOL II,Obayantor,Ikpoba-Okha
EDO,11,09,12,11,09,014,12/11/09/014,OBAYANTOR - EDO PRIMARY SCHOOL III,Obayantor,Ikpoba-Okha
EDO,11,09,12,11,09,015,12/11/09/015,"OBAYANTOR, OBASUNYI COLLEGE",Obayantor,Ikpoba-Okha
EDO,11,09,12,11,09,016,12/11/09/016,OBAYANTOR - EWUARE PRIMARY SCHOOL I,Obayantor,Ikpoba-Okha
EDO,11,09,12,11,09,017,12/11/09/017,OBAYANTOR - EWUARE PRIMARY SCHOOL  II,Obayantor,Ikpoba-Okha
EDO,11,09,12,11,09,018,12/11/09/018,OBAYANTOR - EWUARE PRIMARY SCHOOL  III,Obayantor,Ikpoba-Okha
EDO,11,09,12,11,09,019,12/11/09/019,OBAYANTOR  IYI - EWUARE PRIMARY SCHOOL  I,Obayantor,Ikpoba-Okha
EDO,11,09,12,11,09,020,12/11/09/020,OBAYANTOR  IYI - EWUARE PRIMARY SCHOOL   II,Obayantor,Ikpoba-Okha
EDO,11,09,12,11,09,021,12/11/09/021,OBAYANTOR - ROBBER R. INSTITUTE PRIMARY SCH.   I,Obayantor,Ikpoba-Okha
EDO,11,09,12,11,09,022,12/11/09/022,OBAYANTOR - ROBBER R. INSTITUTE PRIMARY SCH.   II,Obayantor,Ikpoba-Okha
EDO,11,09,12,11,09,023,12/11/09/023,OBAYANTOR - OTOMWEN PRIMARY SCHOOL,Obayantor,Ikpoba-Okha
EDO,11,09,12,11,09,024,12/11/09/024,OBAYANTOR - ODIGIE PRIMARY SCHOOL   I,Obayantor,Ikpoba-Okha
EDO,11,09,12,11,09,025,12/11/09/025,OBAYANTOR - ODIGIE PRIMARY SCHOOL   II,Obayantor,Ikpoba-Okha
EDO,11,09,12,11,09,026,12/11/09/026,OBAYANTOR - ODIGIE PRIMARY SCHOOL   III,Obayantor,Ikpoba-Okha
EDO,11,09,12,11,09,027,12/11/09/027,OBAYANTOR - OGBEKPEN TOWN HALL,Obayantor,Ikpoba-Okha
EDO,11,09,12,11,09,028,12/11/09/028,AIGHEMUSA PRIMARY SCHOOL II,Obayantor,Ikpoba-Okha
EDO,11,09,12,11,09,029,12/11/09/029,EVBUOBOGUN PRIMARY SCHOOL I,Obayantor,Ikpoba-Okha
EDO,11,09,12,11,09,030,12/11/09/030,OPEN SPACE BY KEKE PARK EVBUOBOGUN JUNCTION,Obayantor,Ikpoba-Okha
EDO,11,09,12,11,09,031,12/11/09/031,"OSEMWENDE SEC SCHOOL I,",Obayantor,Ikpoba-Okha
EDO,11,09,12,11,09,032,12/11/09/032,OSEMWENDE SEC SCHOOL II,Obayantor,Ikpoba-Okha
EDO,11,09,12,11,09,033,12/11/09/033,OHOGHOBI HEALTH CENTER,Obayantor,Ikpoba-Okha
EDO,11,09,12,11,09,034,12/11/09/034,"OGHEGHE MARKET, OBAYANTOR",Obayantor,Ikpoba-Okha
EDO,11,09,12,11,09,035,12/11/09/035,"IYI EWERE PRIMARY SCHOOL, OBAYANTOR",Obayantor,Ikpoba-Okha
EDO,11,09,12,11,09,000,12/11/09/000,12/11/09/000,Obayantor,Ikpoba-Okha
EDO,11,10,12,11,10,001,12/11/10/001,"OLOGBO, OLOGBO HEALTH CENTRE",Ologbo,Ikpoba-Okha
EDO,11,10,12,11,10,002,12/11/10/002,"OLOGBO, OHON PRIMARY SCHOOL  I",Ologbo,Ikpoba-Okha
EDO,11,10,12,11,10,003,12/11/10/003,"OLOGBO, OHON PRIMARY SCHOOL  II",Ologbo,Ikpoba-Okha
EDO,11,10,12,11,10,004,12/11/10/004,"OLOGBO, OHON PRIMARY SCHOOL  III",Ologbo,Ikpoba-Okha
EDO,11,10,12,11,10,005,12/11/10/005,"OLOGBO, OHON PRIMARY SCHOOL   IV",Ologbo,Ikpoba-Okha
EDO,11,10,12,11,10,006,12/11/10/006,"OLOGBO, OHON PRIMARY SCHOOL    V",Ologbo,Ikpoba-Okha
EDO,11,10,12,11,10,007,12/11/10/007,"OLOGBO, IMASABOR TOWN HALL",Ologbo,Ikpoba-Okha
EDO,11,10,12,11,10,008,12/11/10/008,"OPEN SPACE, NEAR AUNTY MARIA SCH. (OBAYANTOR OZOLUA PRY SCH)",Ologbo,Ikpoba-Okha
EDO,11,10,12,11,10,009,12/11/10/009,"OLOGBO, OZOLUA GRAMM. SCHOOL    I",Ologbo,Ikpoba-Okha
EDO,11,10,12,11,10,010,12/11/10/010,"OLOGBO, OZOLUA GRAMM. SCHOOL   II",Ologbo,Ikpoba-Okha
EDO,11,10,12,11,10,011,12/11/10/011,"OLOGBO, OLOGBO TOWN HALL I",Ologbo,Ikpoba-Okha
EDO,11,10,12,11,10,012,12/11/10/012,"OLOGBO, OLOGBO TOWN HALL II",Ologbo,Ikpoba-Okha
EDO,11,10,12,11,10,013,12/11/10/013,"OLOGBO, OLOGBO TOWN HALL III",Ologbo,Ikpoba-Okha
EDO,11,10,12,11,10,014,12/11/10/014,"OLOGBO, OLOGBO PRIMARY SCHOOL I",Ologbo,Ikpoba-Okha
EDO,11,10,12,11,10,015,12/11/10/015,"OLOGBO, OLOGBO PRIMARY SCHOOL II",Ologbo,Ikpoba-Okha
EDO,11,10,12,11,10,016,12/11/10/016,"OLOGBO, AJATITON HALL",Ologbo,Ikpoba-Okha
EDO,11,10,12,11,10,017,12/11/10/017,"OLOGBO, BUWA PRIMARY SCHOOL I",Ologbo,Ikpoba-Okha
EDO,11,10,12,11,10,018,12/11/10/018,"OLOGBO, BUWA PRIMARY SCHOOL II",Ologbo,Ikpoba-Okha
EDO,11,10,12,11,10,019,12/11/10/019,"OLOGBO, BUWA PRIMARY SCHOOL III",Ologbo,Ikpoba-Okha
EDO,11,10,12,11,10,020,12/11/10/020,"OLOGBO, AJAMIMOGHA T. HALL   I",Ologbo,Ikpoba-Okha
EDO,11,10,12,11,10,021,12/11/10/021,"OLOGBO, AJAMIMOGHA T. HALL    II",Ologbo,Ikpoba-Okha
EDO,11,10,12,11,10,022,12/11/10/022,"OLOGBO, KOLOKOLO T. HALL",Ologbo,Ikpoba-Okha
EDO,11,10,12,11,10,023,12/11/10/023,"OLOGBO, IKARA HALL",Ologbo,Ikpoba-Okha
EDO,11,10,12,11,10,024,12/11/10/024,"OLOGBO, UGBOKPORO T. HALL",Ologbo,Ikpoba-Okha
EDO,11,10,12,11,10,025,12/11/10/025,"OLOGBO, IDABA SQUARE",Ologbo,Ikpoba-Okha
EDO,11,10,12,11,10,026,12/11/10/026,"OLOGBO, BUWA  PRIMARY SCHOOL",Ologbo,Ikpoba-Okha
EDO,11,10,12,11,10,027,12/11/10/027,"OLOGBO, AJAMIMOGHA T. HALL",Ologbo,Ikpoba-Okha
EDO,11,10,12,11,10,028,12/11/10/028,ABIALA - OKETIA P/S ABIALA I,Ologbo,Ikpoba-Okha
EDO,11,10,12,11,10,029,12/11/10/029,ABIALA - OKETIA P/S ABIALA II,Ologbo,Ikpoba-Okha
EDO,11,10,12,11,10,030,12/11/10/030,AJAMIMOGHA - MARKET SQUARE,Ologbo,Ikpoba-Okha
EDO,11,10,12,11,10,031,12/11/10/031,OLOGBO HEALTH CENTER II,Ologbo,Ikpoba-Okha
EDO,11,10,12,11,10,032,12/11/10/032,"OHON PRIMARY SCHOOL VI, OLOGBO",Ologbo,Ikpoba-Okha
EDO,11,10,12,11,10,033,12/11/10/033,"OHON PRIMARY SCHOOL VII, OLOGBO",Ologbo,Ikpoba-Okha
EDO,11,10,12,11,10,034,12/11/10/034,"OHON PRIMARY SCHOOL VIII, OLOGBO",Ologbo,Ikpoba-Okha
EDO,11,10,12,11,10,035,12/11/10/035,OPEN SPACE OLOGBO MARKET I,Ologbo,Ikpoba-Okha
EDO,11,10,12,11,10,036,12/11/10/036,OPEN SPACE OLOGBO MARKET II,Ologbo,Ikpoba-Okha
EDO,11,10,12,11,10,037,12/11/10/037,OPEN SPACE OLOGBO MARKET III,Ologbo,Ikpoba-Okha
EDO,11,10,12,11,10,038,12/11/10/038,OPEN SPACE OLOGBO MARKET IV,Ologbo,Ikpoba-Okha
EDO,11,10,12,11,10,039,12/11/10/039,"OLOGBO PRIMARY SCHOOL III, OLOGBO",Ologbo,Ikpoba-Okha
EDO,11,10,12,11,10,040,12/11/10/040,"OLOGBO PRIMARY SCHOOL IV, OLOGBO",Ologbo,Ikpoba-Okha
EDO,11,10,12,11,10,041,12/11/10/041,"OLOGBO PRIMARY SCHOOL V, OLOGBO",Ologbo,Ikpoba-Okha
EDO,11,10,12,11,10,000,12/11/10/000,12/11/10/000,Ologbo,Ikpoba-Okha
EDO,12,01,12,12,01,001,12/12/01/001,"OGBE I,  URHOKPOTA HALL I",Ogbe,Oredo
EDO,12,01,12,12,01,002,12/12/01/002,"OGBE I , URHOKPOTA HALL II",Ogbe,Oredo
EDO,12,01,12,12,01,003,12/12/01/003,"OGBE I , OREDO LGA CAR PARK I",Ogbe,Oredo
EDO,12,01,12,12,01,004,12/12/01/004,"OGBE I , OREDO LGA CAR PARK II",Ogbe,Oredo
EDO,12,01,12,12,01,005,12/12/01/005,"OGBE  II , OGBE PRIMARY SCHOOL",Ogbe,Oredo
EDO,12,01,12,12,01,006,12/12/01/006,"OGBE II , OBASEKI PRIMARY SCHOOL",Ogbe,Oredo
EDO,12,01,12,12,01,007,12/12/01/007,"OGBE III, EZOTI PRIMARY SCHOOL  I",Ogbe,Oredo
EDO,12,01,12,12,01,008,12/12/01/008,"OGBE III,  EZOTI PRIMARY SCHOOL  II",Ogbe,Oredo
EDO,12,01,12,12,01,009,12/12/01/009,"OGBE III,  ST PAUL'S PRIMARY SCHOOL",Ogbe,Oredo
EDO,12,01,12,12,01,010,12/12/01/010,"OGBE IV,  HIGH COURT PREMISES",Ogbe,Oredo
EDO,12,01,12,12,01,011,12/12/01/011,"OGBE IV , OBA AKENZUA  II CULTURAL HALL",Ogbe,Oredo
EDO,12,01,12,12,01,012,12/12/01/012,OGBE IV  - IDAH PIMARY SCHOOL I,Ogbe,Oredo
EDO,12,01,12,12,01,013,12/12/01/013,OGBE IV - IDAH PIMARY SCHOOL II,Ogbe,Oredo
EDO,12,01,12,12,01,014,12/12/01/014,OGBE IV  IDAH PRIMARY SCHOOL III,Ogbe,Oredo
EDO,12,01,12,12,01,015,12/12/01/015,OGBE IV  IDAH PRIMARY SCHOOL  IV,Ogbe,Oredo
EDO,12,01,12,12,01,016,12/12/01/016,OGBE IV  IDAH PRIMARY SCHOOL  V,Ogbe,Oredo
EDO,12,01,12,12,01,017,12/12/01/017,OGBE IV  IDAH PRIMARY SCHOOL VI,Ogbe,Oredo
EDO,12,01,12,12,01,018,12/12/01/018,UZEBU I GARRICK MEM. COMP. PRIMARY SCHOOL I,Ogbe,Oredo
EDO,12,01,12,12,01,019,12/12/01/019,"UZEBU I,  GARRICK MEM. COMP. PRIMARY SCHOOL  II",Ogbe,Oredo
EDO,12,01,12,12,01,020,12/12/01/020,"UZEBU I,  GARRICK MEM. COMP. PRIMARY SCHOOL  III",Ogbe,Oredo
EDO,12,01,12,12,01,021,12/12/01/021,"UZEBU I , GARRICK MEM. COMP. PRIMARY SCHOOL  IV",Ogbe,Oredo
EDO,12,01,12,12,01,022,12/12/01/022,"UZEBU II , OGBE - IBUYA PRIMARY SCHOOL I",Ogbe,Oredo
EDO,12,01,12,12,01,023,12/12/01/023,"UZEBU II,  OGBE - IBUYA PRIMARY SCHOOL II",Ogbe,Oredo
EDO,12,01,12,12,01,024,12/12/01/024,"UZEBU II, OGBE - IBUYA PRIMARY SCHOOL III",Ogbe,Oredo
EDO,12,01,12,12,01,025,12/12/01/025,"UZEBU II, TRADE FAIR COMPLEX PREMISES IV",Ogbe,Oredo
EDO,12,01,12,12,01,026,12/12/01/026,"UZEBU II,  TRADE FAIR COMPLEX PREMISES V",Ogbe,Oredo
EDO,12,01,12,12,01,027,12/12/01/027,"ISEKHERE I,  UYIOSA PRY. SCH. I",Ogbe,Oredo
EDO,12,01,12,12,01,028,12/12/01/028,"ISEKHERE I,  UYIOSA PRY SCH. II",Ogbe,Oredo
EDO,12,01,12,12,01,029,12/12/01/029,"ISEKHERE I ,  UYIOSA PRY SCH. III",Ogbe,Oredo
EDO,12,01,12,12,01,030,12/12/01/030,"ISEKHERE I ,  UYIOSA PRY SCH. IV",Ogbe,Oredo
EDO,12,01,12,12,01,031,12/12/01/031,OPEN SPACE - BACK OF UROKPOTA HALL,Ogbe,Oredo
EDO,12,01,12,12,01,032,12/12/01/032,OPEN SPACE - URBAN WATER BOARD OPPOSITE OBA'S PALACE,Ogbe,Oredo
EDO,12,01,12,12,01,033,12/12/01/033,OPEN SPACE - BEHIND OREDO SECRETARIAT,Ogbe,Oredo
EDO,12,01,12,12,01,034,12/12/01/034,OGBE PRIMARY SCHOOL II,Ogbe,Oredo
EDO,12,01,12,12,01,035,12/12/01/035,"OPEN SPACE, BESIDE MTN MASK, BY ALAKA JUNCTION",Ogbe,Oredo
EDO,12,01,12,12,01,036,12/12/01/036,OGBE SECONDARY SCHOOL,Ogbe,Oredo
EDO,12,01,12,12,01,037,12/12/01/037,OPEN SPACE - OSUMA CLOSE BEHIND OGBE STADIUM,Ogbe,Oredo
EDO,12,01,12,12,01,038,12/12/01/038,OPEN SPACE - FRONT OF FIRS OFFICE,Ogbe,Oredo
EDO,12,01,12,12,01,039,12/12/01/039,OPEN SPACE - OGBE STADIUM MAIN GATE (CAR PARK B),Ogbe,Oredo
EDO,12,01,12,12,01,040,12/12/01/040,OPEN SPACE - THE OBSERVER PREMISES AIRPORT ROAD,Ogbe,Oredo
EDO,12,01,12,12,01,041,12/12/01/041,OPEN SPACE - CIVIL SERVICE COMMISSION,Ogbe,Oredo
EDO,12,01,12,12,01,042,12/12/01/042,OPEN SPACE - MINISTRY OF COMMUNICATION AND ORIENTATION,Ogbe,Oredo
EDO,12,01,12,12,01,043,12/12/01/043,OPEN SPACE - FRONT OF MDS LOGISTICS,Ogbe,Oredo
EDO,12,01,12,12,01,044,12/12/01/044,OPEN SPACE - YANGA MARKET,Ogbe,Oredo
EDO,12,01,12,12,01,045,12/12/01/045,OPEN SPACE - FRONT OF BANK OF AGRICULTURE BY GBO BUILDING,Ogbe,Oredo
EDO,12,01,12,12,01,046,12/12/01/046,OPEN SPACE - BESIDE OBA MARKET OPPOSITE GENERAL IMPORT COMPANY,Ogbe,Oredo
EDO,12,01,12,12,01,047,12/12/01/047,OPEN SPACE - PLYMOUTH ROAD BY THE MOAT,Ogbe,Oredo
EDO,12,01,12,12,01,048,12/12/01/048,OPEN SPACE - NEW CENTRAL PARK  I,Ogbe,Oredo
EDO,12,01,12,12,01,049,12/12/01/049,"OPEN SPACE, PLYMOUTH ROAD BY ZABAYO JUNCTION.",Ogbe,Oredo
EDO,12,01,12,12,01,050,12/12/01/050,"OPEN SPACE, OBAKHAVBAYE JUNCTION OFF PLYMOUTH ROAD.",Ogbe,Oredo
EDO,12,01,12,12,01,051,12/12/01/051,"OPEN SPACE - 2ND, GARRICK LAYOUT BY EROMOSELE STREET OFF COLLEGE ROAD",Ogbe,Oredo
EDO,12,01,12,12,01,052,12/12/01/052,OPEN SPACE - JOROMI STREET BY AERODROME CLOSE JUNCTION,Ogbe,Oredo
EDO,12,01,12,12,01,053,12/12/01/053,OPEN SPACE - OSAGIEDE UZZI STREET JUNCTION OFF AERODROME CLOSE BY MARY'S PLACE,Ogbe,Oredo
EDO,12,01,12,12,01,054,12/12/01/054,OPEN SPACE - FELICITY AVENUE JUNCTION,Ogbe,Oredo
EDO,12,01,12,12,01,055,12/12/01/055,OPEN SPACE - EREDIAUWA JUNCTION OFF EKEHUAN ROAD,Ogbe,Oredo
EDO,12,01,12,12,01,056,12/12/01/056,OPEN SPACE - FAMILY PRAYER WAY,Ogbe,Oredo
EDO,12,01,12,12,01,057,12/12/01/057,OPEN SPACE - OZIGBO-OGIEKA JUNCTION,Ogbe,Oredo
EDO,12,01,12,12,01,058,12/12/01/058,OPEN SPACE - UNIBEN EKEHUAN CAMPUS I,Ogbe,Oredo
EDO,12,01,12,12,01,059,12/12/01/059,OPEN SPACE - UNIBEN EKEHUAN CAMPUS II,Ogbe,Oredo
EDO,12,01,12,12,01,060,12/12/01/060,OPEN SPACE - UNIBEN EKEHUAN CAMPUS III,Ogbe,Oredo
EDO,12,01,12,12,01,061,12/12/01/061,OPEN SPACE - UNIBEN EKEHUAN CAMPUS BY THE OPEN FIELD I,Ogbe,Oredo
EDO,12,01,12,12,01,062,12/12/01/062,OPEN SPACE - UNIBEN EKEHUAN CAMPUS BY THE OPEN FIELD II,Ogbe,Oredo
EDO,12,01,12,12,01,063,12/12/01/063,"OPEN SPACE, MAO STREET JUNCTION OFF EKEHUAN ROAD.",Ogbe,Oredo
EDO,12,01,12,12,01,064,12/12/01/064,"OPEN SPACE, CONCORD ROAD JUNCTION OFF COLLEGE RD",Ogbe,Oredo
EDO,12,01,12,12,01,065,12/12/01/065,OPEN SPACE - NOSA OKUNDAYE CLOSE OFF REV OKORUWA STREET,Ogbe,Oredo
EDO,12,01,12,12,01,066,12/12/01/066,"OPEN SPACE, AJAYIOBA/OBAEWAKPE STREET JUNCTION.",Ogbe,Oredo
EDO,12,01,12,12,01,067,12/12/01/067,OGBE-IBUYE PRIMARY SCHOOL I,Ogbe,Oredo
EDO,12,01,12,12,01,068,12/12/01/068,OPEN SPACE - IYOBOSA STREET JUNCTION OFF GOODWILL ROAD,Ogbe,Oredo
EDO,12,01,12,12,01,069,12/12/01/069,OPEN SPACE - TRADE FAIR COMPLEX GATE,Ogbe,Oredo
EDO,12,01,12,12,01,070,12/12/01/070,OPEN SPACE - TRADE FAIR COMPLEX 1ST GATE,Ogbe,Oredo
EDO,12,01,12,12,01,071,12/12/01/071,OPEN SPACE - OSARETIN JUNCTION BY ALAGHODARO STREET OFF EHAEKPEN,Ogbe,Oredo
EDO,12,01,12,12,01,072,12/12/01/072,IYOBOSA PRIMARY SCHOOL,Ogbe,Oredo
EDO,12,01,12,12,01,073,12/12/01/073,OPEN SPACE - SAWMILL IN FRONT OF EZOMO PALACE,Ogbe,Oredo
EDO,12,01,12,12,01,000,12/12/01/000,12/12/01/000,Ogbe,Oredo
EDO,12,02,12,12,02,001,12/12/02/001,"GRA I, STAFF TRAINING CENTRE  I",Gra/Etete,Oredo
EDO,12,02,12,12,02,002,12/12/02/002,"GRA I,  STAFF TRAINING CENTRE  II",Gra/Etete,Oredo
EDO,12,02,12,12,02,003,12/12/02/003,"GRA II ,  OREDO MODEL PRIMARY SCHOOL  I",Gra/Etete,Oredo
EDO,12,02,12,12,02,004,12/12/02/004,"GRA II, OREDO MODEL PRIMARY. SCHOOL II",Gra/Etete,Oredo
EDO,12,02,12,12,02,005,12/12/02/005,"GRA II , OREDO MODEL PRY. SCHOOL",Gra/Etete,Oredo
EDO,12,02,12,12,02,006,12/12/02/006,"GRA III,  EBENEZER PRIMARY SCHOOL  I",Gra/Etete,Oredo
EDO,12,02,12,12,02,007,12/12/02/007,"GRA III , EBENEZER PRIMARY SCHOOL  II",Gra/Etete,Oredo
EDO,12,02,12,12,02,008,12/12/02/008,"ETETE I , NNPC ETETE  I",Gra/Etete,Oredo
EDO,12,02,12,12,02,009,12/12/02/009,"ETETE II , NNPC ETETE  II",Gra/Etete,Oredo
EDO,12,02,12,12,02,010,12/12/02/010,"EKAE/UGBOR,  EKAE PRIMARY SCHOOL",Gra/Etete,Oredo
EDO,12,02,12,12,02,011,12/12/02/011,"EKAE/UGBOR,  IVBIORE PRY. SCHOOL",Gra/Etete,Oredo
EDO,12,02,12,12,02,012,12/12/02/012,"ELEMA  I,  ANGLICAN G/G SCHOOL  I",Gra/Etete,Oredo
EDO,12,02,12,12,02,013,12/12/02/013,"ELEMA  I,  ANGLICAN G/G SCHOOL   II",Gra/Etete,Oredo
EDO,12,02,12,12,02,014,12/12/02/014,"ELEMA  I , ANGLICAN G/G SCHOOL   III",Gra/Etete,Oredo
EDO,12,02,12,12,02,015,12/12/02/015,"ELEMA  II , GREATER TOMORROW SEC. SCHOOL   I",Gra/Etete,Oredo
EDO,12,02,12,12,02,016,12/12/02/016,"ELEMA  II , GREATER TOMORROW SEC. SCHOOL   II",Gra/Etete,Oredo
EDO,12,02,12,12,02,017,12/12/02/017,"ELEMA  II , GREATER TOMORROW SEC. SCHOOL   III",Gra/Etete,Oredo
EDO,12,02,12,12,02,018,12/12/02/018,"OGBA I,  AIRFORCE PRIMARY SCHOOL  I",Gra/Etete,Oredo
EDO,12,02,12,12,02,019,12/12/02/019,"OGBA I, AIRFORCE PRIMARY SCHOOL   II",Gra/Etete,Oredo
EDO,12,02,12,12,02,020,12/12/02/020,"OGBA  I,  OBA EWUARE COLLEGE",Gra/Etete,Oredo
EDO,12,02,12,12,02,021,12/12/02/021,"OGBA I,  EKHAGUERE PRIMARY SCHOOL",Gra/Etete,Oredo
EDO,12,02,12,12,02,022,12/12/02/022,"OGBA I , IGHIWIYISI PRIMARY SCHOOL",Gra/Etete,Oredo
EDO,12,02,12,12,02,023,12/12/02/023,"OGBA  II , AKENZUA PRMARY SCHOOL",Gra/Etete,Oredo
EDO,12,02,12,12,02,024,12/12/02/024,"ODIA  II,  ODIA PRIMARY SCHOOL",Gra/Etete,Oredo
EDO,12,02,12,12,02,025,12/12/02/025,"ODIA II , EWEKA PRIMARY SCHOOL",Gra/Etete,Oredo
EDO,12,02,12,12,02,026,12/12/02/026,"ODIA II , UMEGBE PRIMARY SCHOOL",Gra/Etete,Oredo
EDO,12,02,12,12,02,027,12/12/02/027,"OGBA III,  OKUNBOR PRIMARY SCHOOL",Gra/Etete,Oredo
EDO,12,02,12,12,02,028,12/12/02/028,"OGBA III,  EBO PRIMARY SCHOOL",Gra/Etete,Oredo
EDO,12,02,12,12,02,029,12/12/02/029,"OGBA III,  OGISO PRIMARY SCHOOL",Gra/Etete,Oredo
EDO,12,02,12,12,02,030,12/12/02/030,"OGBA III,  OBAIZAMOMWAN PRIMARY SCHOOL",Gra/Etete,Oredo
EDO,12,02,12,12,02,031,12/12/02/031,"OGBA III,  OVBO PRIMARY SCHOOL",Gra/Etete,Oredo
EDO,12,02,12,12,02,032,12/12/02/032,"OGBA III, I UGOGOGIN PRIMARY SCHOOL",Gra/Etete,Oredo
EDO,12,02,12,12,02,033,12/12/02/033,OGBA IV AKPAE PRIMARY SCHOOL,Gra/Etete,Oredo
EDO,12,02,12,12,02,034,12/12/02/034,"OGBA IV,  EVBUORUHUN PRIMARY SCHOOL",Gra/Etete,Oredo
EDO,12,02,12,12,02,035,12/12/02/035,"OGBA IV , UROMA PRIMARY SCHOOL",Gra/Etete,Oredo
EDO,12,02,12,12,02,036,12/12/02/036,"OGBA IV , IRHUENOWINA PRIMARY SCHOOL",Gra/Etete,Oredo
EDO,12,02,12,12,02,037,12/12/02/037,OPEN SPACE OPPOSITE RED CROSS JUNCTION IKPOKPAN,Gra/Etete,Oredo
EDO,12,02,12,12,02,038,12/12/02/038,OPEN SPACE STAFF TRAINING CENTER GRA,Gra/Etete,Oredo
EDO,12,02,12,12,02,039,12/12/02/039,OREDO MODEL PRY SCH,Gra/Etete,Oredo
EDO,12,02,12,12,02,040,12/12/02/040,OPEN SPACE OWEN STREET OFF ONI STREET AFTER DEREGAL SUITES,Gra/Etete,Oredo
EDO,12,02,12,12,02,041,12/12/02/041,"OPEN SPACE BY EDOBOR OSULA CLOSE, OFF ONI STREET",Gra/Etete,Oredo
EDO,12,02,12,12,02,042,12/12/02/042,OPEN SPACE OBA EWEKA STREET OFF UGOSA STREET,Gra/Etete,Oredo
EDO,12,02,12,12,02,043,12/12/02/043,OPEN SPACE IHAMA BY IDIA RENAISSANCE,Gra/Etete,Oredo
EDO,12,02,12,12,02,044,12/12/02/044,OPEN SPACE BY ALUYE STREET OFF EMOVON CRESCENT,Gra/Etete,Oredo
EDO,12,02,12,12,02,045,12/12/02/045,OPEN SPACE BY MILITARY BASE HOSPITAL,Gra/Etete,Oredo
EDO,12,02,12,12,02,046,12/12/02/046,OPEN SPACE LHAMA ROAD JUNCTION OFF ADESUWA ROAD BY BLESSED HOUSE,Gra/Etete,Oredo
EDO,12,02,12,12,02,047,12/12/02/047,OPEN SPACE FREEDOM WAY OPPOSITE JBS ESTATE GRA,Gra/Etete,Oredo
EDO,12,02,12,12,02,048,12/12/02/048,NATIONAL ORIENTATION AGENCY GRA,Gra/Etete,Oredo
EDO,12,02,12,12,02,049,12/12/02/049,OPEN SPACE BY IDEHEN AVENUE OFF IHAMA ROAD,Gra/Etete,Oredo
EDO,12,02,12,12,02,050,12/12/02/050,PARAGON DEMOSTRAION SCH,Gra/Etete,Oredo
EDO,12,02,12,12,02,051,12/12/02/051,OPEN SPACE ADESUWA JUNCTION BY ETETE BESIDE COMFORT PLAZA,Gra/Etete,Oredo
EDO,12,02,12,12,02,052,12/12/02/052,OPEN SPACE SCH OF NURSING LIMIT JUNCTION SAPELE ROAD,Gra/Etete,Oredo
EDO,12,02,12,12,02,053,12/12/02/053,OPEN SPACE BY ENOGIE STREET BY TRANSFORMER,Gra/Etete,Oredo
EDO,12,02,12,12,02,054,12/12/02/054,GOVERNMENT MODEL PRY SCH I,Gra/Etete,Oredo
EDO,12,02,12,12,02,055,12/12/02/055,GOVERNMENT MODEL PRY SCH II,Gra/Etete,Oredo
EDO,12,02,12,12,02,056,12/12/02/056,OPEN SPACE BLOCK INDUSTRY OPPOSITE STELLA DEMONSTRATION SCH,Gra/Etete,Oredo
EDO,12,02,12,12,02,057,12/12/02/057,OPEN SPACE BY LEVANT CONSTRUCTION COMPANY  ALONG UGBOR JUNCTION,Gra/Etete,Oredo
EDO,12,02,12,12,02,058,12/12/02/058,OPEN SPACE UGBOR VILLAGE MARKET,Gra/Etete,Oredo
EDO,12,02,12,12,02,059,12/12/02/059,OPEN SPACE AMAGBA TOWN HALL,Gra/Etete,Oredo
EDO,12,02,12,12,02,060,12/12/02/060,"OPEN SPACE BEFORE CJ COOKING GAS PLANT, AMAGBA",Gra/Etete,Oredo
EDO,12,02,12,12,02,061,12/12/02/061,EVBUKHU TOWN HALL,Gra/Etete,Oredo
EDO,12,02,12,12,02,062,12/12/02/062,OPEN SPACE BY FIRST UGBOR POWER LINE GRA,Gra/Etete,Oredo
EDO,12,02,12,12,02,063,12/12/02/063,OPEN SPACE BY POWER LINE ABUJA QUARTERS,Gra/Etete,Oredo
EDO,12,02,12,12,02,064,12/12/02/064,OPEN SPACE ELEMA I P/S BY GT PLAZA FOOD UGBOR,Gra/Etete,Oredo
EDO,12,02,12,12,02,065,12/12/02/065,OPEN SPACE BIU FIRST UGBOR GRA I,Gra/Etete,Oredo
EDO,12,02,12,12,02,066,12/12/02/066,OPEN SPACE BIU FIRST UGBOR GRA II,Gra/Etete,Oredo
EDO,12,02,12,12,02,067,12/12/02/067,OPEN SPACE OPPOSITE JOHN CROWN GARDEN 2ND UGBOR,Gra/Etete,Oredo
EDO,12,02,12,12,02,068,12/12/02/068,OPEN SPACE MINISTRY OF INTERIOR GAPIONA,Gra/Etete,Oredo
EDO,12,02,12,12,02,069,12/12/02/069,OPEN SPACE MIKE BELLO WAY OPPOSITE NDIC OFFICE,Gra/Etete,Oredo
EDO,12,02,12,12,02,070,12/12/02/070,OPEN SPACE BY FIRST UGBOR L POWER LINE GRA II,Gra/Etete,Oredo
EDO,12,02,12,12,02,071,12/12/02/071,OPEN SPACE BY IDSL OKO CENTRAL JUNCTION,Gra/Etete,Oredo
EDO,12,02,12,12,02,072,12/12/02/072,OPEN SPACE NNPC OPPOSITE OGBA ZOO RD,Gra/Etete,Oredo
EDO,12,02,12,12,02,073,12/12/02/073,OPEN SPACE NNPC OPPOSITE OGBA ZOO II,Gra/Etete,Oredo
EDO,12,02,12,12,02,074,12/12/02/074,OPEN SPACE ELEMA PALACE UPPER ADESUWA GRA I,Gra/Etete,Oredo
EDO,12,02,12,12,02,075,12/12/02/075,OPEN SPACE ELEMA PALACE UPPER ADESUWA GRA II,Gra/Etete,Oredo
EDO,12,02,12,12,02,076,12/12/02/076,OPEN SPACE WATER RESOURCES JUNCTION GRA,Gra/Etete,Oredo
EDO,12,02,12,12,02,077,12/12/02/077,"AMAGBA HEALTH CENTRE, AMAGBA GRA",Gra/Etete,Oredo
EDO,12,02,12,12,02,078,12/12/02/078,OPEN SPACE BY 1ST OBASOHAN STREET,Gra/Etete,Oredo
EDO,12,02,12,12,02,079,12/12/02/079,OPEN SPACE OREDO SKILL ACQUSITION CENTRE UGBOR,Gra/Etete,Oredo
EDO,12,02,12,12,02,080,12/12/02/080,OPEN SPACE BY AGES CHARIOT FILLING STATION IRHIRIHI,Gra/Etete,Oredo
EDO,12,02,12,12,02,081,12/12/02/081,"OPEN SPACE WELLSPRING UNIVERSITY, IRHIRIHI",Gra/Etete,Oredo
EDO,12,02,12,12,02,082,12/12/02/082,OPEN SPACE IRHIRIHI HEALTH CENTRE,Gra/Etete,Oredo
EDO,12,02,12,12,02,083,12/12/02/083,ULEMON PRIMARY HEALTH CARE CENTRE,Gra/Etete,Oredo
EDO,12,02,12,12,02,084,12/12/02/084,OKHUOROMI GIRLS MODEL SECONDARY SCH,Gra/Etete,Oredo
EDO,12,02,12,12,02,085,12/12/02/085,ARUOGBA PRIMARY HEALTH CENTRE,Gra/Etete,Oredo
EDO,12,02,12,12,02,086,12/12/02/086,OPEN SPACE IMPERIAL XTRA EVENTS CENTRE OFF IRIHIRHI JUNCTION,Gra/Etete,Oredo
EDO,12,02,12,12,02,087,12/12/02/087,IGUIKPE PIRMARY SCH,Gra/Etete,Oredo
EDO,12,02,12,12,02,088,12/12/02/088,OPEN SPACE OFF SCHOOL OF  STATE NURSING LIMIT JUNCTION,Gra/Etete,Oredo
EDO,12,02,12,12,02,000,12/12/02/000,12/12/02/000,Gra/Etete,Oredo
EDO,12,03,12,12,03,001,12/12/03/001,"UZEBU I , OWEGIE PRIMARY SCHOOL  I",Uzebu,Oredo
EDO,12,03,12,12,03,002,12/12/03/002,"UZEBU I,  OWEGIE PRIMARY SCHOOL  II",Uzebu,Oredo
EDO,12,03,12,12,03,003,12/12/03/003,"UZEBU I,  OWEGIE PRIMARY SCHOOL   III",Uzebu,Oredo
EDO,12,03,12,12,03,004,12/12/03/004,UZEBU I OWEGIE PRIMARY SCHOOL    IV,Uzebu,Oredo
EDO,12,03,12,12,03,005,12/12/03/005,"UZEBU,  I OWEGIE PRIMARY SCHOOL   V",Uzebu,Oredo
EDO,12,03,12,12,03,006,12/12/03/006,"UZEBU II  , OWINA PRMARY SCHOOL I",Uzebu,Oredo
EDO,12,03,12,12,03,007,12/12/03/007,"UZEBU II, OWINA PRMARY SCHOOL II",Uzebu,Oredo
EDO,12,03,12,12,03,008,12/12/03/008,"UZEBU  III , EZOMO PRIMARY SCHOOL I -I",Uzebu,Oredo
EDO,12,03,12,12,03,009,12/12/03/009,"UZEBU  III,  EZOMO PRIMARY SCHOOL I - II",Uzebu,Oredo
EDO,12,03,12,12,03,010,12/12/03/010,"UZEBU  III , EZOMO PRIMARY SCHOOL I-III",Uzebu,Oredo
EDO,12,03,12,12,03,011,12/12/03/011,"UZEBU IV,  EZOMO PRIMARY SCHOOL II-I",Uzebu,Oredo
EDO,12,03,12,12,03,012,12/12/03/012,"UZEBU IV , EZOMO PRIMARY SCHOOL II-II",Uzebu,Oredo
EDO,12,03,12,12,03,013,12/12/03/013,"UZEBU IV,  EZOMO PRIMARY SCHOOL II-III",Uzebu,Oredo
EDO,12,03,12,12,03,014,12/12/03/014,"UZEBU IV,  EZOMO PRIMARY SCHOOL II-IV",Uzebu,Oredo
EDO,12,03,12,12,03,015,12/12/03/015,"UZEBU IV , EZOMO PRIMARY SCHOOL II- V",Uzebu,Oredo
EDO,12,03,12,12,03,016,12/12/03/016,"UZEBU V,  OWINA PRIMARY SCHOOL  I",Uzebu,Oredo
EDO,12,03,12,12,03,017,12/12/03/017,"UZEBU V , OWINA PRIMARY SCHOOL  II",Uzebu,Oredo
EDO,12,03,12,12,03,018,12/12/03/018,"UZEBU V,  OWINA PRIMARY SCHOOL   III",Uzebu,Oredo
EDO,12,03,12,12,03,019,12/12/03/019,"UZEBU V,  OWINA PRIMARY SCHOOL   IV",Uzebu,Oredo
EDO,12,03,12,12,03,020,12/12/03/020,"OLIHA I , OBA AKENZUA PRIMARY SCHOOL  I",Uzebu,Oredo
EDO,12,03,12,12,03,021,12/12/03/021,"OLIHA I , OBA AKENZUA PRIMARY SCHOOL  II",Uzebu,Oredo
EDO,12,03,12,12,03,022,12/12/03/022,"OLIHA I , OBA AKENZUA PRIMARY SCHOOL  III",Uzebu,Oredo
EDO,12,03,12,12,03,023,12/12/03/023,"OLIHA I , OBA AKENZUA PRIMARY SCHOOL  IV",Uzebu,Oredo
EDO,12,03,12,12,03,024,12/12/03/024,"OLIHA I , OBA AKENZUA PRIMARY SCHOOL  V",Uzebu,Oredo
EDO,12,03,12,12,03,025,12/12/03/025,"OLIHA I,  OBA AKENZUA PRIMARY SCHOOL  VI",Uzebu,Oredo
EDO,12,03,12,12,03,026,12/12/03/026,"OLIHA II, EWUARE PRIMARY SCHOOL I",Uzebu,Oredo
EDO,12,03,12,12,03,027,12/12/03/027,"OLIHA II , EWUARE PRIMARY SCHOOL II",Uzebu,Oredo
EDO,12,03,12,12,03,028,12/12/03/028,"OLIHA II,  EWUARE PRIMARY SCHOOL III",Uzebu,Oredo
EDO,12,03,12,12,03,029,12/12/03/029,"OLIHA II , EWUARE PRIMARY SCHOOL IV",Uzebu,Oredo
EDO,12,03,12,12,03,030,12/12/03/030,"OLIHA II , EWUARE PRIMARY SCHOOL V",Uzebu,Oredo
EDO,12,03,12,12,03,031,12/12/03/031,"OPEN SPACE, AGBOMA JUNCTION,OFF EKEHUAN ROAD, OPPOSITE MAT-ICE.",Uzebu,Oredo
EDO,12,03,12,12,03,032,12/12/03/032,"OPEN SPACE, AGBOLAHOR STREET, OFF AGBOMA, BY UNIBEN SMALL GATE.",Uzebu,Oredo
EDO,12,03,12,12,03,033,12/12/03/033,"OPEN SPACE, OWEGIE STREET BY 5TH EHENEDE JUNCTION.",Uzebu,Oredo
EDO,12,03,12,12,03,034,12/12/03/034,"OPEN SPACE, IDAHOSA AVENUE BY IYOBOSA LANE JUNCTION.",Uzebu,Oredo
EDO,12,03,12,12,03,035,12/12/03/035,"OPEN SPACE, AKALI STREET JUNCTION, OFF EKEHUAN ROAD OPPOSITE UBA.",Uzebu,Oredo
EDO,12,03,12,12,03,036,12/12/03/036,"OPEN SPACE, ONAIWU STREET BY ONAIWU LANE, OFF SECOND CEMETERY.",Uzebu,Oredo
EDO,12,03,12,12,03,037,12/12/03/037,"OPEN SPACE, OWINA STREET BY ESIGIE STREET JUNCTION.",Uzebu,Oredo
EDO,12,03,12,12,03,038,12/12/03/038,EZOMO PRIMARY SCHOOL 1 OFF SECOND CEMETERY I,Uzebu,Oredo
EDO,12,03,12,12,03,039,12/12/03/039,"OPEN SPACE,BY ERHUNMWUNSE STREET BY OGUOLA JUNCTION CLOSE TO THE TRANSFORMER.",Uzebu,Oredo
EDO,12,03,12,12,03,040,12/12/03/040,"OPEN SPACE, OJO STREET JUNCTION OFF ERHUNMWUNSE STREET.",Uzebu,Oredo
EDO,12,03,12,12,03,041,12/12/03/041,"OPEN SPACE, EHENEDE STREET BY SECOND CEMETERY JUNCTION.",Uzebu,Oredo
EDO,12,03,12,12,03,042,12/12/03/042,"OPEN SPACE, EHAEKPEN ROAD BY SECOND CEMETERY JUNCTION CLOSE TO THE TRANSFORMER.",Uzebu,Oredo
EDO,12,03,12,12,03,043,12/12/03/043,"OPEN SPACE, INDEPENDENCE LANE JUNCTION BY FIRST EHAEKPEN LANE.",Uzebu,Oredo
EDO,12,03,12,12,03,044,12/12/03/044,UZEBU TOWN HALL,Uzebu,Oredo
EDO,12,03,12,12,03,045,12/12/03/045,"OPEN SPACE, EHENEDE STREET JUNCTION OFF EKEHUAN ROAD",Uzebu,Oredo
EDO,12,03,12,12,03,046,12/12/03/046,"OPEN SPACE, ABU STREET JUNCTION OFF AGHO ROAD.",Uzebu,Oredo
EDO,12,03,12,12,03,047,12/12/03/047,"OPEN SPACE, BRODRICK STREET JUNCTION OFF OWINA STREET.",Uzebu,Oredo
EDO,12,03,12,12,03,048,12/12/03/048,"OPEN SPACE, FAITH STREET JUNCTION OFF OWINA STREET.",Uzebu,Oredo
EDO,12,03,12,12,03,049,12/12/03/049,"OPEN SPACE, OSAROBO STREET JUNCTION OFF OWINA ROAD, BEHIND UNIBEN CAMPUS.",Uzebu,Oredo
EDO,12,03,12,12,03,050,12/12/03/050,"OPEN SPACE, ONAIWU STREET JUNCTION BY OWINA STREET, OPPOSITE PA AIWA HOUSE.",Uzebu,Oredo
EDO,12,03,12,12,03,051,12/12/03/051,"OPEN SPACE, SECOND ONAIWU LANE, OFF ESIGIE ROAD.",Uzebu,Oredo
EDO,12,03,12,12,03,052,12/12/03/052,MINI MARKET OPPOSITE OBA AKENZUA PRIMARY SCHOOL ALONG SECOND CEMETERY ROAD,Uzebu,Oredo
EDO,12,03,12,12,03,053,12/12/03/053,OPEN FIELD EZOMO PRIMARY SCHOOL 1 OFF SECOND CEMETERY I,Uzebu,Oredo
EDO,12,03,12,12,03,054,12/12/03/054,OPEN FIELD EZOMO PRIMARY SCHOOL 1 OFF SECOND CEMETERY II,Uzebu,Oredo
EDO,12,03,12,12,03,055,12/12/03/055,MARKET SQUARE BEHIND EWARE PRIMARY SCH. I,Uzebu,Oredo
EDO,12,03,12,12,03,056,12/12/03/056,MARKET SQUARE BEHIND EWARE PRIMARY SCHOOL II,Uzebu,Oredo
EDO,12,03,12,12,03,057,12/12/03/057,"OPEN SPACE, OFUNMWEGBE STREET JUNCTION, OFF ERHUNMWUNSE STREET.",Uzebu,Oredo
EDO,12,03,12,12,03,058,12/12/03/058,"OPEN SPACE, BY UNIFAC GROUP OF SCHOOL GATE, OFF BY UZAMA STREET, OFF SILOKO ROAD",Uzebu,Oredo
EDO,12,03,12,12,03,059,12/12/03/059,"OPEN SPACE, INEH STREET JUNCTION OFF ARTILLERY STREET.",Uzebu,Oredo
EDO,12,03,12,12,03,000,12/12/03/000,12/12/03/000,Uzebu,Oredo
EDO,12,04,12,12,04,001,12/12/04/001,"URUBI EVBIEMWEN,  EMOTAN COLLEGE  I",Urubi/Evbiemwen/Iwehen,Oredo
EDO,12,04,12,12,04,002,12/12/04/002,"URUBI EVBIEMWEN,  EMOTAN COLLEGE  II",Urubi/Evbiemwen/Iwehen,Oredo
EDO,12,04,12,12,04,003,12/12/04/003,"URUBI EVBIEMWEN,  EMOTAN COLLEGE   III",Urubi/Evbiemwen/Iwehen,Oredo
EDO,12,04,12,12,04,004,12/12/04/004,"URUBI EVBIEMWEN,  EMOTAN COLLEGE  IV",Urubi/Evbiemwen/Iwehen,Oredo
EDO,12,04,12,12,04,005,12/12/04/005,"URUBI EVBIEMWEN,  EMOTAN COLLEGE V",Urubi/Evbiemwen/Iwehen,Oredo
EDO,12,04,12,12,04,006,12/12/04/006,"URUBI EVBIEMWEN,  IDIA COLLEGE  I",Urubi/Evbiemwen/Iwehen,Oredo
EDO,12,04,12,12,04,007,12/12/04/007,"URUBI EVBIEMWEN,  IDIA COLLEGE  II",Urubi/Evbiemwen/Iwehen,Oredo
EDO,12,04,12,12,04,008,12/12/04/008,"URUBI EVBIEMWEN,  IDIA COLLEGE  III",Urubi/Evbiemwen/Iwehen,Oredo
EDO,12,04,12,12,04,009,12/12/04/009,"URUBI EVBIEMWEN,  IDIA COLLEGE  IV",Urubi/Evbiemwen/Iwehen,Oredo
EDO,12,04,12,12,04,010,12/12/04/010,"URUBI EVBIEMWEN,  IDIA COLLEGE  V",Urubi/Evbiemwen/Iwehen,Oredo
EDO,12,04,12,12,04,011,12/12/04/011,"URUBI EVBIEMWEN,  IDIA COLLEGE  VI",Urubi/Evbiemwen/Iwehen,Oredo
EDO,12,04,12,12,04,012,12/12/04/012,"IWEHEN/IGUISI , FABIYI AKPATA PRY. SCHOOL  I",Urubi/Evbiemwen/Iwehen,Oredo
EDO,12,04,12,12,04,013,12/12/04/013,"IWEHEN/IGUISI, FABIYI AKPATA PRY. SCHOOL  II",Urubi/Evbiemwen/Iwehen,Oredo
EDO,12,04,12,12,04,014,12/12/04/014,"IWEHEN/IGUISI,  FABIYI AKPATA PRY. SCHOOL  III",Urubi/Evbiemwen/Iwehen,Oredo
EDO,12,04,12,12,04,015,12/12/04/015,"IWEHEN/IGUISI , FABIYI AKPATA PRY. SCHOOL   IV",Urubi/Evbiemwen/Iwehen,Oredo
EDO,12,04,12,12,04,016,12/12/04/016,"IWEHEN/IGUISI , FABIYI AKPATA PRY. SCHOOL   V",Urubi/Evbiemwen/Iwehen,Oredo
EDO,12,04,12,12,04,017,12/12/04/017,"IWEHEN/IGUISI,  FABIYI AKPATA PRY. SCHOOL  VI",Urubi/Evbiemwen/Iwehen,Oredo
EDO,12,04,12,12,04,018,12/12/04/018,"IWEHEN/IGUISI , FABIYI AKPATA PRY. SCHOOL VII",Urubi/Evbiemwen/Iwehen,Oredo
EDO,12,04,12,12,04,019,12/12/04/019,"OKEMOLE I , EMOKPAE PRIMARY SCHOOL I",Urubi/Evbiemwen/Iwehen,Oredo
EDO,12,04,12,12,04,020,12/12/04/020,"OKEMOLE I , EMOKPAE PRIMARY SCHOOL II",Urubi/Evbiemwen/Iwehen,Oredo
EDO,12,04,12,12,04,021,12/12/04/021,"OKEMOLE I,  EMOKPAE PRIMARY SCHOOL III",Urubi/Evbiemwen/Iwehen,Oredo
EDO,12,04,12,12,04,022,12/12/04/022,"OKEMOLE I , EMOKPAE PRIMARY SCHOOL   IV",Urubi/Evbiemwen/Iwehen,Oredo
EDO,12,04,12,12,04,023,12/12/04/023,"OKEMOLE I , EMOKPAE PRIMARY SCHOOL V",Urubi/Evbiemwen/Iwehen,Oredo
EDO,12,04,12,12,04,024,12/12/04/024,"OKEMOLE I,  EMOKPAE PRIMARY SCHOOL VI",Urubi/Evbiemwen/Iwehen,Oredo
EDO,12,04,12,12,04,025,12/12/04/025,"OKEMOLE I,  EMOKPAE PRIMARY SCHOOL VII",Urubi/Evbiemwen/Iwehen,Oredo
EDO,12,04,12,12,04,026,12/12/04/026,"OKEMOLE I , EMOKPAE PRIMARY SCHOOL VIII",Urubi/Evbiemwen/Iwehen,Oredo
EDO,12,04,12,12,04,027,12/12/04/027,"OKEMOLE I , EMOKPAE PRIMARY SCHOOL IX",Urubi/Evbiemwen/Iwehen,Oredo
EDO,12,04,12,12,04,028,12/12/04/028,"OKEMOLE I , EMOKPAE PRIMARY SCHOOL X",Urubi/Evbiemwen/Iwehen,Oredo
EDO,12,04,12,12,04,029,12/12/04/029,"OPEN SPACE- GOLF COURSE, ALONG WIRE ROAD",Urubi/Evbiemwen/Iwehen,Oredo
EDO,12,04,12,12,04,030,12/12/04/030,OPEN SPACE- EVBIEMWEN LANE JUNCTION OPPOSITE PRINCE HOTEL,Urubi/Evbiemwen/Iwehen,Oredo
EDO,12,04,12,12,04,031,12/12/04/031,OPEN SPACE- AZAMA STREET JUNCTION OFF WIRE ROAD.,Urubi/Evbiemwen/Iwehen,Oredo
EDO,12,04,12,12,04,032,12/12/04/032,OPEN SPACE- ERIC LANE JUNCTION OFF WIRE ROAD OPPOSITE CITY FURNITURE.,Urubi/Evbiemwen/Iwehen,Oredo
EDO,12,04,12,12,04,033,12/12/04/033,OPEN SPACE- TRIANGLE AVENUE OFF WIRE ROAD OPPOSITE ST JOHN CHERUBIM AND SERAPHIM CHURCH OF CHRIST,Urubi/Evbiemwen/Iwehen,Oredo
EDO,12,04,12,12,04,034,12/12/04/034,"OPEN SPACE- IRIEGIE JUNCTION OFF URUBI STREET, BESIDE FIRST BANK OF NIGERIA.",Urubi/Evbiemwen/Iwehen,Oredo
EDO,12,04,12,12,04,035,12/12/04/035,"OPEN SPACE, EVBIEMWEN STREET JUNCTION, OFF WIRE ROAD.",Urubi/Evbiemwen/Iwehen,Oredo
EDO,12,04,12,12,04,036,12/12/04/036,"OPEN SPACE, IWEHEN STREET JUNCTION BY IWEHEN LANE.",Urubi/Evbiemwen/Iwehen,Oredo
EDO,12,04,12,12,04,037,12/12/04/037,"OPEN SPACE, IYARO WATER BOARD.",Urubi/Evbiemwen/Iwehen,Oredo
EDO,12,04,12,12,04,038,12/12/04/038,"OPEN SPACE, JAMES WATTS JUNCTION OFF URUBI/DAWSON STREET.",Urubi/Evbiemwen/Iwehen,Oredo
EDO,12,04,12,12,04,039,12/12/04/039,"OPEN SPACE, JOHN HOLT/ IDAHOSA JUNCTION OFF JAMES WATTS ROAD.",Urubi/Evbiemwen/Iwehen,Oredo
EDO,12,04,12,12,04,040,12/12/04/040,"OPEN SPACE, IDAHOSA LANE JUNCTION OFF MISSION ROAD.",Urubi/Evbiemwen/Iwehen,Oredo
EDO,12,04,12,12,04,041,12/12/04/041,"OPEN SPACE, OGIEFA LANE JUNCTION OFF NEVIS STREET.",Urubi/Evbiemwen/Iwehen,Oredo
EDO,12,04,12,12,04,042,12/12/04/042,"OPEN SPACE, BUCHAR LANE OFF MISSION ROAD.",Urubi/Evbiemwen/Iwehen,Oredo
EDO,12,04,12,12,04,043,12/12/04/043,"OPEN SPACE, UGBAGUE LANE BESIDE MTN MASK.",Urubi/Evbiemwen/Iwehen,Oredo
EDO,12,04,12,12,04,000,12/12/04/000,12/12/04/000,Urubi/Evbiemwen/Iwehen,Oredo
EDO,12,05,12,12,05,001,12/12/05/001,IHOGBE I - INST. OF CONT. EDUCATION I,Ihogbe/ Isekhere/ Oreoghene/ Ibiwe/ Ice Road,Oredo
EDO,12,05,12,12,05,002,12/12/05/002,IHOGBE I - INST. OF CONT. EDUCATION  II,Ihogbe/ Isekhere/ Oreoghene/ Ibiwe/ Ice Road,Oredo
EDO,12,05,12,12,05,003,12/12/05/003,IHOGBE I - INST. OF CONT. EDUCATION  III,Ihogbe/ Isekhere/ Oreoghene/ Ibiwe/ Ice Road,Oredo
EDO,12,05,12,12,05,004,12/12/05/004,IHOGBE I - AKENZUA II SEC. SCHOOL I,Ihogbe/ Isekhere/ Oreoghene/ Ibiwe/ Ice Road,Oredo
EDO,12,05,12,12,05,005,12/12/05/005,"IHOGBE I,  - AKENZUA II SEC. SCHOOL  II",Ihogbe/ Isekhere/ Oreoghene/ Ibiwe/ Ice Road,Oredo
EDO,12,05,12,12,05,006,12/12/05/006,"IHOGBE I , IHOGBE COLLEGE I",Ihogbe/ Isekhere/ Oreoghene/ Ibiwe/ Ice Road,Oredo
EDO,12,05,12,12,05,007,12/12/05/007,"IHOGBE I , IHOGBE COLLEGE II",Ihogbe/ Isekhere/ Oreoghene/ Ibiwe/ Ice Road,Oredo
EDO,12,05,12,12,05,008,12/12/05/008,"IHOGBE I , IHOGBE COLLEGE III",Ihogbe/ Isekhere/ Oreoghene/ Ibiwe/ Ice Road,Oredo
EDO,12,05,12,12,05,009,12/12/05/009,"IHOGBE II , IVBIORE PRIMARY SCHOOL I",Ihogbe/ Isekhere/ Oreoghene/ Ibiwe/ Ice Road,Oredo
EDO,12,05,12,12,05,010,12/12/05/010,"IHOGBE II , IVBIORE PRIMARY SCHOOL II",Ihogbe/ Isekhere/ Oreoghene/ Ibiwe/ Ice Road,Oredo
EDO,12,05,12,12,05,011,12/12/05/011,"IHOGBE II , IVBIORE PRIMARY SCHOOL III",Ihogbe/ Isekhere/ Oreoghene/ Ibiwe/ Ice Road,Oredo
EDO,12,05,12,12,05,012,12/12/05/012,"IHOGBE II , IVBIORE PRIMARY SCHOOL IV",Ihogbe/ Isekhere/ Oreoghene/ Ibiwe/ Ice Road,Oredo
EDO,12,05,12,12,05,013,12/12/05/013,"IHOGBE II , IVBIORE PRIMARY SCHOOL V",Ihogbe/ Isekhere/ Oreoghene/ Ibiwe/ Ice Road,Oredo
EDO,12,05,12,12,05,014,12/12/05/014,"IHOGBE II , IYOBA PRIMARY SCHOOL I",Ihogbe/ Isekhere/ Oreoghene/ Ibiwe/ Ice Road,Oredo
EDO,12,05,12,12,05,015,12/12/05/015,"IHOGBE II , IYOBA PRIMARY SCHOOL II",Ihogbe/ Isekhere/ Oreoghene/ Ibiwe/ Ice Road,Oredo
EDO,12,05,12,12,05,016,12/12/05/016,"IHOGBE II,  IYOBA PRIMARY SCHOOL III",Ihogbe/ Isekhere/ Oreoghene/ Ibiwe/ Ice Road,Oredo
EDO,12,05,12,12,05,017,12/12/05/017,"IHOGBE II, SCHOOL FOR THE BLIND",Ihogbe/ Isekhere/ Oreoghene/ Ibiwe/ Ice Road,Oredo
EDO,12,05,12,12,05,018,12/12/05/018,"ORE-OGHENE I,  ORE-OGHENE PRIMARY SCHOOL I",Ihogbe/ Isekhere/ Oreoghene/ Ibiwe/ Ice Road,Oredo
EDO,12,05,12,12,05,019,12/12/05/019,"ORE-OGHENE I , ORE-OGHENE PRIMARY SCHOOL II",Ihogbe/ Isekhere/ Oreoghene/ Ibiwe/ Ice Road,Oredo
EDO,12,05,12,12,05,020,12/12/05/020,"ORE-OGHENE I, ORE-OGHENE PRIMARY SCHOOL III",Ihogbe/ Isekhere/ Oreoghene/ Ibiwe/ Ice Road,Oredo
EDO,12,05,12,12,05,021,12/12/05/021,"ORE-OGHENE I,  ORE-OGHENE PRIMARY SCHOOL IV",Ihogbe/ Isekhere/ Oreoghene/ Ibiwe/ Ice Road,Oredo
EDO,12,05,12,12,05,022,12/12/05/022,"ORE-OGHENE I,  BAPTIST HIGH SCHOOL I",Ihogbe/ Isekhere/ Oreoghene/ Ibiwe/ Ice Road,Oredo
EDO,12,05,12,12,05,023,12/12/05/023,"ORE-OGHENE I , BAPTIST HIGH SCHOOL II",Ihogbe/ Isekhere/ Oreoghene/ Ibiwe/ Ice Road,Oredo
EDO,12,05,12,12,05,024,12/12/05/024,"ORE-OGHENE I ,,BAPTIST HIGH SCHOOL  III",Ihogbe/ Isekhere/ Oreoghene/ Ibiwe/ Ice Road,Oredo
EDO,12,05,12,12,05,025,12/12/05/025,"OLIHA I , OLIHA PRIMARY SCHOOL I",Ihogbe/ Isekhere/ Oreoghene/ Ibiwe/ Ice Road,Oredo
EDO,12,05,12,12,05,026,12/12/05/026,"OLIHA I , OLIHA PRIMARY SCHOOL II",Ihogbe/ Isekhere/ Oreoghene/ Ibiwe/ Ice Road,Oredo
EDO,12,05,12,12,05,027,12/12/05/027,"OLIHA I , OLIHA PRIMARY SCHOOL III",Ihogbe/ Isekhere/ Oreoghene/ Ibiwe/ Ice Road,Oredo
EDO,12,05,12,12,05,028,12/12/05/028,"OLIHA I , OLIHA PRIMARY SCHOOL IV",Ihogbe/ Isekhere/ Oreoghene/ Ibiwe/ Ice Road,Oredo
EDO,12,05,12,12,05,029,12/12/05/029,"OLIHA I, OLIHA PRIMARY SCHOOL V",Ihogbe/ Isekhere/ Oreoghene/ Ibiwe/ Ice Road,Oredo
EDO,12,05,12,12,05,030,12/12/05/030,"OLIHA I,  OLIHA PRIMARY SCHOOL VI",Ihogbe/ Isekhere/ Oreoghene/ Ibiwe/ Ice Road,Oredo
EDO,12,05,12,12,05,031,12/12/05/031,OPEN SPACE -MOAT BEHIND NTA PREMISES,Ihogbe/ Isekhere/ Oreoghene/ Ibiwe/ Ice Road,Oredo
EDO,12,05,12,12,05,032,12/12/05/032,OPEN SPACE -UWA LANE BY THE MOAT(BRIDGE),Ihogbe/ Isekhere/ Oreoghene/ Ibiwe/ Ice Road,Oredo
EDO,12,05,12,12,05,033,12/12/05/033,OPEN SPACE -UWA STREET BY NTA FENCE,Ihogbe/ Isekhere/ Oreoghene/ Ibiwe/ Ice Road,Oredo
EDO,12,05,12,12,05,034,12/12/05/034,OPEN SPACE -EKI-UWA MARKET,Ihogbe/ Isekhere/ Oreoghene/ Ibiwe/ Ice Road,Oredo
EDO,12,05,12,12,05,035,12/12/05/035,"OPEN SPACE BEHIND EKI-UWA MARKET ,BY SECOND WEST ROAD",Ihogbe/ Isekhere/ Oreoghene/ Ibiwe/ Ice Road,Oredo
EDO,12,05,12,12,05,036,12/12/05/036,OPEN SPACE OSASUMWEN STREET BY SECOND WEST JUNCTION,Ihogbe/ Isekhere/ Oreoghene/ Ibiwe/ Ice Road,Oredo
EDO,12,05,12,12,05,037,12/12/05/037,BAPTIST SECONDARY SCHOOL,Ihogbe/ Isekhere/ Oreoghene/ Ibiwe/ Ice Road,Oredo
EDO,12,05,12,12,05,038,12/12/05/038,OLIHA MARKET BY TV ROAD JUNCTION,Ihogbe/ Isekhere/ Oreoghene/ Ibiwe/ Ice Road,Oredo
EDO,12,05,12,12,05,039,12/12/05/039,OLIHA MARKET PREMISES BY SECOND WEST JUNCTION,Ihogbe/ Isekhere/ Oreoghene/ Ibiwe/ Ice Road,Oredo
EDO,12,05,12,12,05,040,12/12/05/040,OPEN SPACE IN FRONT OF UNIVERSITY PRESS PLC,Ihogbe/ Isekhere/ Oreoghene/ Ibiwe/ Ice Road,Oredo
EDO,12,05,12,12,05,041,12/12/05/041,OPEN SPACE -UKHEGIE STREET JUNCTION BY OREOGHENE,Ihogbe/ Isekhere/ Oreoghene/ Ibiwe/ Ice Road,Oredo
EDO,12,05,12,12,05,042,12/12/05/042,OPEN SPACE BY ORE - OGHENE LANE JUNCTION BY ORE - OGHENE STREET,Ihogbe/ Isekhere/ Oreoghene/ Ibiwe/ Ice Road,Oredo
EDO,12,05,12,12,05,043,12/12/05/043,OPEN SPACE -ARAGUA STREET JUNCTION,Ihogbe/ Isekhere/ Oreoghene/ Ibiwe/ Ice Road,Oredo
EDO,12,05,12,12,05,044,12/12/05/044,OPEN SPACE -ARAGUA STREET BY ORE-GHENE,Ihogbe/ Isekhere/ Oreoghene/ Ibiwe/ Ice Road,Oredo
EDO,12,05,12,12,05,045,12/12/05/045,OPEN SPACE - OREGHOSA JUNCTION OFF ARAGWA STREET BY TRANSFORMER,Ihogbe/ Isekhere/ Oreoghene/ Ibiwe/ Ice Road,Oredo
EDO,12,05,12,12,05,000,12/12/05/000,12/12/05/000,Ihogbe/ Isekhere/ Oreoghene/ Ibiwe/ Ice Road,Oredo
EDO,12,06,12,12,06,001,12/12/06/001,"NEW BENIN I,  MIN. OF EDUCATION IYARO I",New Benin I,Oredo
EDO,12,06,12,12,06,002,12/12/06/002,"NEW BENIN I,  MIN. OF EDUCATION IYARO II",New Benin I,Oredo
EDO,12,06,12,12,06,003,12/12/06/003,"NEW BENIN I,  MIN. OF EDUCATION IYARO III",New Benin I,Oredo
EDO,12,06,12,12,06,004,12/12/06/004,"NEW BENIN I,  MIN. OF EDUCATION IYARO  IV",New Benin I,Oredo
EDO,12,06,12,12,06,005,12/12/06/005,"NEW BENIN I, MIN. OF EDUCATION IYARO   V",New Benin I,Oredo
EDO,12,06,12,12,06,006,12/12/06/006,"NEW BENIN I ,  MIN. OF EDUCATION IYARO   VI",New Benin I,Oredo
EDO,12,06,12,12,06,007,12/12/06/007,"NEW BENIN I,  MIN. OF EDUCATION IYARO  VII",New Benin I,Oredo
EDO,12,06,12,12,06,008,12/12/06/008,"NEW BENIN I,  MIN. OF EDUCATION IYARO  VIII",New Benin I,Oredo
EDO,12,06,12,12,06,009,12/12/06/009,"NEW BENIN I, MIN. OF EDUCATION IYARO    IX",New Benin I,Oredo
EDO,12,06,12,12,06,010,12/12/06/010,"NEW BENIN I,  MIN. OF EDUCATION IYARO   X",New Benin I,Oredo
EDO,12,06,12,12,06,011,12/12/06/011,"NEW BENIN I , MIN. OF EDUCATION IYARO   XI",New Benin I,Oredo
EDO,12,06,12,12,06,012,12/12/06/012,"NEW BENIN II,  MIN. OF EDUCATION, IYARO  XII",New Benin I,Oredo
EDO,12,06,12,12,06,013,12/12/06/013,"NEW BENIN II, MIN. OF EDUCATION, IYARO  XIII",New Benin I,Oredo
EDO,12,06,12,12,06,014,12/12/06/014,"NEW BENIN II, MIN. OF EDUCATION, IYARO   XIV",New Benin I,Oredo
EDO,12,06,12,12,06,015,12/12/06/015,"NEW BENIN II,  MIN. OF EDUCATION, IYARO   XV",New Benin I,Oredo
EDO,12,06,12,12,06,016,12/12/06/016,"NEW BENIN II , MIN. OF EDUCATION, IYARO XVI",New Benin I,Oredo
EDO,12,06,12,12,06,017,12/12/06/017,"NEW BENIN II  MIN. OF EDUCATION, IYARO    XVII",New Benin I,Oredo
EDO,12,06,12,12,06,018,12/12/06/018,"NEW BENIN II,  MIN. OF EDUCATION, IYARO  XVIII",New Benin I,Oredo
EDO,12,06,12,12,06,019,12/12/06/019,"NEW BENIN II,   MIN. OF EDUCATION, IYARO   XIX",New Benin I,Oredo
EDO,12,06,12,12,06,020,12/12/06/020,"NEW BENIN II,  MIN. OF EDUCATION, IYARO   XX",New Benin I,Oredo
EDO,12,06,12,12,06,021,12/12/06/021,"NEW BENIN III,  MIN. OF EDUCATION, IYARO   XXI",New Benin I,Oredo
EDO,12,06,12,12,06,022,12/12/06/022,"NEW BENIN III,  MIN. OF EDUCATION, IYARO   XXII",New Benin I,Oredo
EDO,12,06,12,12,06,023,12/12/06/023,"NEW BENIN III,  MIN. OF EDUCATION, IYARO   XXIII",New Benin I,Oredo
EDO,12,06,12,12,06,024,12/12/06/024,"NEW BENIN III, MIN. OF EDUCATION, IYARO  XXIV",New Benin I,Oredo
EDO,12,06,12,12,06,025,12/12/06/025,"NEW BENIN III, MIN. OF EDUCATION, IYARO  XXV",New Benin I,Oredo
EDO,12,06,12,12,06,026,12/12/06/026,"NEW BENIN III,  MIN. OF EDUCATION, IYARO  XXVI",New Benin I,Oredo
EDO,12,06,12,12,06,027,12/12/06/027,"NEW BENIN III,  MIN. OF EDUCATION, IYARO XXVII",New Benin I,Oredo
EDO,12,06,12,12,06,028,12/12/06/028,"NEW BENIN II,  MIN. OF EDUCATION, IYARO   XXVIII",New Benin I,Oredo
EDO,12,06,12,12,06,029,12/12/06/029,OPEN SPACE YAM MARKET,New Benin I,Oredo
EDO,12,06,12,12,06,030,12/12/06/030,OPEN SPACE  YAM GARRAGE YORUBA STREET,New Benin I,Oredo
EDO,12,06,12,12,06,031,12/12/06/031,"OPEN SPACE BY PIONEER EDUCATION CENTRE, NEW BENIN",New Benin I,Oredo
EDO,12,06,12,12,06,032,12/12/06/032,OPEN SPACE PEUGEOT MOTORS DAWSON ROAD,New Benin I,Oredo
EDO,12,06,12,12,06,033,12/12/06/033,OPEN SPACE FORMER PHCN BUILDING,New Benin I,Oredo
EDO,12,06,12,12,06,034,12/12/06/034,OPEN SPACE LATTER_ DAY SAINTS THE CHURCH OF JESUS CHRIST,New Benin I,Oredo
EDO,12,06,12,12,06,000,12/12/06/000,12/12/06/000,New Benin I,Oredo
EDO,12,07,12,12,07,001,12/12/07/001,"EBEN/NEW BENIN I,  ADESUWA PRIMARY SCHOOL   I",New Benin Ii,Oredo
EDO,12,07,12,12,07,002,12/12/07/002,"EBEN/NEW BENIN I,  ADESUWA PRIMARY SCHOOL    II",New Benin Ii,Oredo
EDO,12,07,12,12,07,003,12/12/07/003,"EBEN/NEW BENIN I,  ADESUWA PRIMARY SCHOOL  III",New Benin Ii,Oredo
EDO,12,07,12,12,07,004,12/12/07/004,"EBEN/NEW BENIN I , ADESUWA PRIMARY SCHOOL  IV",New Benin Ii,Oredo
EDO,12,07,12,12,07,005,12/12/07/005,"EBEN/NEW BENIN I , ADESUWA PRIMARY SCHOOL  V",New Benin Ii,Oredo
EDO,12,07,12,12,07,006,12/12/07/006,"EBEN/NEW BENIN II, ESIGIE PRIMARY SCHOOL   I",New Benin Ii,Oredo
EDO,12,07,12,12,07,007,12/12/07/007,"EBEN/NEW BENIN II,  ESIGIE PRIMARY SCHOOL  II",New Benin Ii,Oredo
EDO,12,07,12,12,07,008,12/12/07/008,"EBEN/NEW BENIN II,  ESIGIE PRIMARY SCHOOL  III",New Benin Ii,Oredo
EDO,12,07,12,12,07,009,12/12/07/009,"EBEN/NEW BENIN III , OGUOLA PRIMARY SCHOOL  I",New Benin Ii,Oredo
EDO,12,07,12,12,07,010,12/12/07/010,"EBEN/NEW BENIN III , OGUOLA PRIMARY SCHOOL  II",New Benin Ii,Oredo
EDO,12,07,12,12,07,011,12/12/07/011,"EBEN/NEW BENIN III , OGUOLA PRIMARY SCHOOL  III",New Benin Ii,Oredo
EDO,12,07,12,12,07,012,12/12/07/012,"EBEN/NEW BENIN III , OGUOLA PRIMARY SCHOOL  IV",New Benin Ii,Oredo
EDO,12,07,12,12,07,013,12/12/07/013,"EBEN NEW/BENIN IV,  NEW ERA COLLEGE I",New Benin Ii,Oredo
EDO,12,07,12,12,07,014,12/12/07/014,"EBEN NEW/BENIN IV,  NEW ERA COLLEGE  II",New Benin Ii,Oredo
EDO,12,07,12,12,07,015,12/12/07/015,"EBEN/NEW BENIN IV , VICTORY PRIMARY SCHOOL  I",New Benin Ii,Oredo
EDO,12,07,12,12,07,016,12/12/07/016,"EBEN/NEW BENIN IV,  VICTORY PRIMARY SCHOOL  II",New Benin Ii,Oredo
EDO,12,07,12,12,07,017,12/12/07/017,"EBEN/NEW BENIN IV,  VICTORY PRIMARY SCHOOL   III",New Benin Ii,Oredo
EDO,12,07,12,12,07,018,12/12/07/018,"EBEN/NEW BENIN IV , VICTORY PRIMARY SCHOOL   IV",New Benin Ii,Oredo
EDO,12,07,12,12,07,019,12/12/07/019,"NEW BENIN I,  EDOKPOLOR GRAMM. SCHOOL   I",New Benin Ii,Oredo
EDO,12,07,12,12,07,020,12/12/07/020,"NEW BENIN I , EDOKPOLOR GRAMM. SCHOOL  II",New Benin Ii,Oredo
EDO,12,07,12,12,07,021,12/12/07/021,"NEW BENIN II , COMMUNITY PRIMARY SCHOOL  I",New Benin Ii,Oredo
EDO,12,07,12,12,07,022,12/12/07/022,"NEW BENIN II , COMMUNITY PRIMARY SCHOOL  II",New Benin Ii,Oredo
EDO,12,07,12,12,07,023,12/12/07/023,"NEW BENIN II , COMMUNITY PRIMARY SCHOOL  III",New Benin Ii,Oredo
EDO,12,07,12,12,07,024,12/12/07/024,"NEW BENIN III , PAYNE PRIMARY SCHOOL  I",New Benin Ii,Oredo
EDO,12,07,12,12,07,025,12/12/07/025,"NEW BENIN III,  PAYNE PRIMARY SCHOOL  II",New Benin Ii,Oredo
EDO,12,07,12,12,07,026,12/12/07/026,"NEW BENIN III , PAYNE PRIMARY SCHOOL  III",New Benin Ii,Oredo
EDO,12,07,12,12,07,027,12/12/07/027,"NEW BENIN III , PAYNE PRIMARY SCHOOL  IV",New Benin Ii,Oredo
EDO,12,07,12,12,07,028,12/12/07/028,IKPOBA I - USI PRIMARY SCHOOL I,New Benin Ii,Oredo
EDO,12,07,12,12,07,029,12/12/07/029,IKPOBA I - USI PRIMARY SCHOOL  II,New Benin Ii,Oredo
EDO,12,07,12,12,07,030,12/12/07/030,IKPOBA I - USI PRIMARY SCHOOL III,New Benin Ii,Oredo
EDO,12,07,12,12,07,031,12/12/07/031,OPEN SPACE BY POLARIS BANK,New Benin Ii,Oredo
EDO,12,07,12,12,07,032,12/12/07/032,OPEN SPACE BESIDE LAPO MICRO FINANCE BANK DANWSON ROAD,New Benin Ii,Oredo
EDO,12,07,12,12,07,033,12/12/07/033,EMOTAN PRIMARY SCHOOL I,New Benin Ii,Oredo
EDO,12,07,12,12,07,034,12/12/07/034,EMOTAN PRIMARY SCHOOL II,New Benin Ii,Oredo
EDO,12,07,12,12,07,035,12/12/07/035,OUR LADY OF MERCY NURSERY/PRIMARY SCHOOL,New Benin Ii,Oredo
EDO,12,07,12,12,07,036,12/12/07/036,OREDO LOCAL GOVERNMENT EDUCATION AUTHORITY UPPER FORESTY I,New Benin Ii,Oredo
EDO,12,07,12,12,07,037,12/12/07/037,OREDO LOCAL GOVERNMENT EDUCATION AUTHORITY UPPER FORESTY II,New Benin Ii,Oredo
EDO,12,07,12,12,07,038,12/12/07/038,OPEN SPACE FIDELITY BANK,New Benin Ii,Oredo
EDO,12,07,12,12,07,039,12/12/07/039,IYOBOSA PRY SCH I,New Benin Ii,Oredo
EDO,12,07,12,12,07,040,12/12/07/040,IYOBOSA PRY SCH II,New Benin Ii,Oredo
EDO,12,07,12,12,07,041,12/12/07/041,OPEN SPACE OPPOSITE WINNERS CHAPEL COSTAIN,New Benin Ii,Oredo
EDO,12,07,12,12,07,042,12/12/07/042,OPEN SPACE BY VICTORY JUNCTION,New Benin Ii,Oredo
EDO,12,07,12,12,07,043,12/12/07/043,OPEN SPACE BESIDE UBA BANK,New Benin Ii,Oredo
EDO,12,07,12,12,07,044,12/12/07/044,OPEN SPACE UPPER MISSION JUNCTION,New Benin Ii,Oredo
EDO,12,07,12,12,07,045,12/12/07/045,OPEN SPACE OPPOSITE IYOBOSA INTERNATIONAL SCH,New Benin Ii,Oredo
EDO,12,07,12,12,07,046,12/12/07/046,OPEN SPACE OPPOSITE DISCOVERY DEDICATION SCHOOLS,New Benin Ii,Oredo
EDO,12,07,12,12,07,047,12/12/07/047,OPEN SPACE OPPOSITE NEW ERA COLLEGE,New Benin Ii,Oredo
EDO,12,07,12,12,07,048,12/12/07/048,OPEN SPACE ADJACENT TO JUBILEE ACADEMY,New Benin Ii,Oredo
EDO,12,07,12,12,07,049,12/12/07/049,OPEN SPACE OPPOSITE MTN MAST EWAH RD,New Benin Ii,Oredo
EDO,12,07,12,12,07,050,12/12/07/050,OPEN SPACE BY EWAH  ROAD JUNCTION,New Benin Ii,Oredo
EDO,12,07,12,12,07,051,12/12/07/051,OPEN SPACE BY AIGBE DAVIS JUNCTION OFF EWAH ROAD,New Benin Ii,Oredo
EDO,12,07,12,12,07,052,12/12/07/052,PRIMARY HEALTH CARE CENTRE BY POLICE STATION I,New Benin Ii,Oredo
EDO,12,07,12,12,07,053,12/12/07/053,PRIMARY HEALTH CARE CENTRE BY POLICE STATION II,New Benin Ii,Oredo
EDO,12,07,12,12,07,054,12/12/07/054,EDO STATE INTERNAL REVENUE SERVICE,New Benin Ii,Oredo
EDO,12,07,12,12,07,055,12/12/07/055,EDO STATE INTERNAL REVENUE SERVICE NEW BENIN,New Benin Ii,Oredo
EDO,12,07,12,12,07,056,12/12/07/056,OPEN SPACE BY TRANSFORMER EWEKA STREET,New Benin Ii,Oredo
EDO,12,07,12,12,07,057,12/12/07/057,OPEN SPACE AKUGBE STREET OFF NEW LAGOS ROAD,New Benin Ii,Oredo
EDO,12,07,12,12,07,058,12/12/07/058,OPEN SPACE AKUGBE STREET OFF NEW LAGOS ROAD,New Benin Ii,Oredo
EDO,12,07,12,12,07,059,12/12/07/059,OPEN SPACE YAM MARKET UPPER MISSION ROAD,New Benin Ii,Oredo
EDO,12,07,12,12,07,060,12/12/07/060,OPEN SPACE OWIE CLOSE BESIDE YAM MARKET,New Benin Ii,Oredo
EDO,12,07,12,12,07,061,12/12/07/061,OPEN SPACE BESIDE FORTE OIL FILLING STATION,New Benin Ii,Oredo
EDO,12,07,12,12,07,062,12/12/07/062,NOSAKHARE MODEL EDUCATION CENTRE I,New Benin Ii,Oredo
EDO,12,07,12,12,07,063,12/12/07/063,NOSAKHARE MODEL EDUCATION CENTRE II,New Benin Ii,Oredo
EDO,12,07,12,12,07,064,12/12/07/064,OPEN SPACE OBAZE JUNCTION OFF EGHAREVBA,New Benin Ii,Oredo
EDO,12,07,12,12,07,065,12/12/07/065,OPEN SPACE SLAUGHTER MARKET IKPOBA SLOPE I,New Benin Ii,Oredo
EDO,12,07,12,12,07,066,12/12/07/066,OPEN SPACE SLAUGHTER MARKET IKPOBA SLOPE II,New Benin Ii,Oredo
EDO,12,07,12,12,07,067,12/12/07/067,OPEN SPACE BY ST. TERESA'S CATHOLIC CHURCH,New Benin Ii,Oredo
EDO,12,07,12,12,07,000,12/12/07/000,12/12/07/000,New Benin Ii,Oredo
EDO,12,08,12,12,08,001,12/12/08/001,"OKEDO I ,IZEVBIGIE PRIMARY SCHOOL I",Oredo,Oredo
EDO,12,08,12,12,08,002,12/12/08/002,"OKEDO I,  IZEVBIGIE PRIMARY SCHOOL II",Oredo,Oredo
EDO,12,08,12,12,08,003,12/12/08/003,"OKEDO I , IZEVBIGIE PRIMARY SCHOOL III",Oredo,Oredo
EDO,12,08,12,12,08,004,12/12/08/004,"OKEDO I , IZEVBIGIE PRIMARY SCHOOL IV",Oredo,Oredo
EDO,12,08,12,12,08,005,12/12/08/005,"OKEDO I , IZEVBIGIE PRIMARY SCHOOL V",Oredo,Oredo
EDO,12,08,12,12,08,006,12/12/08/006,"OKEDO I , IZEVBIGIE PRIMARY SCHOOL VI",Oredo,Oredo
EDO,12,08,12,12,08,007,12/12/08/007,"OKEDO II,  OGBOE PRIMARY SCHOOL I",Oredo,Oredo
EDO,12,08,12,12,08,008,12/12/08/008,"OKEDO II , OGBOE PRIMARY SCHOOL II",Oredo,Oredo
EDO,12,08,12,12,08,009,12/12/08/009,"OKEDO II , OGBOE PRIMARY SCHOOL  III",Oredo,Oredo
EDO,12,08,12,12,08,010,12/12/08/010,"OKEDO II , OGBOE PRIMARY SCHOOL  IV",Oredo,Oredo
EDO,12,08,12,12,08,011,12/12/08/011,"OKEDO II,  OGBOE PRIMARY SCHOOL   V",Oredo,Oredo
EDO,12,08,12,12,08,012,12/12/08/012,"OKEDO III,  VIRGINIA PRIMARY SCHOOL I",Oredo,Oredo
EDO,12,08,12,12,08,013,12/12/08/013,"OKEDO III , VIRGINIA PRIMARY SCHOOL  II",Oredo,Oredo
EDO,12,08,12,12,08,014,12/12/08/014,"OKEDO III , VIRGINIA PRIMARY SCHOOL   III",Oredo,Oredo
EDO,12,08,12,12,08,015,12/12/08/015,"OKEDO III,  VIRGINIA PRIMARY SCHOOL   IV",Oredo,Oredo
EDO,12,08,12,12,08,016,12/12/08/016,"OKEDO II,  VIRGINIA PRIMARY SCHOOL   V",Oredo,Oredo
EDO,12,08,12,12,08,017,12/12/08/017,"OKEDO III , VIRGINIA PRIMARY SCHOOL VI",Oredo,Oredo
EDO,12,08,12,12,08,018,12/12/08/018,"OKEDO III,  VIRGINIA PRIMARY SCHOOL  VII",Oredo,Oredo
EDO,12,08,12,12,08,019,12/12/08/019,"OKEDO IV,  EYAENUGIE PRIMARY SCHOOL  I",Oredo,Oredo
EDO,12,08,12,12,08,020,12/12/08/020,"OKEDO IV , EYAENUGIE PRIMARY SCHOOL   II",Oredo,Oredo
EDO,12,08,12,12,08,021,12/12/08/021,"OKEDO IV , EYAENUGIE PRIMARY SCHOOL   III",Oredo,Oredo
EDO,12,08,12,12,08,022,12/12/08/022,"OKEDO IV, EYAENUGIE PRIMARY SCHOOL     IV",Oredo,Oredo
EDO,12,08,12,12,08,023,12/12/08/023,"OKEDO IV , EYAENUGIE PRIMARY SCHOOL   V",Oredo,Oredo
EDO,12,08,12,12,08,024,12/12/08/024,"OKEDO IV , EYAENUGIE PRIMARY SCHOOL    VI",Oredo,Oredo
EDO,12,08,12,12,08,025,12/12/08/025,"OKEDO IV, EYAENUGIE PRIMARY SCHOOL   VII",Oredo,Oredo
EDO,12,08,12,12,08,026,12/12/08/026,"IKPOBA I , EDO COLLEGE  I",Oredo,Oredo
EDO,12,08,12,12,08,027,12/12/08/027,"IKPOBA I,  EDO COLLEGE   II",Oredo,Oredo
EDO,12,08,12,12,08,028,12/12/08/028,"IKPOBA I , EDO COLLEGE    III",Oredo,Oredo
EDO,12,08,12,12,08,029,12/12/08/029,"IKPOBA I , EDO COLLEGE    IV",Oredo,Oredo
EDO,12,08,12,12,08,030,12/12/08/030,"IKPOBA I , EDO COLLEGE    V",Oredo,Oredo
EDO,12,08,12,12,08,031,12/12/08/031,OPEN SPACE -NEKPEN NEKPEN ROAD JUNCTION,Oredo,Oredo
EDO,12,08,12,12,08,032,12/12/08/032,OPEN SPACE -ERIAMATOE STREET JUNCTION,Oredo,Oredo
EDO,12,08,12,12,08,033,12/12/08/033,OPEN SPACE -JARA GATE BY SECOND EAST CIRCULAR ROAD,Oredo,Oredo
EDO,12,08,12,12,08,034,12/12/08/034,OPEN SPACE - OSAMERE STREET JUNCTION OFF OGIAWEN LANE,Oredo,Oredo
EDO,12,08,12,12,08,035,12/12/08/035,OPEN SPACE -LUCKY WAY  STREET SECOND MARKET,Oredo,Oredo
EDO,12,08,12,12,08,036,12/12/08/036,OPEN SPACE -ONORUWA STREET BY SECOND JUNCTION,Oredo,Oredo
EDO,12,08,12,12,08,037,12/12/08/037,OPEN SPACE -OSAGEDE STREET JUNCTION BY IGUN STREET,Oredo,Oredo
EDO,12,08,12,12,08,038,12/12/08/038,OPEN SPACE -IGUN STREET JUNCTION OFF SECOND BEHIND CENTRAL MOSQUE,Oredo,Oredo
EDO,12,08,12,12,08,039,12/12/08/039,OPEN SPACE -AGBOMONBA STREET BY SECOND,Oredo,Oredo
EDO,12,08,12,12,08,040,12/12/08/040,OPEN SPACE -AWAKHIONBA STREET JUNCTION OFF VIRGINIA STREET,Oredo,Oredo
EDO,12,08,12,12,08,041,12/12/08/041,OPEN SPACE -SECOND NEW MARKET,Oredo,Oredo
EDO,12,08,12,12,08,042,12/12/08/042,OPEN SPACE -EKI UWA LANE CROSE JUNCTION,Oredo,Oredo
EDO,12,08,12,12,08,043,12/12/08/043,OPEN SPACE -FIRST OSAMWENDE LANE JUNCTION,Oredo,Oredo
EDO,12,08,12,12,08,044,12/12/08/044,OPEN SPACE -IYOBOSA STREET JUNCTION,Oredo,Oredo
EDO,12,08,12,12,08,045,12/12/08/045,OPEN SPACE - OZOULA STREET JUNCTION,Oredo,Oredo
EDO,12,08,12,12,08,000,12/12/08/000,12/12/08/000,Oredo,Oredo
EDO,12,09,12,12,09,001,12/12/09/001,"IKPEMA/EGUADASE I, IGBESAMWAN PRIMARY SCHOOL  I",Ikpema/Eguadase,Oredo
EDO,12,09,12,12,09,002,12/12/09/002,"IKPEMA/EGUADASE I, IGBESAMWAN PRIMARY SCHOOL  II",Ikpema/Eguadase,Oredo
EDO,12,09,12,12,09,003,12/12/09/003,"IKPEMA/EGUADASE I, IGBESAMWAN PRIMARY SCHOOL  III",Ikpema/Eguadase,Oredo
EDO,12,09,12,12,09,004,12/12/09/004,"IKPEMA/EGUADASE I, IGBESAMWAN PRIMARY SCHOOL  IV",Ikpema/Eguadase,Oredo
EDO,12,09,12,12,09,005,12/12/09/005,"IKPEMA/EGUADASE I, IGBESAMWAN PRIMARY SCHOOL V",Ikpema/Eguadase,Oredo
EDO,12,09,12,12,09,006,12/12/09/006,"IKPEMA/EGUADASE I, IGBESAMWAN PRIMARY SCHOOL   VI",Ikpema/Eguadase,Oredo
EDO,12,09,12,12,09,007,12/12/09/007,"IKPEMA/EGUADASE I, IGBESAMWAN PRIMARY SCHOOL   VII",Ikpema/Eguadase,Oredo
EDO,12,09,12,12,09,008,12/12/09/008,"IKPEMA/EGUADASE I, IGBESAMWAN PRIMARY SCHOOL  VIII",Ikpema/Eguadase,Oredo
EDO,12,09,12,12,09,009,12/12/09/009,"IKPEMA/EGUADASE I, IGBESAMWAN PRIMARY SCHOOL  IX",Ikpema/Eguadase,Oredo
EDO,12,09,12,12,09,010,12/12/09/010,"IKPEMA/EGUADASE I, IGBESAMWAN PRIMARY SCHOOL    X",Ikpema/Eguadase,Oredo
EDO,12,09,12,12,09,011,12/12/09/011,"IKPEMA/EGUADASE I, IGBESAMWAN PRIMARY SCHOOL    XI",Ikpema/Eguadase,Oredo
EDO,12,09,12,12,09,012,12/12/09/012,"IKPEMA/EGUADASE I, IGBESAMWAN PRIMARY SCHOOL  XII",Ikpema/Eguadase,Oredo
EDO,12,09,12,12,09,013,12/12/09/013,"IKPEMA/EGUADASE II, IGBESAMWAN PRIMARY SCHOOL  XIII",Ikpema/Eguadase,Oredo
EDO,12,09,12,12,09,014,12/12/09/014,"IKPEMA/EGUADASE II, IGBESAMWAN PRIMARY SCHOOL  XIV",Ikpema/Eguadase,Oredo
EDO,12,09,12,12,09,015,12/12/09/015,"IKPEMA/EGUADASE II, IGBESAMWAN PRIMARY SCHOOL  XV",Ikpema/Eguadase,Oredo
EDO,12,09,12,12,09,016,12/12/09/016,"IKPEMA/EGUADASE II, IGBESAMWAN PRIMARY SCHOOL  XVI",Ikpema/Eguadase,Oredo
EDO,12,09,12,12,09,017,12/12/09/017,"IKPEMA/EGUADASE II, IGBESAMWAN PRIMARY SCHOOL  XVII",Ikpema/Eguadase,Oredo
EDO,12,09,12,12,09,018,12/12/09/018,"IKPEMA/EGUADASE II, IGBESAMWAN PRIMARY SCHOOL   XVIII",Ikpema/Eguadase,Oredo
EDO,12,09,12,12,09,019,12/12/09/019,"IKPEMA/EGUADASE II, IGBESAMWAN PRIMARY SCHOOL XIX",Ikpema/Eguadase,Oredo
EDO,12,09,12,12,09,020,12/12/09/020,"IKPEMA/EGUADASE II, IGBESAMWAN PRIMARY SCHOOL  XX",Ikpema/Eguadase,Oredo
EDO,12,09,12,12,09,021,12/12/09/021,"IKPEMA/EGUADASE II, IGBESAMWAN PRIMARY SCHOOL  XXI",Ikpema/Eguadase,Oredo
EDO,12,09,12,12,09,022,12/12/09/022,"IKPEMA/EGUADASE II, IGBESAMWAN PRIMARY SCHOOL XXII",Ikpema/Eguadase,Oredo
EDO,12,09,12,12,09,023,12/12/09/023,"IKPEMA/EGUADASE II, IGBESAMWAN PRIMARY SCHOOL  XXIII",Ikpema/Eguadase,Oredo
EDO,12,09,12,12,09,024,12/12/09/024,"IKPEMA/EGUADASE II, IGBESAMWAN PRIMARY SCHOOL XXIV",Ikpema/Eguadase,Oredo
EDO,12,09,12,12,09,025,12/12/09/025,"IKPEMA/EGUADASE II, IGBESAMWAN PRIMARY SCHOOL  XXV",Ikpema/Eguadase,Oredo
EDO,12,09,12,12,09,026,12/12/09/026,OPEN SPACE FIRST AFRICA CHURCH LANE BY SAWMILL,Ikpema/Eguadase,Oredo
EDO,12,09,12,12,09,027,12/12/09/027,IGBESAMWAN P/S URBAN HEALTH CENTER I,Ikpema/Eguadase,Oredo
EDO,12,09,12,12,09,028,12/12/09/028,IGBESAMWAN P/S URBAN HEALTH CENTER II,Ikpema/Eguadase,Oredo
EDO,12,09,12,12,09,029,12/12/09/029,OPEN SPACE - FRONT OF EGEDEGE N'OKARO (FIRST UPSTAIRS),Ikpema/Eguadase,Oredo
EDO,12,09,12,12,09,030,12/12/09/030,OPEN SPACE - AGBADO STREET BY EKI JUNCTION.,Ikpema/Eguadase,Oredo
EDO,12,09,12,12,09,000,12/12/09/000,12/12/09/000,Ikpema/Eguadase,Oredo
EDO,12,10,12,12,10,001,12/12/10/001,"OGBOKA/UNUERU  I , ASORO PRIMARY SCHOOL I",Unueru/Ogboka,Oredo
EDO,12,10,12,12,10,002,12/12/10/002,"OGBOKA/UNUERU  I , ASORO PRIMARY SCHOOL II",Unueru/Ogboka,Oredo
EDO,12,10,12,12,10,003,12/12/10/003,"OGBOKA/UNUERU  I, ,ASORO PRIMARY SCHOOL  III",Unueru/Ogboka,Oredo
EDO,12,10,12,12,10,004,12/12/10/004,"OGBOKA/UNUERU  I , ASORO PRIMARY SCHOOL  IV",Unueru/Ogboka,Oredo
EDO,12,10,12,12,10,005,12/12/10/005,"OGBOKA/UNUERU  I, ASORO PRIMARY SCHOOL V",Unueru/Ogboka,Oredo
EDO,12,10,12,12,10,006,12/12/10/006,"OGBOKA/UNUERU  I, ASORO PRIMARY SCHOOL VI",Unueru/Ogboka,Oredo
EDO,12,10,12,12,10,007,12/12/10/007,"OGBOKA/UNUERU  I,  ASORO PRIMARY SCHOOL VII",Unueru/Ogboka,Oredo
EDO,12,10,12,12,10,008,12/12/10/008,"OGBOKA/UNUERU  I, ASORO PRIMARY SCHOOL V III",Unueru/Ogboka,Oredo
EDO,12,10,12,12,10,009,12/12/10/009,OGBOKA/UNUERU  II OZA PRIMARY SCHOOL    I,Unueru/Ogboka,Oredo
EDO,12,10,12,12,10,010,12/12/10/010,OGBOKA/UNUERU  II OZA PRIMARY SCHOOL    II,Unueru/Ogboka,Oredo
EDO,12,10,12,12,10,011,12/12/10/011,"OGBOKA/UNUERU  I I, OZA PRIMARY SCHOOL  III",Unueru/Ogboka,Oredo
EDO,12,10,12,12,10,012,12/12/10/012,"OGBOKA/UNUERU  I I, OZA PRIMARY SCHOOL  IV",Unueru/Ogboka,Oredo
EDO,12,10,12,12,10,013,12/12/10/013,"OGBOKA/UNUERU  I I, OZA PRIMARY SCHOOL  V",Unueru/Ogboka,Oredo
EDO,12,10,12,12,10,014,12/12/10/014,"OGBOKA/UNUERU  I I, OZA PRIMARY SCHOOL   VI",Unueru/Ogboka,Oredo
EDO,12,10,12,12,10,015,12/12/10/015,"OGBOKA/UNUERU  I I, OZA PRIMARY SCHOOL  VII",Unueru/Ogboka,Oredo
EDO,12,10,12,12,10,016,12/12/10/016,"OGBOKA/UNUERU  I I, OZA PRIMARY SCHOOL  VIII",Unueru/Ogboka,Oredo
EDO,12,10,12,12,10,017,12/12/10/017,"OGBOKA/UNUERU  II, OZA PRIMARY SCHOOL   IX",Unueru/Ogboka,Oredo
EDO,12,10,12,12,10,018,12/12/10/018,"OGBOKA/UNUERU  I I , OZA PRIMARY SCHOOL  X",Unueru/Ogboka,Oredo
EDO,12,10,12,12,10,019,12/12/10/019,"OGBOKA/UNUERU  I I, OZA PRIMARY SCHOOL  XI",Unueru/Ogboka,Oredo
EDO,12,10,12,12,10,020,12/12/10/020,"OGBOKA/UNUERU  III,  UWA PRIMARY SCHOOL  I",Unueru/Ogboka,Oredo
EDO,12,10,12,12,10,021,12/12/10/021,"OGBOKA/UNUERU  III,  UWA PRIMARY SCHOOL   II",Unueru/Ogboka,Oredo
EDO,12,10,12,12,10,022,12/12/10/022,"OGBOKA/UNUERU  III , UWA PRIMARY SCHOOL   III",Unueru/Ogboka,Oredo
EDO,12,10,12,12,10,023,12/12/10/023,"OGBOKA/UNUERU  III , UWA PRIMARY SCHOOL   IV",Unueru/Ogboka,Oredo
EDO,12,10,12,12,10,024,12/12/10/024,"OGBOKA/UNUERU  III,  UWA PRIMARY SCHOOL  V",Unueru/Ogboka,Oredo
EDO,12,10,12,12,10,025,12/12/10/025,"OGBOKA/UNUERU  III,  UWA PRIMARY SCHOOL  VI",Unueru/Ogboka,Oredo
EDO,12,10,12,12,10,026,12/12/10/026,"OGBOKA/UNUERU  III, UWA PRIMARY SCHOOL  VII",Unueru/Ogboka,Oredo
EDO,12,10,12,12,10,027,12/12/10/027,"OGBOKA/UNUERU  III , URUBI PRIMARY SCHOOL   I",Unueru/Ogboka,Oredo
EDO,12,10,12,12,10,028,12/12/10/028,"OGBOKA/UNUERU  III , URUBI PRIMARY SCHOOL    II",Unueru/Ogboka,Oredo
EDO,12,10,12,12,10,029,12/12/10/029,"OPEN SPACE OPPOSITE THE TRADITIONAL HALL/BACK OF ST,MATTHEW ANGELICAN CHURCH OFF SAKPONBA ROAD",Unueru/Ogboka,Oredo
EDO,12,10,12,12,10,030,12/12/10/030,"OPEN SPACE OGBOKA COMMUNITY TRADITIONAL HOUSE,ALONG SAKPONBA ROAD",Unueru/Ogboka,Oredo
EDO,12,10,12,12,10,031,12/12/10/031,OPEN SPACE CENTRAL BAPTIST CHURCH KING SQUARE RING ROAD I,Unueru/Ogboka,Oredo
EDO,12,10,12,12,10,032,12/12/10/032,OPEN SPACE CENTRAL BAPTIST CHURCH KING SQUARE RING ROAD 2ND II,Unueru/Ogboka,Oredo
EDO,12,10,12,12,10,033,12/12/10/033,OPEN SPACE MECHANIC WORKSHOP IGUN STREET OFF SAKPONBA ROAD,Unueru/Ogboka,Oredo
EDO,12,10,12,12,10,034,12/12/10/034,OPEN SPACE HAUSA QUARTERS ERIE OFF SAKPONBA ROAD I,Unueru/Ogboka,Oredo
EDO,12,10,12,12,10,035,12/12/10/035,OPEN SPACE HAUSA QUARTERS ERIE OFF SAKPONBA ROAD II,Unueru/Ogboka,Oredo
EDO,12,10,12,12,10,036,12/12/10/036,OPEN SPACE EZOBA STREET BY OMOLUYI JUNCTION OFF SAKPONBA ROAD,Unueru/Ogboka,Oredo
EDO,12,10,12,12,10,037,12/12/10/037,OPEN SPACE AROSA STREET OPPOSITE OGBELAKA OFF SAKPONBA ROAD,Unueru/Ogboka,Oredo
EDO,12,10,12,12,10,038,12/12/10/038,OPEN SPACE FIRST JUNCTION OFF  SAKPONBA ROAD,Unueru/Ogboka,Oredo
EDO,12,10,12,12,10,039,12/12/10/039,OPEN SPACE ERIE JUNCTION BY IGBESAMWAN STREET OFF FIRST EAST CIRCULAR ROAD,Unueru/Ogboka,Oredo
EDO,12,10,12,12,10,040,12/12/10/040,"OPEN SPACE BY FIRST UNUERU JUNCTION OFF ASORO STREET,OFF SAKPONBA ROAD",Unueru/Ogboka,Oredo
EDO,12,10,12,12,10,041,12/12/10/041,OPEN SPACE THIRD UNUERU JUNCTION BY ASORO STREET OFF FIRST EAST CIRCULAR ROAD,Unueru/Ogboka,Oredo
EDO,12,10,12,12,10,042,12/12/10/042,OPEN SPACE MECHANIC WORKSHOP IYAMU STREET OFF ASORO STREET OFF IGBESAMWAN RD,Unueru/Ogboka,Oredo
EDO,12,10,12,12,10,043,12/12/10/043,"OPEN SPACE SECOND ERIE LANE JUNCTION, BY FIRST ERIE OFF EZOBA STREET OFF SAKPONBA ROAD BENIN CITY",Unueru/Ogboka,Oredo
EDO,12,10,12,12,10,044,12/12/10/044,"OPEN SPACE MECHANIC WORKSHOP, UNUERU JUNCTION OFF FIRST EAST CIRCULAR RD",Unueru/Ogboka,Oredo
EDO,12,10,12,12,10,045,12/12/10/045,OPEN SPACE THIRD UNUERU LANE OFF FIRST EAST CIRCULAR RD,Unueru/Ogboka,Oredo
EDO,12,10,12,12,10,046,12/12/10/046,"OPEN SPACE ST,JOSEPH CATHOLIC CHURCH JUNCTION  OFF FIRST EAST CIRCULAR ROAD",Unueru/Ogboka,Oredo
EDO,12,10,12,12,10,000,12/12/10/000,12/12/10/000,Unueru/Ogboka,Oredo
EDO,12,11,12,12,11,001,12/12/11/001,"OGBELAKA I,  IMAGUERO COLLEGE I",Ogbelaka/ Nekpenekpen,Oredo
EDO,12,11,12,12,11,002,12/12/11/002,"OGBELAKA  I,  IMAGUERO COLLEGE II",Ogbelaka/ Nekpenekpen,Oredo
EDO,12,11,12,12,11,003,12/12/11/003,"OGBELAKA I,  IMAGUERO COLLEGE III",Ogbelaka/ Nekpenekpen,Oredo
EDO,12,11,12,12,11,004,12/12/11/004,"OGBELAKA I,  IMAGUERO COLLEGE IV",Ogbelaka/ Nekpenekpen,Oredo
EDO,12,11,12,12,11,005,12/12/11/005,"OGBELAKA II,  OREDO GIRLS SC. SCHOOL I",Ogbelaka/ Nekpenekpen,Oredo
EDO,12,11,12,12,11,006,12/12/11/006,"OGBELAKA II,  OREDO GIRLS SC. SCHOOL II",Ogbelaka/ Nekpenekpen,Oredo
EDO,12,11,12,12,11,007,12/12/11/007,"OGBELAKA II,  OREDO GIRLS SC. SCHOOL III",Ogbelaka/ Nekpenekpen,Oredo
EDO,12,11,12,12,11,008,12/12/11/008,"OGBELAKA II,  OREDO GIRLS SC. SCHOOL IV",Ogbelaka/ Nekpenekpen,Oredo
EDO,12,11,12,12,11,009,12/12/11/009,"OGBELAKA III,  ARINZE PRIMARY SCHOOL I",Ogbelaka/ Nekpenekpen,Oredo
EDO,12,11,12,12,11,010,12/12/11/010,"OGBELAKA III,  ARINZE PRIMARY SCHOOL II",Ogbelaka/ Nekpenekpen,Oredo
EDO,12,11,12,12,11,011,12/12/11/011,"OGBELAKA III,  ARINZE PRIMARY SCHOOL III",Ogbelaka/ Nekpenekpen,Oredo
EDO,12,11,12,12,11,012,12/12/11/012,"OGBELAKA III,  ARINZE PRIMARY SCHOOL   IV",Ogbelaka/ Nekpenekpen,Oredo
EDO,12,11,12,12,11,013,12/12/11/013,"OGBELAKA II, I ARINZE PRIMARY SCHOOL   V",Ogbelaka/ Nekpenekpen,Oredo
EDO,12,11,12,12,11,014,12/12/11/014,"OGBELAKA III , ARINZE PRIMARY SCHOOL  VI",Ogbelaka/ Nekpenekpen,Oredo
EDO,12,11,12,12,11,015,12/12/11/015,"OGBELAKA III,  ARINZE PRIMARY SCHOOL VII",Ogbelaka/ Nekpenekpen,Oredo
EDO,12,11,12,12,11,016,12/12/11/016,"OGBELAKA III,  ARINZE PRIMARY SCHOOL  VIII",Ogbelaka/ Nekpenekpen,Oredo
EDO,12,11,12,12,11,017,12/12/11/017,"ISIEMWENRO,  B.D.P.A. PREMISES I",Ogbelaka/ Nekpenekpen,Oredo
EDO,12,11,12,12,11,018,12/12/11/018,"ISIEMWENRO,  B.D.P.A. PREMISES II",Ogbelaka/ Nekpenekpen,Oredo
EDO,12,11,12,12,11,019,12/12/11/019,"ISIEMWENRO,  B.D.P.A. PREMISES III",Ogbelaka/ Nekpenekpen,Oredo
EDO,12,11,12,12,11,020,12/12/11/020,"ISIEMWENRO ,  B.D.P.A. PREMISES IV",Ogbelaka/ Nekpenekpen,Oredo
EDO,12,11,12,12,11,021,12/12/11/021,"ISIEMWENRO, B.D.P.A. PREMISES V",Ogbelaka/ Nekpenekpen,Oredo
EDO,12,11,12,12,11,022,12/12/11/022,"UHUNMUDUMU I,  OHUOBA PRIMARY SCHOOL I",Ogbelaka/ Nekpenekpen,Oredo
EDO,12,11,12,12,11,023,12/12/11/023,"UHUNMUDUMU I,  OHUOBA PRIMARY SCHOOL  II",Ogbelaka/ Nekpenekpen,Oredo
EDO,12,11,12,12,11,024,12/12/11/024,"UHUNMUDUMU I,  OHUOBA PRIMARY SCHOOL  III",Ogbelaka/ Nekpenekpen,Oredo
EDO,12,11,12,12,11,025,12/12/11/025,"UHUNMUDUMU I,  OHUOBA PRIMARY SCHOOL IV",Ogbelaka/ Nekpenekpen,Oredo
EDO,12,11,12,12,11,026,12/12/11/026,"UHUNMUDUMU I,  OHUOBA PRIMARY SCHOOL V",Ogbelaka/ Nekpenekpen,Oredo
EDO,12,11,12,12,11,027,12/12/11/027,"UHUNMUDUMU,   II I.C.C.-  I",Ogbelaka/ Nekpenekpen,Oredo
EDO,12,11,12,12,11,028,12/12/11/028,"UHUNMUDUMU,   II I.C.C.  -II",Ogbelaka/ Nekpenekpen,Oredo
EDO,12,11,12,12,11,029,12/12/11/029,UHUNMUDUMU  II I.C.C. - III,Ogbelaka/ Nekpenekpen,Oredo
EDO,12,11,12,12,11,030,12/12/11/030,"UHUNMUDUMU III, IGUODALA PRY.  SCH. I",Ogbelaka/ Nekpenekpen,Oredo
EDO,12,11,12,12,11,031,12/12/11/031,"UHUNMUDUMU III,  IGUODALA PRY. SCH. II",Ogbelaka/ Nekpenekpen,Oredo
EDO,12,11,12,12,11,032,12/12/11/032,"UHUNMUDUMU III,  IGUODALA PRY.  SCH. III",Ogbelaka/ Nekpenekpen,Oredo
EDO,12,11,12,12,11,033,12/12/11/033,OPEN SPACE - EKI-OSA STREET JUNCTION BY EVBARUNEGBEFU STREET,Ogbelaka/ Nekpenekpen,Oredo
EDO,12,11,12,12,11,034,12/12/11/034,OPEN SPACE -THE STREET BETWEEN EVBARUNEGBEFU LANE  (BEHIND EKI - OSA  MARKET),Ogbelaka/ Nekpenekpen,Oredo
EDO,12,11,12,12,11,035,12/12/11/035,OPEN SPACE - LUCKY WAY STREET BEHIND EKI-OSA MARKET,Ogbelaka/ Nekpenekpen,Oredo
EDO,12,11,12,12,11,036,12/12/11/036,OPEN SPACE -OGBENEDE STREET JUNTION,Ogbelaka/ Nekpenekpen,Oredo
EDO,12,11,12,12,11,037,12/12/11/037,OPEN SPACE - OSARIEMEN STREET,Ogbelaka/ Nekpenekpen,Oredo
EDO,12,11,12,12,11,038,12/12/11/038,OPEN SPACE -UWA STREET JUNCTION OFF MM WAY,Ogbelaka/ Nekpenekpen,Oredo
EDO,12,11,12,12,11,039,12/12/11/039,OPEN SPACE - OYENMWONSA STREET  JUNCTION OFF MM WAY,Ogbelaka/ Nekpenekpen,Oredo
EDO,12,11,12,12,11,040,12/12/11/040,OPEN SPACE -WISDOM STREET JUNCTION OFF MM WAY,Ogbelaka/ Nekpenekpen,Oredo
EDO,12,11,12,12,11,041,12/12/11/041,OPEN SPACE -OTAMERE  LANE JUNCTION,Ogbelaka/ Nekpenekpen,Oredo
EDO,12,11,12,12,11,042,12/12/11/042,OPEN SPACE -ARINZE SCHOOL COMPOUND,Ogbelaka/ Nekpenekpen,Oredo
EDO,12,11,12,12,11,043,12/12/11/043,OPEN SPACE -AWO STREET JUNCTION OFF SECOND,Ogbelaka/ Nekpenekpen,Oredo
EDO,12,11,12,12,11,044,12/12/11/044,OPEN SPACE -AWO LANE JUNCTION OFF OMORUYI STREET,Ogbelaka/ Nekpenekpen,Oredo
EDO,12,11,12,12,11,000,12/12/11/000,12/12/11/000,Ogbelaka/ Nekpenekpen,Oredo
EDO,12,12,12,12,12,001,12/12/12/001,"IBIWE  I,  OBA MKT. PREMISES I",Ibiwe/ Iwegie/ Ugbague,Oredo
EDO,12,12,12,12,12,002,12/12/12/002,"IBIWE  I,  OBA MKT. PREMISES II",Ibiwe/ Iwegie/ Ugbague,Oredo
EDO,12,12,12,12,12,003,12/12/12/003,"IBIWE  I,  OBA MKT. PREMISES III",Ibiwe/ Iwegie/ Ugbague,Oredo
EDO,12,12,12,12,12,004,12/12/12/004,"IBIWE  I, OBA MKT. PREMISES IV",Ibiwe/ Iwegie/ Ugbague,Oredo
EDO,12,12,12,12,12,005,12/12/12/005,"IBIWE I, OBA MKT PREMISES V",Ibiwe/ Iwegie/ Ugbague,Oredo
EDO,12,12,12,12,12,006,12/12/12/006,IBIWE  I  OBA MKT. PREMISES VI,Ibiwe/ Iwegie/ Ugbague,Oredo
EDO,12,12,12,12,12,007,12/12/12/007,UGBAGUE  I FIRE SERVICES (FORESTRY) IUGBAGUE I -,Ibiwe/ Iwegie/ Ugbague,Oredo
EDO,12,12,12,12,12,008,12/12/12/008,UGBAGUE  I FIRE SERVICES (FORESTRY) IIUGBAGUE I -,Ibiwe/ Iwegie/ Ugbague,Oredo
EDO,12,12,12,12,12,009,12/12/12/009,UGBAGUE  I FIRE SERVICES (FORESTRY) IIIUGBAGUE I -,Ibiwe/ Iwegie/ Ugbague,Oredo
EDO,12,12,12,12,12,010,12/12/12/010,UGBAGUE  I FIRE SERVICES (FORESTRY) IVUGBAGUE I -,Ibiwe/ Iwegie/ Ugbague,Oredo
EDO,12,12,12,12,12,011,12/12/12/011,UGBAGUE  I FIRE SERVICES (FORESTRY) VUGBAGUE I -,Ibiwe/ Iwegie/ Ugbague,Oredo
EDO,12,12,12,12,12,012,12/12/12/012,UGBAGUE  I FIRE SERVICES (FORESTRY) VIUGBAGUE I -,Ibiwe/ Iwegie/ Ugbague,Oredo
EDO,12,12,12,12,12,013,12/12/12/013,UGBAGUE  I FIRE SERVICES (FORESTRY) VIIUGBAGUE I -,Ibiwe/ Iwegie/ Ugbague,Oredo
EDO,12,12,12,12,12,014,12/12/12/014,UGBAGUE  I FIRE SERVICES (FORESTRY) VIIIUGBAGUE I -,Ibiwe/ Iwegie/ Ugbague,Oredo
EDO,12,12,12,12,12,015,12/12/12/015,UGBAGUE  I FIRE SERVICES (FORESTRY) IX,Ibiwe/ Iwegie/ Ugbague,Oredo
EDO,12,12,12,12,12,016,12/12/12/016,UGBAGUE  I FIRE SERVICES (FORESTRY) XUGBAGUE I -,Ibiwe/ Iwegie/ Ugbague,Oredo
EDO,12,12,12,12,12,017,12/12/12/017,UGBAGUE  I FIRE SERVICES (FORESTRY) XIUGBAGUE I -,Ibiwe/ Iwegie/ Ugbague,Oredo
EDO,12,12,12,12,12,018,12/12/12/018,UGBAGUE  I FIRE SERVICES (FORESTRY) XIIUGBAGUE I -,Ibiwe/ Iwegie/ Ugbague,Oredo
EDO,12,12,12,12,12,019,12/12/12/019,UGBAGUE  I FIRE SERVICES (FORESTRY) XIIIUGBAGUE I -,Ibiwe/ Iwegie/ Ugbague,Oredo
EDO,12,12,12,12,12,020,12/12/12/020,UGBAGUE  I FIRE SERVICES (FORESTRY)  XIVUGBAGUE I -,Ibiwe/ Iwegie/ Ugbague,Oredo
EDO,12,12,12,12,12,021,12/12/12/021,"IWEGIE  I, AGBADO PRIMARY SCHOOL  I",Ibiwe/ Iwegie/ Ugbague,Oredo
EDO,12,12,12,12,12,022,12/12/12/022,"IWEGIE  I, AGBADO PRIMARY SCHOOL  II",Ibiwe/ Iwegie/ Ugbague,Oredo
EDO,12,12,12,12,12,023,12/12/12/023,"IWEGIE  I, AGBADO PRIMARY SCHOOL  III",Ibiwe/ Iwegie/ Ugbague,Oredo
EDO,12,12,12,12,12,024,12/12/12/024,"IWEGIE  I, AGBADO PRIMARY SCHOOL  IV",Ibiwe/ Iwegie/ Ugbague,Oredo
EDO,12,12,12,12,12,025,12/12/12/025,"IWEGIE  I, AGBADO PRIMARY SCHOOL V",Ibiwe/ Iwegie/ Ugbague,Oredo
EDO,12,12,12,12,12,026,12/12/12/026,"IWEGIE  I, AGBADO PRIMARY SCHOOL VI",Ibiwe/ Iwegie/ Ugbague,Oredo
EDO,12,12,12,12,12,027,12/12/12/027,"IWEGIE,  AGBADO PRIMARY SCHOOL I",Ibiwe/ Iwegie/ Ugbague,Oredo
EDO,12,12,12,12,12,028,12/12/12/028,"IWEGIE,  AGBADO PRIMARY SCHOOL II",Ibiwe/ Iwegie/ Ugbague,Oredo
EDO,12,12,12,12,12,029,12/12/12/029,"IWEGIE,  AGBADO PRIMARY SCHOOL III",Ibiwe/ Iwegie/ Ugbague,Oredo
EDO,12,12,12,12,12,030,12/12/12/030,"IWEGIE,  AGBADO PRIMARY SCHOOL IV",Ibiwe/ Iwegie/ Ugbague,Oredo
EDO,12,12,12,12,12,031,12/12/12/031,OPEN SPACE -OBA MARKET  IKPENEDE JUNCTION,Ibiwe/ Iwegie/ Ugbague,Oredo
EDO,12,12,12,12,12,032,12/12/12/032,JUDICIARY COURT OF APPEAL,Ibiwe/ Iwegie/ Ugbague,Oredo
EDO,12,12,12,12,12,033,12/12/12/033,OPEN SPACE - BUTCHER STREET JUNCTION,Ibiwe/ Iwegie/ Ugbague,Oredo
EDO,12,12,12,12,12,034,12/12/12/034,OPEN SPACE - NEPA LANE JUNCTION,Ibiwe/ Iwegie/ Ugbague,Oredo
EDO,12,12,12,12,12,035,12/12/12/035,OPEN SPACE -UGBGUE LANE JUNCTION,Ibiwe/ Iwegie/ Ugbague,Oredo
EDO,12,12,12,12,12,036,12/12/12/036,OPEN SPACE - IWEGIE STREET JUNCTION,Ibiwe/ Iwegie/ Ugbague,Oredo
EDO,12,12,12,12,12,037,12/12/12/037,OPEN SPACE - JAMES WATT JUNCTION BY FORESTRY ROAD,Ibiwe/ Iwegie/ Ugbague,Oredo
EDO,12,12,12,12,12,038,12/12/12/038,OPEN SPACE-  IRHREMILA STREET JUNCTION BY COOKE ROAD,Ibiwe/ Iwegie/ Ugbague,Oredo
EDO,12,12,12,12,12,039,12/12/12/039,OPEN SPACE BY  OGHOGHO STREET JUNCTION BY MUYI LINE,Ibiwe/ Iwegie/ Ugbague,Oredo
EDO,12,12,12,12,12,040,12/12/12/040,OPEN SPACE-  DOWNSON JUNCTION BY AKPAKPAVA ROAD,Ibiwe/ Iwegie/ Ugbague,Oredo
EDO,12,12,12,12,12,041,12/12/12/041,OPEN SPACE - JAMES WATT STREET JUNCTION BY AKPAKPAVA ROAD,Ibiwe/ Iwegie/ Ugbague,Oredo
EDO,12,12,12,12,12,042,12/12/12/042,NIGERIAN POSTAL SERVICE,Ibiwe/ Iwegie/ Ugbague,Oredo
EDO,12,12,12,12,12,043,12/12/12/043,OPEN SPACE- IBIWE JUNCTION BY OBA MARKET ROAD,Ibiwe/ Iwegie/ Ugbague,Oredo
EDO,12,12,12,12,12,044,12/12/12/044,OPEN SPACE - EBO STREET JUNCTION BY IBIWE,Ibiwe/ Iwegie/ Ugbague,Oredo
EDO,12,12,12,12,12,045,12/12/12/045,OPEN SPACE - OMO STREET JUNCTION BY MISSION ROAD,Ibiwe/ Iwegie/ Ugbague,Oredo
EDO,12,12,12,12,12,000,12/12/12/000,12/12/12/000,Ibiwe/ Iwegie/ Ugbague,Oredo
EDO,13,01,12,13,01,001,12/13/01/001,"OBASEKI PRIMARY SCHOOL,  ABUDU I",Aibiokunla I,Orhionmwon
EDO,13,01,12,13,01,002,12/13/01/002,"OBASEKI PRIMARY SCHOOL,  ABUDU II",Aibiokunla I,Orhionmwon
EDO,13,01,12,13,01,003,12/13/01/003,"OBASEKI PRIMARY SCHOOL , ABUDU  III",Aibiokunla I,Orhionmwon
EDO,13,01,12,13,01,004,12/13/01/004,AGO-OGBEIDE VILLAGE HALL,Aibiokunla I,Orhionmwon
EDO,13,01,12,13,01,005,12/13/01/005,"ESIGIE COLLEGE,  ABUDU I",Aibiokunla I,Orhionmwon
EDO,13,01,12,13,01,006,12/13/01/006,"ESIGIE COLLEGE,  ABUDU II",Aibiokunla I,Orhionmwon
EDO,13,01,12,13,01,007,12/13/01/007,"EVBOBANOSA P/S,  EVBOBANOSA I",Aibiokunla I,Orhionmwon
EDO,13,01,12,13,01,008,12/13/01/008,"EVBOBANOSA P/S,  EVBOBANOSA II",Aibiokunla I,Orhionmwon
EDO,13,01,12,13,01,009,12/13/01/009,"UWEMUWE P/S,  UWEMUWE",Aibiokunla I,Orhionmwon
EDO,13,01,12,13,01,010,12/13/01/010,"LICY P/S,OSSIOMO",Aibiokunla I,Orhionmwon
EDO,13,01,12,13,01,011,12/13/01/011,"ALOPHANME CITY HALL, OSSIOMO",Aibiokunla I,Orhionmwon
EDO,13,01,12,13,01,012,12/13/01/012,"EWUARE P/S, OGAN I",Aibiokunla I,Orhionmwon
EDO,13,01,12,13,01,013,12/13/01/013,"EWUARE P/S, OGAN II",Aibiokunla I,Orhionmwon
EDO,13,01,12,13,01,014,12/13/01/014,"EWUARE P/S, OGAN III",Aibiokunla I,Orhionmwon
EDO,13,01,12,13,01,015,12/13/01/015,"AREA CUSTOMARY COURT, ABUDU",Aibiokunla I,Orhionmwon
EDO,13,01,12,13,01,016,12/13/01/016,ABUDU PRIMARY HEALTH CARE CENTER,Aibiokunla I,Orhionmwon
EDO,13,01,12,13,01,017,12/13/01/017,"POST OFFICE, ABUDU",Aibiokunla I,Orhionmwon
EDO,13,01,12,13,01,018,12/13/01/018,"OPEN SPACE BY OZA ROAD JUNCTION, AGO-OGBEIDE QUARTERS",Aibiokunla I,Orhionmwon
EDO,13,01,12,13,01,019,12/13/01/019,"GIRLS MODEL SEC. SCH, ABUDU I",Aibiokunla I,Orhionmwon
EDO,13,01,12,13,01,020,12/13/01/020,"GIRLS MODEL SEC SCH, ABUDU II",Aibiokunla I,Orhionmwon
EDO,13,01,12,13,01,021,12/13/01/021,"EDO STATE COLLEGE OF EDUCATION ABUDU, LECTURE HALL I",Aibiokunla I,Orhionmwon
EDO,13,01,12,13,01,022,12/13/01/022,"EDO STATE COLLEGE OF EDUCATION ABUDU, SPACE UNDER MANGO TREE - BEHIND LIBRARY",Aibiokunla I,Orhionmwon
EDO,13,01,12,13,01,023,12/13/01/023,EVBOBANOSA TOWN HALL,Aibiokunla I,Orhionmwon
EDO,13,01,12,13,01,024,12/13/01/024,EVBOBANOSA PRIMARY HEALTH CENTRE,Aibiokunla I,Orhionmwon
EDO,13,01,12,13,01,025,12/13/01/025,"OGAN PRIMARY HEALTH CENTRE, OGAN",Aibiokunla I,Orhionmwon
EDO,13,01,12,13,01,000,12/13/01/000,12/13/01/000,Aibiokunla I,Orhionmwon
EDO,13,02,12,13,02,001,12/13/02/001,"EVBOHEN P/S, EVBOHEN",Aibiokunla Ii,Orhionmwon
EDO,13,02,12,13,02,002,12/13/02/002,"IRU P/S, IRU I",Aibiokunla Ii,Orhionmwon
EDO,13,02,12,13,02,003,12/13/02/003,"IRU P/S, IRU II",Aibiokunla Ii,Orhionmwon
EDO,13,02,12,13,02,004,12/13/02/004,"IRU P/S, IRU III",Aibiokunla Ii,Orhionmwon
EDO,13,02,12,13,02,005,12/13/02/005,"IGUEHENZA P/S,  IGUEHENZA",Aibiokunla Ii,Orhionmwon
EDO,13,02,12,13,02,006,12/13/02/006,"ODIONZA P/S, OZA",Aibiokunla Ii,Orhionmwon
EDO,13,02,12,13,02,007,12/13/02/007,"ODIONZA P/S, EGUEHENZA",Aibiokunla Ii,Orhionmwon
EDO,13,02,12,13,02,008,12/13/02/008,"OZA P/S, OZA I",Aibiokunla Ii,Orhionmwon
EDO,13,02,12,13,02,009,12/13/02/009,"OZA P/S, OZA  II",Aibiokunla Ii,Orhionmwon
EDO,13,02,12,13,02,010,12/13/02/010,"OZA P/S, OZA  III",Aibiokunla Ii,Orhionmwon
EDO,13,02,12,13,02,011,12/13/02/011,"OZA P/S, OZA   IV",Aibiokunla Ii,Orhionmwon
EDO,13,02,12,13,02,012,12/13/02/012,"OZA P/S, OZA  V",Aibiokunla Ii,Orhionmwon
EDO,13,02,12,13,02,013,12/13/02/013,"OPEN SPACE BY COMMUNITY BOREHOLE, EVBOHEN",Aibiokunla Ii,Orhionmwon
EDO,13,02,12,13,02,014,12/13/02/014,"IRU TOWN HALL, IRU",Aibiokunla Ii,Orhionmwon
EDO,13,02,12,13,02,015,12/13/02/015,"ODIONZA P/S, OZA",Aibiokunla Ii,Orhionmwon
EDO,13,02,12,13,02,016,12/13/02/016,"OHENSA TOWN HALL, OZA",Aibiokunla Ii,Orhionmwon
EDO,13,02,12,13,02,017,12/13/02/017,"NEW HEALTH CENTRE ALONG EVBOANOSA-IGBANKE RD, OZA",Aibiokunla Ii,Orhionmwon
EDO,13,02,12,13,02,018,12/13/02/018,"NEW TOWN HALL BY POSTAL AGENCY, OZA",Aibiokunla Ii,Orhionmwon
EDO,13,02,12,13,02,019,12/13/02/019,"OZA PRIMARY HEALTH CENTER, BEHIND MARKET, OZA",Aibiokunla Ii,Orhionmwon
EDO,13,02,12,13,02,020,12/13/02/020,"OZA GRAMMAR SCH STAFF QTRS, OZA",Aibiokunla Ii,Orhionmwon
EDO,13,02,12,13,02,021,12/13/02/021,"OZA GRAMMAR SCHOOL, OZA",Aibiokunla Ii,Orhionmwon
EDO,13,02,12,13,02,022,12/13/02/022,"OPEN SPACE BY FORMER MODERN SCHOOL, OZA",Aibiokunla Ii,Orhionmwon
EDO,13,02,12,13,02,000,12/13/02/000,12/13/02/000,Aibiokunla Ii,Orhionmwon
EDO,13,03,12,13,03,001,12/13/03/001,ELAKA P/S. IDUNMUNLAKA  I,Ugbeka,Orhionmwon
EDO,13,03,12,13,03,002,12/13/03/002,ELAKA P/S. IDUNMUNLAKA   II,Ugbeka,Orhionmwon
EDO,13,03,12,13,03,003,12/13/03/003,"UGBEKA COLLEGE, EVBOEHIGHE  I",Ugbeka,Orhionmwon
EDO,13,03,12,13,03,004,12/13/03/004,"UGBEKA COLLEGE, EVBOEHIGHE  II",Ugbeka,Orhionmwon
EDO,13,03,12,13,03,005,12/13/03/005,"EVBOEGHAE P/S,  EVBOEGHAE I",Ugbeka,Orhionmwon
EDO,13,03,12,13,03,006,12/13/03/006,"EVBOEGHAE P/S,  EVBOEGHAE  II",Ugbeka,Orhionmwon
EDO,13,03,12,13,03,007,12/13/03/007,EGUAOGIEGHAE TOWN HALL,Ugbeka,Orhionmwon
EDO,13,03,12,13,03,008,12/13/03/008,"OKUOR P/S, OKUOR I",Ugbeka,Orhionmwon
EDO,13,03,12,13,03,009,12/13/03/009,"OKUOR P/S, OKUOR  II",Ugbeka,Orhionmwon
EDO,13,03,12,13,03,010,12/13/03/010,"IDUNMWONGO P/S,  IDUNMWONGO",Ugbeka,Orhionmwon
EDO,13,03,12,13,03,011,12/13/03/011,"OTOBAYE P/S, OTOBAYE",Ugbeka,Orhionmwon
EDO,13,03,12,13,03,012,12/13/03/012,"OHEZE P/S, UTE - OTEZE  I",Ugbeka,Orhionmwon
EDO,13,03,12,13,03,013,12/13/03/013,"OHEZE P/S, UTE - OTEZE  II",Ugbeka,Orhionmwon
EDO,13,03,12,13,03,014,12/13/03/014,"ADOLO P/S, OHEZE - NAKA  I",Ugbeka,Orhionmwon
EDO,13,03,12,13,03,015,12/13/03/015,"ADOLO P/S, OHEZE - NAKA   II",Ugbeka,Orhionmwon
EDO,13,03,12,13,03,016,12/13/03/016,"OLOTEN P/S, OLOTEN, OLOTEN  I",Ugbeka,Orhionmwon
EDO,13,03,12,13,03,017,12/13/03/017,"OLOTEN P/SCH. OLOTEN, OLOTEN  II",Ugbeka,Orhionmwon
EDO,13,03,12,13,03,018,12/13/03/018,EVBOMEDE P/SCH.  EVBOMEDE,Ugbeka,Orhionmwon
EDO,13,03,12,13,03,019,12/13/03/019,"USON P/SCH.,  USON",Ugbeka,Orhionmwon
EDO,13,03,12,13,03,020,12/13/03/020,"AMAS VILLAGE HALL,  AMAS",Ugbeka,Orhionmwon
EDO,13,03,12,13,03,021,12/13/03/021,"OBAGIE P/SCH.,  OBAGIE",Ugbeka,Orhionmwon
EDO,13,03,12,13,03,022,12/13/03/022,UTE-OHEZE PRIMARY HEALTH CARE CENTER,Ugbeka,Orhionmwon
EDO,13,03,12,13,03,000,12/13/03/000,12/13/03/000,Ugbeka,Orhionmwon
EDO,13,04,12,13,04,001,12/13/04/001,"EVBOBEMWEN P/SCH.,  EVBOBEMWEN  I",Iyoba,Orhionmwon
EDO,13,04,12,13,04,002,12/13/04/002,"EVBOBEMWEN P/SCH., EVBOBEMWEN   II",Iyoba,Orhionmwon
EDO,13,04,12,13,04,003,12/13/04/003,"EVBOBEMWEN P/SCH.,  EVBOBEMWEN III",Iyoba,Orhionmwon
EDO,13,04,12,13,04,004,12/13/04/004,"EVBOKABUA P/SCHOL,  EVBOKABUA  I",Iyoba,Orhionmwon
EDO,13,04,12,13,04,005,12/13/04/005,"EVBOKABUA P/SCHOOL,  EVBOKABUA   II",Iyoba,Orhionmwon
EDO,13,04,12,13,04,006,12/13/04/006,"EVBOKABUA P/SCHOOL,  EVBOKABUA    III",Iyoba,Orhionmwon
EDO,13,04,12,13,04,007,12/13/04/007,"EVBOKABUA P/SCHOOL,  EVBOKABUA IV",Iyoba,Orhionmwon
EDO,13,04,12,13,04,008,12/13/04/008,"EVBOKABUA P/SCHOOL,  EVBOKABUA  V",Iyoba,Orhionmwon
EDO,13,04,12,13,04,009,12/13/04/009,"EVBOKABUAP/SCHOOL,  EVBOKABUA  VI",Iyoba,Orhionmwon
EDO,13,04,12,13,04,010,12/13/04/010,OTOBAYE II VILLAGE HALL I,Iyoba,Orhionmwon
EDO,13,04,12,13,04,011,12/13/04/011,OTOBAYE II VILLAGE HALL  II,Iyoba,Orhionmwon
EDO,13,04,12,13,04,012,12/13/04/012,UGBOKHIRIMA P/SCHOOL I,Iyoba,Orhionmwon
EDO,13,04,12,13,04,013,12/13/04/013,UGBOKHIRIMA P/SCHOOL  II,Iyoba,Orhionmwon
EDO,13,04,12,13,04,014,12/13/04/014,"EGBOKOR P/SCH.,  EGBOKOR I",Iyoba,Orhionmwon
EDO,13,04,12,13,04,015,12/13/04/015,"EGBOKOR P/SCH.,  EGBOKOR  II",Iyoba,Orhionmwon
EDO,13,04,12,13,04,016,12/13/04/016,"EVBOKABUA TOWN HALL, EVBOKABUA",Iyoba,Orhionmwon
EDO,13,04,12,13,04,017,12/13/04/017,EVBOKABUA PRIMARY HEALTH CARE CENTER,Iyoba,Orhionmwon
EDO,13,04,12,13,04,018,12/13/04/018,EGBOKOR COMMUNITY TOWN HALL,Iyoba,Orhionmwon
EDO,13,04,12,13,04,000,12/13/04/000,12/13/04/000,Iyoba,Orhionmwon
EDO,13,05,12,13,05,001,12/13/05/001,"ADANAKO P/SCHOOL,  UGO",Ugboko,Orhionmwon
EDO,13,05,12,13,05,002,12/13/05/002,"OLD COUNCIL HALL, UGO",Ugboko,Orhionmwon
EDO,13,05,12,13,05,003,12/13/05/003,"OLD DISPENSARY,  UGO",Ugboko,Orhionmwon
EDO,13,05,12,13,05,004,12/13/05/004,"UGBUKUEN P/SCHOOL , UGO I",Ugboko,Orhionmwon
EDO,13,05,12,13,05,005,12/13/05/005,"UGBUKUEN P/SCHOOL,  UGO  II",Ugboko,Orhionmwon
EDO,13,05,12,13,05,006,12/13/05/006,"IBIEGUAE VILLAGE SQUARE, UGO",Ugboko,Orhionmwon
EDO,13,05,12,13,05,007,12/13/05/007,UGBUGO P/SCHOOL UGBUGO I,Ugboko,Orhionmwon
EDO,13,05,12,13,05,008,12/13/05/008,UGBUGO TOWN HALL I,Ugboko,Orhionmwon
EDO,13,05,12,13,05,009,12/13/05/009,"UGBUGO P/SCHOOL,  UGBUGO II",Ugboko,Orhionmwon
EDO,13,05,12,13,05,010,12/13/05/010,"UGBUGO,  UGBUGO TOWN HALL II",Ugboko,Orhionmwon
EDO,13,05,12,13,05,011,12/13/05/011,"UGBOKO NIRO P/SCH. , UGBOKO NIRO I",Ugboko,Orhionmwon
EDO,13,05,12,13,05,012,12/13/05/012,"UGBOKO NIRO P/SCH. , UGBOKO NIRO  II",Ugboko,Orhionmwon
EDO,13,05,12,13,05,013,12/13/05/013,"UGBOKONIRO P/SCH. , UGBOKO NIRO  III",Ugboko,Orhionmwon
EDO,13,05,12,13,05,014,12/13/05/014,"IKPEBA CAMP HALL, IKPEBA CAMP",Ugboko,Orhionmwon
EDO,13,05,12,13,05,015,12/13/05/015,"OBOZOGBE- NIRO P/SCH. , UGBOKO - NIRO  I",Ugboko,Orhionmwon
EDO,13,05,12,13,05,016,12/13/05/016,"OBOZOGBE- NIRO P/SCH. , UGBOKO - NIRO  II",Ugboko,Orhionmwon
EDO,13,05,12,13,05,017,12/13/05/017,OBOZOGBE- NIRO P/SCH. UGBOKO - NIRO  III,Ugboko,Orhionmwon
EDO,13,05,12,13,05,018,12/13/05/018,"OBOZOGBE- NIRO P/SCH. , UGBOKO - NIRO  IV",Ugboko,Orhionmwon
EDO,13,05,12,13,05,019,12/13/05/019,OBOZOGBE NIRO P/SCH. UGBOKO - NIRO  V,Ugboko,Orhionmwon
EDO,13,05,12,13,05,020,12/13/05/020,UGBOKO-NUMAGBAE P/SCH. UGBOKO NUMAGBAE  I,Ugboko,Orhionmwon
EDO,13,05,12,13,05,021,12/13/05/021,"UGBOKO-NUMAGBAE P/SCH.,  UGBOKO NUMAGBAE   II",Ugboko,Orhionmwon
EDO,13,05,12,13,05,022,12/13/05/022,"OTELEKU CAMP HALL,  OTELEKU",Ugboko,Orhionmwon
EDO,13,05,12,13,05,023,12/13/05/023,"IDUNMEKE TOWN HALL, IDUNMEKE I",Ugboko,Orhionmwon
EDO,13,05,12,13,05,024,12/13/05/024,"IDUNMEKE TOWN HALL, IDUNMEKE  II",Ugboko,Orhionmwon
EDO,13,05,12,13,05,025,12/13/05/025,UGBIGHELE P/SCHOOL,Ugboko,Orhionmwon
EDO,13,05,12,13,05,026,12/13/05/026,IGUODODO P/SCHOOL,Ugboko,Orhionmwon
EDO,13,05,12,13,05,027,12/13/05/027,"ESO P/SCHOOL,  IDUMEBO I",Ugboko,Orhionmwon
EDO,13,05,12,13,05,028,12/13/05/028,"ESO P/SCHOOL,  IDUMEBO  II",Ugboko,Orhionmwon
EDO,13,05,12,13,05,029,12/13/05/029,UGO SKILL ACQUISITION CENTRE,Ugboko,Orhionmwon
EDO,13,05,12,13,05,030,12/13/05/030,UGO HEALTH CENTER,Ugboko,Orhionmwon
EDO,13,05,12,13,05,031,12/13/05/031,"ST JOHN BOSCO CATHOLIC COLLEGE, UGO",Ugboko,Orhionmwon
EDO,13,05,12,13,05,032,12/13/05/032,"UGO MARKET, UGO",Ugboko,Orhionmwon
EDO,13,05,12,13,05,033,12/13/05/033,"FAMILY HEALTH CENTER, IGUODODO",Ugboko,Orhionmwon
EDO,13,05,12,13,05,000,12/13/05/000,12/13/05/000,Ugboko,Orhionmwon
EDO,13,06,12,13,06,001,12/13/06/001,"OKOGBO P/SCHOOL,  OKOGBO  I",Ukpato,Orhionmwon
EDO,13,06,12,13,06,002,12/13/06/002,"OKOGBO P/SCHOOL,  OKOGBO  II",Ukpato,Orhionmwon
EDO,13,06,12,13,06,003,12/13/06/003,EVBUEHIA VILLAE HALL,Ukpato,Orhionmwon
EDO,13,06,12,13,06,004,12/13/06/004,"IGUERE P/SCHOOL,  IGUERE  I",Ukpato,Orhionmwon
EDO,13,06,12,13,06,005,12/13/06/005,"IGUERE P/SCHOOL,  IGUERE  II",Ukpato,Orhionmwon
EDO,13,06,12,13,06,006,12/13/06/006,AVBIUGO PRIMARY SCHOOL,Ukpato,Orhionmwon
EDO,13,06,12,13,06,007,12/13/06/007,AGOWIE VILLAGE HALL,Ukpato,Orhionmwon
EDO,13,06,12,13,06,008,12/13/06/008,EVBARHUE P/SCHOOL EVBARHUE,Ukpato,Orhionmwon
EDO,13,06,12,13,06,009,12/13/06/009,IDU CITY HALL,Ukpato,Orhionmwon
EDO,13,06,12,13,06,010,12/13/06/010,IDUNMUMOWINA P/SCHOOL IDUNM-OWINA  I,Ukpato,Orhionmwon
EDO,13,06,12,13,06,011,12/13/06/011,"IDUNMUMOWINA P/SCHOOL,  IDUNM-OWINA   II",Ukpato,Orhionmwon
EDO,13,06,12,13,06,012,12/13/06/012,"IGBEKHUE P/SCHOOL,  IDUNMU-OWINA",Ukpato,Orhionmwon
EDO,13,06,12,13,06,013,12/13/06/013,"FORESTRY HALL , SAKPONBA",Ukpato,Orhionmwon
EDO,13,06,12,13,06,014,12/13/06/014,ONA TOWN HALL,Ukpato,Orhionmwon
EDO,13,06,12,13,06,015,12/13/06/015,PAMOL ESTATE HALL  I,Ukpato,Orhionmwon
EDO,13,06,12,13,06,016,12/13/06/016,PAMOL ESTATE HALL  II,Ukpato,Orhionmwon
EDO,13,06,12,13,06,017,12/13/06/017,PAMOL ESTATE HALL   III,Ukpato,Orhionmwon
EDO,13,06,12,13,06,018,12/13/06/018,"EVBUOSA P/SCHOOL EVBUOSA, IGUEMOKHUA",Ukpato,Orhionmwon
EDO,13,06,12,13,06,019,12/13/06/019,"ABE VILLAGE HALL, IGUEMOKHUA",Ukpato,Orhionmwon
EDO,13,06,12,13,06,020,12/13/06/020,IGUEMOKHUA P/SCHOOL IGUEMOKHUA,Ukpato,Orhionmwon
EDO,13,06,12,13,06,021,12/13/06/021,EVBUEKA VILLAGE HALL,Ukpato,Orhionmwon
EDO,13,06,12,13,06,022,12/13/06/022,"AIDEYANBA P/SCHOOL,  SAKPOBA I",Ukpato,Orhionmwon
EDO,13,06,12,13,06,023,12/13/06/023,"AIDEYANBA P/SCHOOL,  SAKPOBA  II",Ukpato,Orhionmwon
EDO,13,06,12,13,06,024,12/13/06/024,OKOGBO MIXED SECONDARY SCHOOL,Ukpato,Orhionmwon
EDO,13,06,12,13,06,025,12/13/06/025,"PRIMARY HEALTH CENTRE, EVBARUE",Ukpato,Orhionmwon
EDO,13,06,12,13,06,026,12/13/06/026,IDU TOWN HALL BY OLD ABRAKA ROAD,Ukpato,Orhionmwon
EDO,13,06,12,13,06,027,12/13/06/027,"PRIMARY HEALTH CARE CENTER, IGBEKHUE",Ukpato,Orhionmwon
EDO,13,06,12,13,06,000,12/13/06/000,12/13/06/000,Ukpato,Orhionmwon
EDO,13,07,12,13,07,001,12/13/07/001,IYOBASA P/SCHOOL UROMEHE I,Urhonigbe North,Orhionmwon
EDO,13,07,12,13,07,002,12/13/07/002,IYOBASA P/SCHOOL UROMEHE II,Urhonigbe North,Orhionmwon
EDO,13,07,12,13,07,003,12/13/07/003,IYOBASA P/SCHOOL UROMEHE III,Urhonigbe North,Orhionmwon
EDO,13,07,12,13,07,004,12/13/07/004,IDUMWONGO P/SCHOOL URHONIGBE I,Urhonigbe North,Orhionmwon
EDO,13,07,12,13,07,005,12/13/07/005,IDUMWONGO P/SCHOOL URHONIGBE II,Urhonigbe North,Orhionmwon
EDO,13,07,12,13,07,006,12/13/07/006,IDUMWONGO P/SCHOOL URHONIGBE III,Urhonigbe North,Orhionmwon
EDO,13,07,12,13,07,007,12/13/07/007,IDUMWONGO P/SCHOOL URHONIGBE IV,Urhonigbe North,Orhionmwon
EDO,13,07,12,13,07,008,12/13/07/008,AKUGBE PRIMARY SCHOOL I,Urhonigbe North,Orhionmwon
EDO,13,07,12,13,07,009,12/13/07/009,AKUGBE PRIMARY SCHOOL II,Urhonigbe North,Orhionmwon
EDO,13,07,12,13,07,010,12/13/07/010,AKUGBE PRIMARY SCHOOL  III,Urhonigbe North,Orhionmwon
EDO,13,07,12,13,07,011,12/13/07/011,OLD MODERN,Urhonigbe North,Orhionmwon
EDO,13,07,12,13,07,012,12/13/07/012,OVBIEBO CAMP SQUARE,Urhonigbe North,Orhionmwon
EDO,13,07,12,13,07,013,12/13/07/013,ESTATE QUARTERS,Urhonigbe North,Orhionmwon
EDO,13,07,12,13,07,014,12/13/07/014,IDALE P/SCHOOL IDALE,Urhonigbe North,Orhionmwon
EDO,13,07,12,13,07,015,12/13/07/015,URHOMEHE MODEL PRIMARY HEALTH CENTRE,Urhonigbe North,Orhionmwon
EDO,13,07,12,13,07,016,12/13/07/016,URHOMEHE- MARKET SQUARE,Urhonigbe North,Orhionmwon
EDO,13,07,12,13,07,017,12/13/07/017,IYOBASA P/ SCHOOL UROMEHE IV,Urhonigbe North,Orhionmwon
EDO,13,07,12,13,07,018,12/13/07/018,IDUMWUGHA TOWN HALL,Urhonigbe North,Orhionmwon
EDO,13,07,12,13,07,019,12/13/07/019,IDUMWONGO  -SMALL MARKET SQUARE,Urhonigbe North,Orhionmwon
EDO,13,07,12,13,07,000,12/13/07/000,12/13/07/000,Urhonigbe North,Orhionmwon
EDO,13,08,12,13,08,001,12/13/08/001,OKARO P/SCHOOL URHONIGBE   I,Urhonigbe South,Orhionmwon
EDO,13,08,12,13,08,002,12/13/08/002,OKARO P/SCHOOL URHONIGBE    II,Urhonigbe South,Orhionmwon
EDO,13,08,12,13,08,003,12/13/08/003,OKARO P/SCHOOL URHONIGBE    III,Urhonigbe South,Orhionmwon
EDO,13,08,12,13,08,004,12/13/08/004,EGBO STREET SQUARE,Urhonigbe South,Orhionmwon
EDO,13,08,12,13,08,005,12/13/08/005,UMUGBO SQUARE,Urhonigbe South,Orhionmwon
EDO,13,08,12,13,08,006,12/13/08/006,UMUGBO TOWN HALL,Urhonigbe South,Orhionmwon
EDO,13,08,12,13,08,007,12/13/08/007,"OLD COUNCIL HALL, URHONIGBE",Urhonigbe South,Orhionmwon
EDO,13,08,12,13,08,008,12/13/08/008,UMWENI CAMP HALL,Urhonigbe South,Orhionmwon
EDO,13,08,12,13,08,009,12/13/08/009,EDOGUN P/SCHOOL HALL  I,Urhonigbe South,Orhionmwon
EDO,13,08,12,13,08,010,12/13/08/010,EDOGUN P/SCHOOL HALL   II,Urhonigbe South,Orhionmwon
EDO,13,08,12,13,08,011,12/13/08/011,EDOGUN P/SCHOOL HALL   III,Urhonigbe South,Orhionmwon
EDO,13,08,12,13,08,012,12/13/08/012,EDOGUN P/SCHOOL HALL    IV,Urhonigbe South,Orhionmwon
EDO,13,08,12,13,08,013,12/13/08/013,ENIGBE P/SCHOOL HALL      V,Urhonigbe South,Orhionmwon
EDO,13,08,12,13,08,014,12/13/08/014,ENIGBE P/SCHOOL HALL      VI,Urhonigbe South,Orhionmwon
EDO,13,08,12,13,08,015,12/13/08/015,ENIGBE P/SCHOOL HALL      VII,Urhonigbe South,Orhionmwon
EDO,13,08,12,13,08,016,12/13/08/016,URHONIGBE PRIMARY HEALTH CENTER,Urhonigbe South,Orhionmwon
EDO,13,08,12,13,08,017,12/13/08/017,"GENERAL HOSPITAL, URHONIGBE",Urhonigbe South,Orhionmwon
EDO,13,08,12,13,08,018,12/13/08/018,"DISTRICT CUSTOMARY COURT, URHONIGBE",Urhonigbe South,Orhionmwon
EDO,13,08,12,13,08,000,12/13/08/000,12/13/08/000,Urhonigbe South,Orhionmwon
EDO,13,09,12,13,09,001,12/13/09/001,"UMOGHUN - NOKHUA P/SCH,  UMOGHUN-NOKHUA  I",Ugu,Orhionmwon
EDO,13,09,12,13,09,002,12/13/09/002,"UMOGUHN - NOKHUA P/SCH , UMOGHUN - NOKHUA  II",Ugu,Orhionmwon
EDO,13,09,12,13,09,003,12/13/09/003,"OBOWEN P/SCHOOL,  OLOGBO",Ugu,Orhionmwon
EDO,13,09,12,13,09,004,12/13/09/004,OBOZOGBE - NUGU PRIMARY SCHO0L  I,Ugu,Orhionmwon
EDO,13,09,12,13,09,005,12/13/09/005,OBOZOGBE - NUGU PRIMARY SCHO0L  II,Ugu,Orhionmwon
EDO,13,09,12,13,09,006,12/13/09/006,"IGUELABA P/SCHOO,  IGUELABA  I",Ugu,Orhionmwon
EDO,13,09,12,13,09,007,12/13/09/007,"IGUELABA P/SCHOOL,  IGUELABA  II",Ugu,Orhionmwon
EDO,13,09,12,13,09,008,12/13/09/008,NEW MARKET SQUARE - IGUELABA,Ugu,Orhionmwon
EDO,13,09,12,13,09,009,12/13/09/009,"UKPAKELE TOWN HALL,  UKPAKELE",Ugu,Orhionmwon
EDO,13,09,12,13,09,010,12/13/09/010,"OBEN P/SCHOOL,  URHEHUE - OBEN",Ugu,Orhionmwon
EDO,13,09,12,13,09,011,12/13/09/011,"URHEHUE P/SCHOOL, URHEHUE",Ugu,Orhionmwon
EDO,13,09,12,13,09,012,12/13/09/012,"HEALTH CENTRE, URHEHUE",Ugu,Orhionmwon
EDO,13,09,12,13,09,013,12/13/09/013,"IKOBI P/SCHOOL, IKOBI",Ugu,Orhionmwon
EDO,13,09,12,13,09,014,12/13/09/014,"ESOE P/SCHOOL, OROGHO",Ugu,Orhionmwon
EDO,13,09,12,13,09,015,12/13/09/015,HEALTH CENTRE OROGHO,Ugu,Orhionmwon
EDO,13,09,12,13,09,016,12/13/09/016,OROGHO GRAMMAR SCHOOL,Ugu,Orhionmwon
EDO,13,09,12,13,09,017,12/13/09/017,"OKHUERE P/SCHOOL,  OWUO - OROGHO",Ugu,Orhionmwon
EDO,13,09,12,13,09,018,12/13/09/018,"OBANAKHORO P/SCHOOL,  OBANAKHORO",Ugu,Orhionmwon
EDO,13,09,12,13,09,019,12/13/09/019,"UGBIGUN P/ SCHOOL,  UGBIGUN",Ugu,Orhionmwon
EDO,13,09,12,13,09,020,12/13/09/020,"ATO P/SCHOOL, , IWEVBO",Ugu,Orhionmwon
EDO,13,09,12,13,09,021,12/13/09/021,"OBAGIE P/SCHOOL,  OBAGIE   I",Ugu,Orhionmwon
EDO,13,09,12,13,09,022,12/13/09/022,"OBAGIE P/SCHOOL,  OBAGIE  II",Ugu,Orhionmwon
EDO,13,09,12,13,09,023,12/13/09/023,"UMOGHUN- NOKHUA P/ SCHOOL EXTENSION I, UMOGHUN-NOKHUA",Ugu,Orhionmwon
EDO,13,09,12,13,09,024,12/13/09/024,"UMOGHUN-NOKHUA P/ SCHOOL EXTENSION II, UMOGHUN-NOKHUA",Ugu,Orhionmwon
EDO,13,09,12,13,09,025,12/13/09/025,"MARKET SQUARE, OLOGBO",Ugu,Orhionmwon
EDO,13,09,12,13,09,026,12/13/09/026,"UGO SECONDARY SCHOOL, UGO",Ugu,Orhionmwon
EDO,13,09,12,13,09,027,12/13/09/027,"URHEHUE MARKET SQUARE, OPPOSITE HEALTH CENTER, URHEHUE.",Ugu,Orhionmwon
EDO,13,09,12,13,09,000,12/13/09/000,12/13/09/000,Ugu,Orhionmwon
EDO,13,10,12,13,10,001,12/13/10/001,IDUSI P/SCHOOL EVBOESI         I,Evboesi,Orhionmwon
EDO,13,10,12,13,10,002,12/13/10/002,IDUSI P/SCHOOL EVBOESI          II,Evboesi,Orhionmwon
EDO,13,10,12,13,10,003,12/13/10/003,OBAZAGBON - NUGU P/SCHOOL EVBOESI,Evboesi,Orhionmwon
EDO,13,10,12,13,10,004,12/13/10/004,CAMP 34 SQUARE,Evboesi,Orhionmwon
EDO,13,10,12,13,10,005,12/13/10/005,"AIWAGU ORE P/SCHOOL, EVBOESI           I",Evboesi,Orhionmwon
EDO,13,10,12,13,10,006,12/13/10/006,"AIWAGU ORE P/SCHOOL, EVBOESI           II",Evboesi,Orhionmwon
EDO,13,10,12,13,10,007,12/13/10/007,"AIWAGU ORE P/SCHOOL, EVBOESI            III",Evboesi,Orhionmwon
EDO,13,10,12,13,10,008,12/13/10/008,"EVEONOGBON TOWN HALL, EVEONOGBON",Evboesi,Orhionmwon
EDO,13,10,12,13,10,009,12/13/10/009,OGBA - NUGU P/SCHOOL,Evboesi,Orhionmwon
EDO,13,10,12,13,10,010,12/13/10/010,OGBA - NUGU TOWN HALL  I,Evboesi,Orhionmwon
EDO,13,10,12,13,10,011,12/13/10/011,OGBA - NUGU TOWN HALL    II,Evboesi,Orhionmwon
EDO,13,10,12,13,10,012,12/13/10/012,UMOGHUA - ZUAGBOR P/SCHOOL   I,Evboesi,Orhionmwon
EDO,13,10,12,13,10,013,12/13/10/013,UMOGHUA - ZUAGBOR P/SCHOOL    II,Evboesi,Orhionmwon
EDO,13,10,12,13,10,014,12/13/10/014,EVBOESI PRIMARY HEALTH CARE CENTER,Evboesi,Orhionmwon
EDO,13,10,12,13,10,015,12/13/10/015,EVBOESI GRAMMAR SCHOOL,Evboesi,Orhionmwon
EDO,13,10,12,13,10,016,12/13/10/016,OBAZAGBON OLD MARKET,Evboesi,Orhionmwon
EDO,13,10,12,13,10,017,12/13/10/017,EVBOESI MARKET SQUARE,Evboesi,Orhionmwon
EDO,13,10,12,13,10,018,12/13/10/018,EVBOESI TOWN HALL,Evboesi,Orhionmwon
EDO,13,10,12,13,10,000,12/13/10/000,12/13/10/000,Evboesi,Orhionmwon
EDO,13,11,12,13,11,001,12/13/11/001,"AKE P/SCHOOL AKE, IGBANKE   I",Igbanke East,Orhionmwon
EDO,13,11,12,13,11,002,12/13/11/002,"AKE P/SCHOOL AKE, IGBANKE   II",Igbanke East,Orhionmwon
EDO,13,11,12,13,11,003,12/13/11/003,IGBANKE GRAMMER SCHOOL,Igbanke East,Orhionmwon
EDO,13,11,12,13,11,004,12/13/11/004,AGUBA HALL OZUKE,Igbanke East,Orhionmwon
EDO,13,11,12,13,11,005,12/13/11/005,"OBIOGBA P/SCHOOL, AKE  I",Igbanke East,Orhionmwon
EDO,13,11,12,13,11,006,12/13/11/006,"OBIOGBA P/SCHOOL, AKE   II",Igbanke East,Orhionmwon
EDO,13,11,12,13,11,007,12/13/11/007,OMU-OGBA HALL,Igbanke East,Orhionmwon
EDO,13,11,12,13,11,008,12/13/11/008,"WIRE - AKE P/SCHOOL, WIRE - AKE I",Igbanke East,Orhionmwon
EDO,13,11,12,13,11,009,12/13/11/009,"WIRE - AKE P/SCHOOL, WIRE - AKE  II",Igbanke East,Orhionmwon
EDO,13,11,12,13,11,010,12/13/11/010,ENOGIE P/SCHOOL OLIGIE   I,Igbanke East,Orhionmwon
EDO,13,11,12,13,11,011,12/13/11/011,ENOGIE P/SCHOOL OLIGIE    II,Igbanke East,Orhionmwon
EDO,13,11,12,13,11,012,12/13/11/012,BENIN BAPTIST SCHOOL OLIGIE,Igbanke East,Orhionmwon
EDO,13,11,12,13,11,013,12/13/11/013,OSAFILE P/SCHOOL OTTAH I,Igbanke East,Orhionmwon
EDO,13,11,12,13,11,014,12/13/11/014,"AGUBA HALL, OTTAH",Igbanke East,Orhionmwon
EDO,13,11,12,13,11,015,12/13/11/015,"OSAFILE P/SCHOOL, OTTAH",Igbanke East,Orhionmwon
EDO,13,11,12,13,11,016,12/13/11/016,"OPEN SPACE BY AGUBA HALL, AKE",Igbanke East,Orhionmwon
EDO,13,11,12,13,11,017,12/13/11/017,"OLIGIE VILLAGE HALL, OLIGIE ( BENIN BAPTIST SCHOOL)",Igbanke East,Orhionmwon
EDO,13,11,12,13,11,018,12/13/11/018,OTTAH PRY SCHOOL BY CATHOLIC CHURCH,Igbanke East,Orhionmwon
EDO,13,11,12,13,11,000,12/13/11/000,12/13/11/000,Igbanke East,Orhionmwon
EDO,13,12,12,13,12,001,12/13/12/001,"IGBONTOR P/SCHOOL,  IGBONTOR I",Igbanke West,Orhionmwon
EDO,13,12,12,13,12,002,12/13/12/002,"IGBONOR P/SCHOOL,  IGBONTOR   II",Igbanke West,Orhionmwon
EDO,13,12,12,13,12,003,12/13/12/003,"CENTRAL P/SCHOOL, IGBANKE   I",Igbanke West,Orhionmwon
EDO,13,12,12,13,12,004,12/13/12/004,"CENTRAL P/SCHOOL, IGBANKE   II",Igbanke West,Orhionmwon
EDO,13,12,12,13,12,005,12/13/12/005,"IDUMU - IRU COMM. HALL, IDUMU IRU   I",Igbanke West,Orhionmwon
EDO,13,12,12,13,12,006,12/13/12/006,"IDUMU - IRU COMM. HALL, IDUMU IRU  II",Igbanke West,Orhionmwon
EDO,13,12,12,13,12,007,12/13/12/007,"ENOGIE P/SCHOO, L OMOLUA   I",Igbanke West,Orhionmwon
EDO,13,12,12,13,12,008,12/13/12/008,"ENOGIE P/SCHOOL,  OMOLUA   II",Igbanke West,Orhionmwon
EDO,13,12,12,13,12,009,12/13/12/009,OMOLUA COMM. HALL  I,Igbanke West,Orhionmwon
EDO,13,12,12,13,12,010,12/13/12/010,OMOLUA COMM. HALL   II,Igbanke West,Orhionmwon
EDO,13,12,12,13,12,011,12/13/12/011,OMOLUA COMM. HALL    III,Igbanke West,Orhionmwon
EDO,13,12,12,13,12,012,12/13/12/012,"ONUIYI P/SCHOOL,  ONUIYI       I",Igbanke West,Orhionmwon
EDO,13,12,12,13,12,013,12/13/12/013,"ONUIYI P/SCHOOL,  ONUIYI        II",Igbanke West,Orhionmwon
EDO,13,12,12,13,12,014,12/13/12/014,"COMMUNITY HALL, IDUMODIN   I",Igbanke West,Orhionmwon
EDO,13,12,12,13,12,015,12/13/12/015,"OGODINEZE HALL, IDUMODIN    II",Igbanke West,Orhionmwon
EDO,13,12,12,13,12,016,12/13/12/016,"OROGHO GRAMMAR SCHOOL, OROGHO",Igbanke West,Orhionmwon
EDO,13,12,12,13,12,017,12/13/12/017,"IDUMODIN P/SCHOOL, IDUMODIN III (COMMUNITY HALL)",Igbanke West,Orhionmwon
EDO,13,12,12,13,12,018,12/13/12/018,"MARKET SQUARE, IDUMODIN IV",Igbanke West,Orhionmwon
EDO,13,12,12,13,12,000,12/13/12/000,12/13/12/000,Igbanke West,Orhionmwon
EDO,14,01,12,14,01,001,12/14/01/001,"OKADA,  IKALADERHAN PRIMARY SCHOOL I",Okada West,Ovia North-East
EDO,14,01,12,14,01,002,12/14/01/002,"OKADA,  IKALADERHAN PRIMARY SCHOOL  II",Okada West,Ovia North-East
EDO,14,01,12,14,01,003,12/14/01/003,"OKADA,  OKADA GRAMMAR SCHOOL   I",Okada West,Ovia North-East
EDO,14,01,12,14,01,004,12/14/01/004,"OKADA,  OKADA GRAMMAR SCHOOL   II",Okada West,Ovia North-East
EDO,14,01,12,14,01,005,12/14/01/005,"IGUOMO,  OVONRAMWEN PRIMARY SCHOOL",Okada West,Ovia North-East
EDO,14,01,12,14,01,006,12/14/01/006,IKALADERHAN PRIMARY SCHOOL III,Okada West,Ovia North-East
EDO,14,01,12,14,01,007,12/14/01/007,"OKADA COMMUNITY TOWN HALL, I",Okada West,Ovia North-East
EDO,14,01,12,14,01,008,12/14/01/008,"OKADA COMMUNITY TOWN HALL, II",Okada West,Ovia North-East
EDO,14,01,12,14,01,009,12/14/01/009,"OPEN SPACE, MARKET SQUARE, OKADA",Okada West,Ovia North-East
EDO,14,01,12,14,01,010,12/14/01/010,OPEN SPACE BY HEALTH CENTER JUNCTION,Okada West,Ovia North-East
EDO,14,01,12,14,01,011,12/14/01/011,OPEN SPACE BY IYARO QUARTERS I,Okada West,Ovia North-East
EDO,14,01,12,14,01,012,12/14/01/012,OPEN SPACE BY IYARO QUARTERS II,Okada West,Ovia North-East
EDO,14,01,12,14,01,013,12/14/01/013,OKADA PRIMARY HEALTH CARE CENTER I,Okada West,Ovia North-East
EDO,14,01,12,14,01,014,12/14/01/014,OKADA PRIMARY HEALTH CARE CENTER II,Okada West,Ovia North-East
EDO,14,01,12,14,01,015,12/14/01/015,OKADA GRAMMAR SCH III,Okada West,Ovia North-East
EDO,14,01,12,14,01,016,12/14/01/016,"OPEN SPACE IN FRONT OF SKILL ACQUISITION CENTER I, OKADA",Okada West,Ovia North-East
EDO,14,01,12,14,01,017,12/14/01/017,"OPEN SPACE IN FRONT OF SKILL ACQUISITION CENTER II, OKADA",Okada West,Ovia North-East
EDO,14,01,12,14,01,018,12/14/01/018,"OPEN SPACE BY CAC CHURCH, OKADA",Okada West,Ovia North-East
EDO,14,01,12,14,01,019,12/14/01/019,"NIGERIA POST OFFICE I, OKADA",Okada West,Ovia North-East
EDO,14,01,12,14,01,020,12/14/01/020,"NIGERIA POST OFFICE II, OKADA",Okada West,Ovia North-East
EDO,14,01,12,14,01,021,12/14/01/021,OPEN SPACE BY UWAILA STREET I,Okada West,Ovia North-East
EDO,14,01,12,14,01,022,12/14/01/022,OPEN SPACE BY UWAILA STREET II,Okada West,Ovia North-East
EDO,14,01,12,14,01,023,12/14/01/023,"OPEN SPACE BY OSATOHAMWEN JUNCTION I, OKADA",Okada West,Ovia North-East
EDO,14,01,12,14,01,024,12/14/01/024,"OPEN SPACE BY OSATOHAMWEN JUNCTION, II, OKADA",Okada West,Ovia North-East
EDO,14,01,12,14,01,025,12/14/01/025,"OPEN SPACE BY GOSPEL FAITH MISSION, OKADA",Okada West,Ovia North-East
EDO,14,01,12,14,01,026,12/14/01/026,OPEN SPACE -OKADA HIGH COURT ROAD,Okada West,Ovia North-East
EDO,14,01,12,14,01,027,12/14/01/027,OVONRAMWEN PRIMARY SCHOOL I,Okada West,Ovia North-East
EDO,14,01,12,14,01,028,12/14/01/028,OVONRAMWEN PRIMARY SCHOOL II,Okada West,Ovia North-East
EDO,14,01,12,14,01,029,12/14/01/029,HEALTH CENTER IGUOMO I,Okada West,Ovia North-East
EDO,14,01,12,14,01,030,12/14/01/030,HEALTH CENTER IGUOMO II,Okada West,Ovia North-East
EDO,14,01,12,14,01,000,12/14/01/000,12/14/01/000,Okada West,Ovia North-East
EDO,14,02,12,14,02,001,12/14/02/001,"UGBOKUN, UGBOKUN PRIMARY SCHOOL",Okada East,Ovia North-East
EDO,14,02,12,14,02,002,12/14/02/002,"IYANOMO, IYANOMO PRIMARY SCHOOL",Okada East,Ovia North-East
EDO,14,02,12,14,02,003,12/14/02/003,"IGUIYE - OBANOSA PRIMARY SCHOOL, I",Okada East,Ovia North-East
EDO,14,02,12,14,02,004,12/14/02/004,"IGUOBO , OBOH PRIMARY SCHOOL  I",Okada East,Ovia North-East
EDO,14,02,12,14,02,005,12/14/02/005,"IGUOBO,  OBOH PRIMARY SCHOOL  II",Okada East,Ovia North-East
EDO,14,02,12,14,02,006,12/14/02/006,"ISIUWA,  EHIAGHE PRIMARY SCHOOL",Okada East,Ovia North-East
EDO,14,02,12,14,02,007,12/14/02/007,"EGBOHA ,  EGBOHA",Okada East,Ovia North-East
EDO,14,02,12,14,02,008,12/14/02/008,UGBOKUN PRIMARY SCHOOL II,Okada East,Ovia North-East
EDO,14,02,12,14,02,009,12/14/02/009,IGUIYE - OBANOSA PRIMARY SCHOOL II,Okada East,Ovia North-East
EDO,14,02,12,14,02,010,12/14/02/010,ULAKPA COMMUNITY HALL,Okada East,Ovia North-East
EDO,14,02,12,14,02,011,12/14/02/011,OGHOBAGHAHON HEALTH CENTER,Okada East,Ovia North-East
EDO,14,02,12,14,02,012,12/14/02/012,"ISIUWA COMMUNITY TOWN HALL, ISIUWA",Okada East,Ovia North-East
EDO,14,02,12,14,02,013,12/14/02/013,"UGBOKUN II, TOWN HALL",Okada East,Ovia North-East
EDO,14,02,12,14,02,014,12/14/02/014,EGBOHA PRIMARY SCHOOL I,Okada East,Ovia North-East
EDO,14,02,12,14,02,015,12/14/02/015,"EGBOHA COMMUNITY TOWN HALL, EGBOHA",Okada East,Ovia North-East
EDO,14,02,12,14,02,000,12/14/02/000,12/14/02/000,Okada East,Ovia North-East
EDO,14,03,12,14,03,001,12/14/03/001,"EGBETA, EGBETA P/SCHOOL  I",Uhen,Ovia North-East
EDO,14,03,12,14,03,002,12/14/03/002,"EGBETA, EGBETA P/SCHOOL   II",Uhen,Ovia North-East
EDO,14,03,12,14,03,003,12/14/03/003,"UTESSE, OGIYAN PRIMARY SCHOOL, I",Uhen,Ovia North-East
EDO,14,03,12,14,03,004,12/14/03/004,UGBUWE EGHIANRUWA PRIMARY SCHOOL,Uhen,Ovia North-East
EDO,14,03,12,14,03,005,12/14/03/005,"UHEN, HEALTH CENTRE",Uhen,Ovia North-East
EDO,14,03,12,14,03,006,12/14/03/006,"UHEN, ARAZUWA PRIMARY SCHOOL",Uhen,Ovia North-East
EDO,14,03,12,14,03,007,12/14/03/007,"OGBESSE, EDAIKEN PRIMARY SCHOOL",Uhen,Ovia North-East
EDO,14,03,12,14,03,008,12/14/03/008,"OLUMOYE,  OSE PRIMARY SCHOOL",Uhen,Ovia North-East
EDO,14,03,12,14,03,009,12/14/03/009,"EGBETA MARKET SQUARE, EGBETA",Uhen,Ovia North-East
EDO,14,03,12,14,03,010,12/14/03/010,EGBETA HEALTH CENTER,Uhen,Ovia North-East
EDO,14,03,12,14,03,011,12/14/03/011,"EGBETA SECONDARY SCHOOL, EGBETA",Uhen,Ovia North-East
EDO,14,03,12,14,03,012,12/14/03/012,"EGBETA COMMUNITY TOWN HALL, EGBETA",Uhen,Ovia North-East
EDO,14,03,12,14,03,013,12/14/03/013,OGIYAN PRIMARY SCHOOL II,Uhen,Ovia North-East
EDO,14,03,12,14,03,014,12/14/03/014,UTESSE SECONDARY SCHOOL,Uhen,Ovia North-East
EDO,14,03,12,14,03,015,12/14/03/015,UTESSE TOWN HALL,Uhen,Ovia North-East
EDO,14,03,12,14,03,016,12/14/03/016,"UGBUWE, EGHIANRUWA PRIMARY SCHOOL II",Uhen,Ovia North-East
EDO,14,03,12,14,03,017,12/14/03/017,AGIDIGBI PRIMARY SCHOOL-AGHENOKPE,Uhen,Ovia North-East
EDO,14,03,12,14,03,018,12/14/03/018,UHEN HEALTH CENTER II,Uhen,Ovia North-East
EDO,14,03,12,14,03,019,12/14/03/019,ARAZUWA PRIMARY SCHOOL II,Uhen,Ovia North-East
EDO,14,03,12,14,03,020,12/14/03/020,UHEN TOWN HALL,Uhen,Ovia North-East
EDO,14,03,12,14,03,021,12/14/03/021,OGBESSE SECONDARY SCHOOL,Uhen,Ovia North-East
EDO,14,03,12,14,03,022,12/14/03/022,OLUMOYE HEALTH CENTER,Uhen,Ovia North-East
EDO,14,03,12,14,03,000,12/14/03/000,12/14/03/000,Uhen,Ovia North-East
EDO,14,04,12,14,04,001,12/14/04/001,"EKIADOLOR, OPPOSITE COLLEGE OF EDUCATION I",Adolor,Ovia North-East
EDO,14,04,12,14,04,002,12/14/04/002,"EKIADOLOR, OPPOSITE COLLEGE OF EDUCATION  II",Adolor,Ovia North-East
EDO,14,04,12,14,04,003,12/14/04/003,EKIADOLOR COOPERATIVE HOUSE,Adolor,Ovia North-East
EDO,14,04,12,14,04,004,12/14/04/004,EKIADOLOR ADOLOR PRMARY SCHOOL,Adolor,Ovia North-East
EDO,14,04,12,14,04,005,12/14/04/005,EKIADOLOR EKIADOLOR SEC. SCHOOL,Adolor,Ovia North-East
EDO,14,04,12,14,04,006,12/14/04/006,"OVBIOGIE,  EKHIBI PRIMARY SCHOOL  I",Adolor,Ovia North-East
EDO,14,04,12,14,04,007,12/14/04/007,"OVBIOGIE,  EKHIBI PRIMARY SCHOOL   II",Adolor,Ovia North-East
EDO,14,04,12,14,04,008,12/14/04/008,"OVBIOGIE,  EKHIBI PRIMARY SCHOOL    III",Adolor,Ovia North-East
EDO,14,04,12,14,04,009,12/14/04/009,"ISIUKHUKHU , OBANOKHUA PRIMARY SCHOOL",Adolor,Ovia North-East
EDO,14,04,12,14,04,010,12/14/04/010,"ORA-IFON,  EZOMO COLLEGE",Adolor,Ovia North-East
EDO,14,04,12,14,04,011,12/14/04/011,"IYOWA, EZUWARHA PRIMARY SCHOOL",Adolor,Ovia North-East
EDO,14,04,12,14,04,012,12/14/04/012,EKO-ABETU ELUKOTUN PIMARY SCHOOL,Adolor,Ovia North-East
EDO,14,04,12,14,04,013,12/14/04/013,"UKPOKE,  UKPOKE VILLAGE HALL",Adolor,Ovia North-East
EDO,14,04,12,14,04,014,12/14/04/014,"UTEKON,  ISE PRIMARY SCHOOL I",Adolor,Ovia North-East
EDO,14,04,12,14,04,015,12/14/04/015,"UTEKON,  ISE PRIMARY SCHOOL  II",Adolor,Ovia North-East
EDO,14,04,12,14,04,016,12/14/04/016,"UTEKON,  ISE PRIMARY SCHOOL   III",Adolor,Ovia North-East
EDO,14,04,12,14,04,017,12/14/04/017,OPEN SPACE OPPOSITE COLLEGE OF EDUCATION III,Adolor,Ovia North-East
EDO,14,04,12,14,04,018,12/14/04/018,"COMMUNITY TOWN HALL I, EKIADOLOR",Adolor,Ovia North-East
EDO,14,04,12,14,04,019,12/14/04/019,"COMMUNITY TOWN HALL II, EKIADOLOR",Adolor,Ovia North-East
EDO,14,04,12,14,04,020,12/14/04/020,EKIADOLOR COPERATATIVE HOUSE II,Adolor,Ovia North-East
EDO,14,04,12,14,04,021,12/14/04/021,ADOLOR PRIMARY SCHOOL II,Adolor,Ovia North-East
EDO,14,04,12,14,04,022,12/14/04/022,EKIADOLOR PRIMARY HEALTH CARE CENTER,Adolor,Ovia North-East
EDO,14,04,12,14,04,023,12/14/04/023,EKIADOLOR SECONDARY SCHOOL II,Adolor,Ovia North-East
EDO,14,04,12,14,04,024,12/14/04/024,"OPEN SPACE BY THE TRANSFORMER, OVBIOGIE",Adolor,Ovia North-East
EDO,14,04,12,14,04,025,12/14/04/025,OVBIOGIE PRIMARY HEALTH CARE CENTER I,Adolor,Ovia North-East
EDO,14,04,12,14,04,026,12/14/04/026,OVBIOGIE PRIMARY HEALTH CARE CENTER II,Adolor,Ovia North-East
EDO,14,04,12,14,04,027,12/14/04/027,"OVBIOGIE COMMUNITY TOWN HALL, I",Adolor,Ovia North-East
EDO,14,04,12,14,04,028,12/14/04/028,OVBIOGIE COMMUNITY TOWN HALL II,Adolor,Ovia North-East
EDO,14,04,12,14,04,029,12/14/04/029,OTOFURE COMMUNITY TOWN HALL,Adolor,Ovia North-East
EDO,14,04,12,14,04,030,12/14/04/030,"IYOWA, EZUWARHA PRIMARY SCHOOL II",Adolor,Ovia North-East
EDO,14,04,12,14,04,031,12/14/04/031,"IYOWA COMMUNITY TOWN HALL I, IYOWA",Adolor,Ovia North-East
EDO,14,04,12,14,04,032,12/14/04/032,"IYOWA COMMUNITY TOWN HALL II, IYOWA",Adolor,Ovia North-East
EDO,14,04,12,14,04,033,12/14/04/033,"UTEKON, ISE SECONDARY SCHOOL",Adolor,Ovia North-East
EDO,14,04,12,14,04,000,12/14/04/000,12/14/04/000,Adolor,Ovia North-East
EDO,14,05,12,14,05,001,12/14/05/001,IWU EGBAEN PRIMARY SCHOOL    I,Ofunmwegbe,Ovia North-East
EDO,14,05,12,14,05,002,12/14/05/002,IWU EGBAEN PRIMARY SCHOOL    II,Ofunmwegbe,Ovia North-East
EDO,14,05,12,14,05,003,12/14/05/003,IWU EGBAEN PRIMARY SCHOOL    III,Ofunmwegbe,Ovia North-East
EDO,14,05,12,14,05,004,12/14/05/004,IWU EGBAEN PRIMARY SCHOOL     IV,Ofunmwegbe,Ovia North-East
EDO,14,05,12,14,05,005,12/14/05/005,IWU EGBAEN PRIMARY SCHOOL      V,Ofunmwegbe,Ovia North-East
EDO,14,05,12,14,05,006,12/14/05/006,IGUOSAGIE OHENHEN PRIMARY SCHOOL  I,Ofunmwegbe,Ovia North-East
EDO,14,05,12,14,05,007,12/14/05/007,IGUOSAGIE OHENHEN PRIMARY SCHOOL   II,Ofunmwegbe,Ovia North-East
EDO,14,05,12,14,05,008,12/14/05/008,OFUNMWEGBE IKUOBASE PRIMARY SCHOOL,Ofunmwegbe,Ovia North-East
EDO,14,05,12,14,05,009,12/14/05/009,IZAKAGBO COMMUNITY TOWN HALL,Ofunmwegbe,Ovia North-East
EDO,14,05,12,14,05,010,12/14/05/010,IWU COMMUNITY TOWN HALL,Ofunmwegbe,Ovia North-East
EDO,14,05,12,14,05,011,12/14/05/011,"IWU HEALTH CARE CENTER, IWU",Ofunmwegbe,Ovia North-East
EDO,14,05,12,14,05,012,12/14/05/012,OBA EWUARE II PRIMARY SCHOOL I,Ofunmwegbe,Ovia North-East
EDO,14,05,12,14,05,013,12/14/05/013,OBA EWUARE II PRIMARY SCHOOL II,Ofunmwegbe,Ovia North-East
EDO,14,05,12,14,05,014,12/14/05/014,IGUERO COMMUNITY TOWN HALL,Ofunmwegbe,Ovia North-East
EDO,14,05,12,14,05,015,12/14/05/015,"OGUA SECONDARY SCHOOL, OGUA",Ofunmwegbe,Ovia North-East
EDO,14,05,12,14,05,000,12/14/05/000,12/14/05/000,Ofunmwegbe,Ovia North-East
EDO,14,06,12,14,06,001,12/14/06/001,OKHUMWUN ELABA PRIMARY SCHOOL,Oluku,Ovia North-East
EDO,14,06,12,14,06,002,12/14/06/002,"OLUKU,  ERESOYEN PRIMARY SCHOOL  I",Oluku,Ovia North-East
EDO,14,06,12,14,06,003,12/14/06/003,"OLUKU,  ERESOYEN PRIMARY SCHOOL   II",Oluku,Ovia North-East
EDO,14,06,12,14,06,004,12/14/06/004,"OLUKU , ERESOYEN PRIMARY SCHOOL   III",Oluku,Ovia North-East
EDO,14,06,12,14,06,005,12/14/06/005,"ISIOHOR,  ARMY CHILDREN SCHOOL   I",Oluku,Ovia North-East
EDO,14,06,12,14,06,006,12/14/06/006,"ISIOHOR,  ARMY CHILDREN SCHOOL  II",Oluku,Ovia North-East
EDO,14,06,12,14,06,007,12/14/06/007,"IDUMWOWINA,  OWINA PRIMARY SCHOOL",Oluku,Ovia North-East
EDO,14,06,12,14,06,008,12/14/06/008,"UGBOWO,  UNIBEN STAFF SCHOOL   I",Oluku,Ovia North-East
EDO,14,06,12,14,06,009,12/14/06/009,"UGBOWO,  UNIBEN STAFF SCHOOL   II",Oluku,Ovia North-East
EDO,14,06,12,14,06,010,12/14/06/010,"UGBOWO,  UNIBEN STAFF SCHOOL III",Oluku,Ovia North-East
EDO,14,06,12,14,06,011,12/14/06/011,"EKOSODIN,  EKOSODIN PRIMARY SCHOOL  I",Oluku,Ovia North-East
EDO,14,06,12,14,06,012,12/14/06/012,"EKOSODIN,  EKOSODIN PRIMARY SCHOOL   II",Oluku,Ovia North-East
EDO,14,06,12,14,06,013,12/14/06/013,"EKOSODIN,  EKOSODIN PRIMARY SCHOOL    III",Oluku,Ovia North-East
EDO,14,06,12,14,06,014,12/14/06/014,"ELABA PRIMARY SCHOOL II, OKHUNMWUN",Oluku,Ovia North-East
EDO,14,06,12,14,06,015,12/14/06/015,"ELABA PRIMARY SCHOOL III, OKHUNMWUN",Oluku,Ovia North-East
EDO,14,06,12,14,06,016,12/14/06/016,"OLUKU COMMUNITY TOWN HALL I, OLUKU",Oluku,Ovia North-East
EDO,14,06,12,14,06,017,12/14/06/017,"OLUKU COMMUNITY TOWN HALL II, OLUKU",Oluku,Ovia North-East
EDO,14,06,12,14,06,018,12/14/06/018,"OLUKU NEW MODERN TOWN HALL I, BY POWERLINE, OLUKU",Oluku,Ovia North-East
EDO,14,06,12,14,06,019,12/14/06/019,"OLUKU NEW MODERN TOWN HALL II, BY POWERLINE, OLUKU",Oluku,Ovia North-East
EDO,14,06,12,14,06,020,12/14/06/020,OPEN SPACE IN FRONT OF FEDERAL ROAD SAFETY OFFICE I,Oluku,Ovia North-East
EDO,14,06,12,14,06,021,12/14/06/021,OPEN SPACE IN FRONT OF FEDERAL ROAD SAFETY OFFICE II,Oluku,Ovia North-East
EDO,14,06,12,14,06,022,12/14/06/022,IGUOSA PRIMARY HEALTH CARE CENTER,Oluku,Ovia North-East
EDO,14,06,12,14,06,023,12/14/06/023,OLUKU PRIMARY HEALTH CARE CENTER I,Oluku,Ovia North-East
EDO,14,06,12,14,06,024,12/14/06/024,OLUKU PRIMARY HEALTH CARE CENTER II,Oluku,Ovia North-East
EDO,14,06,12,14,06,025,12/14/06/025,"ARMY CHILDREN SCHOOL III, ISIOHOR",Oluku,Ovia North-East
EDO,14,06,12,14,06,026,12/14/06/026,"EVBUOMORE PRIMARY SCHOOL, EVBUOMORE",Oluku,Ovia North-East
EDO,14,06,12,14,06,027,12/14/06/027,ISIOHOR COMMUNITY TOWN HALL  I,Oluku,Ovia North-East
EDO,14,06,12,14,06,028,12/14/06/028,ISIOHOR COMMUNITY TOWN HALL II,Oluku,Ovia North-East
EDO,14,06,12,14,06,029,12/14/06/029,"OPEN SPACE -AIBALEGBE ST BY 1ST POWERLINE, ISIOHOR",Oluku,Ovia North-East
EDO,14,06,12,14,06,030,12/14/06/030,"IDUMWOWINA, OWINA PRIMARY SCHOOL II",Oluku,Ovia North-East
EDO,14,06,12,14,06,031,12/14/06/031,"OPEN SPACE ON OMOROGIEVA ST BY BELLO OSAGIE JUNCTION, IDUNMOWINA",Oluku,Ovia North-East
EDO,14,06,12,14,06,032,12/14/06/032,IGUE-IHEYA COMMUNITY TOWN HALL,Oluku,Ovia North-East
EDO,14,06,12,14,06,033,12/14/06/033,EVBUOMORE COMMUNITY TOWN HALL,Oluku,Ovia North-East
EDO,14,06,12,14,06,034,12/14/06/034,"UNIBEN MOTOR PARK I, UGBOWO",Oluku,Ovia North-East
EDO,14,06,12,14,06,035,12/14/06/035,"UNIBEN MOTOR PARK II, UNIBEN, UGBOWO",Oluku,Ovia North-East
EDO,14,06,12,14,06,036,12/14/06/036,"NIGERIA POST OFFICE I, UGBOWO",Oluku,Ovia North-East
EDO,14,06,12,14,06,037,12/14/06/037,"NIGERIA POST OFFICE II, UGBOWO",Oluku,Ovia North-East
EDO,14,06,12,14,06,038,12/14/06/038,"OPEN SPACE BY PALM ROYAL ROAD I, UGBOWO",Oluku,Ovia North-East
EDO,14,06,12,14,06,039,12/14/06/039,"OPEN SPACE BY PALM ROYAL ROAD II, UGBOWO",Oluku,Ovia North-East
EDO,14,06,12,14,06,040,12/14/06/040,"UNIBEN DEMONSTRATION SECONDARY SCHOOL I, UNIBEN",Oluku,Ovia North-East
EDO,14,06,12,14,06,041,12/14/06/041,"UNIBEN DEMONSTRATION  SECONDARY SCHOOL II, UGBOWO",Oluku,Ovia North-East
EDO,14,06,12,14,06,042,12/14/06/042,"OPEN SPACE, UNIBEN SPORTS COMPLEX, UGBOWO",Oluku,Ovia North-East
EDO,14,06,12,14,06,043,12/14/06/043,"EKOSODIN PRIMARY HEALTH CARE CENTER, UGBOWO",Oluku,Ovia North-East
EDO,14,06,12,14,06,044,12/14/06/044,"EKOSODIN COMMUNITY TOWN HALL, EKOSODIN",Oluku,Ovia North-East
EDO,14,06,12,14,06,045,12/14/06/045,EGUAVOEN COMMUNITY TOWN HALL I,Oluku,Ovia North-East
EDO,14,06,12,14,06,046,12/14/06/046,EGUAVOEN COMMUNITY TOWN HALL II,Oluku,Ovia North-East
EDO,14,06,12,14,06,000,12/14/06/000,12/14/06/000,Oluku,Ovia North-East
EDO,14,07,12,14,07,001,12/14/07/001,"OBAZUWA  II,  OBAZUWA  II",Uhiere,Ovia North-East
EDO,14,07,12,14,07,002,12/14/07/002,"AIHUOBABEKUN,  CROWTHER PRIMARY SCHOOL",Uhiere,Ovia North-East
EDO,14,07,12,14,07,003,12/14/07/003,"OBARENREN,  ODARO PRIMARY SCHOOL I",Uhiere,Ovia North-East
EDO,14,07,12,14,07,004,12/14/07/004,"OBARENREN,  ODARO PRIMARY SCHOOL  II",Uhiere,Ovia North-East
EDO,14,07,12,14,07,005,12/14/07/005,"OKHUEN CAMP,  OKHUEN CAMP",Uhiere,Ovia North-East
EDO,14,07,12,14,07,006,12/14/07/006,OKHUO EREDIAUWA GRAMMAR. SCHOOL,Uhiere,Ovia North-East
EDO,14,07,12,14,07,007,12/14/07/007,IDUMWENHIGIE IDUMWENHIGIE P/SCHOOL,Uhiere,Ovia North-East
EDO,14,07,12,14,07,008,12/14/07/008,OSASIMWIONBA IMADIYI P/SCHOOL,Uhiere,Ovia North-East
EDO,14,07,12,14,07,009,12/14/07/009,"EKO-EKPETIN, EKO-EKPETIN VILLAGE SQUARE",Uhiere,Ovia North-East
EDO,14,07,12,14,07,010,12/14/07/010,"IGBEKHUE, OSARO P/SCHOOL",Uhiere,Ovia North-East
EDO,14,07,12,14,07,011,12/14/07/011,"ODIGHI,  AMAYO PRIMARY SCHOOL I",Uhiere,Ovia North-East
EDO,14,07,12,14,07,012,12/14/07/012,"ODIGHI,  AMAYO PRIMARY SCHOOL  II",Uhiere,Ovia North-East
EDO,14,07,12,14,07,013,12/14/07/013,"ODIGUETUE,  EHI P/SCHOOL",Uhiere,Ovia North-East
EDO,14,07,12,14,07,014,12/14/07/014,"UHIERE,  IKPESIRA P/SCHOOL",Uhiere,Ovia North-East
EDO,14,07,12,14,07,015,12/14/07/015,"OWAN,  OWAN P/SCHOOL",Uhiere,Ovia North-East
EDO,14,07,12,14,07,016,12/14/07/016,"AGBANIKAKA,  MARKET PLACE",Uhiere,Ovia North-East
EDO,14,07,12,14,07,017,12/14/07/017,"OFITEBE , OFITEBE",Uhiere,Ovia North-East
EDO,14,07,12,14,07,018,12/14/07/018,AIHUOBABEKUN CROWTHER PRIMARY SCHOOL II,Uhiere,Ovia North-East
EDO,14,07,12,14,07,019,12/14/07/019,"OSASIMWIONBA, IMADIYI PRIMARY SCHOOL II",Uhiere,Ovia North-East
EDO,14,07,12,14,07,020,12/14/07/020,IKPESIRA PRIMARY SCHOOL II,Uhiere,Ovia North-East
EDO,14,07,12,14,07,021,12/14/07/021,OWAN PRIMARY SCHOOL II,Uhiere,Ovia North-East
EDO,14,07,12,14,07,022,12/14/07/022,"UGBOKE, OWAN SECONDARY SCHOOL.",Uhiere,Ovia North-East
EDO,14,07,12,14,07,000,12/14/07/000,12/14/07/000,Uhiere,Ovia North-East
EDO,14,08,12,14,08,001,12/14/08/001,"NIFOR,  ISIUWA P/SCHOOL    I",Isiuwa,Ovia North-East
EDO,14,08,12,14,08,002,12/14/08/002,"NIFOR , ISIUWA P/SCHOOL   II",Isiuwa,Ovia North-East
EDO,14,08,12,14,08,003,12/14/08/003,"NIFOR,  ISIUWA P/SCHOOL   III",Isiuwa,Ovia North-East
EDO,14,08,12,14,08,004,12/14/08/004,"EVBONEKA,  AKUGBE P/SCHOOL",Isiuwa,Ovia North-East
EDO,14,08,12,14,08,005,12/14/08/005,"EVBONEKA,  PAYNE P/SCHOOL",Isiuwa,Ovia North-East
EDO,14,08,12,14,08,006,12/14/08/006,"UGBOGIOBO,  OGIOBO P/SCHOOL",Isiuwa,Ovia North-East
EDO,14,08,12,14,08,007,12/14/08/007,"EKO-NOBORE,  NOBORE P/SCHOOL",Isiuwa,Ovia North-East
EDO,14,08,12,14,08,008,12/14/08/008,"UWAN,  UWAN P/SCHOOL",Isiuwa,Ovia North-East
EDO,14,08,12,14,08,009,12/14/08/009,"OZUGUO,  ESIGIE P/SCHOOL",Isiuwa,Ovia North-East
EDO,14,08,12,14,08,010,12/14/08/010,"AZALAMA,  AZALAMA",Isiuwa,Ovia North-East
EDO,14,08,12,14,08,011,12/14/08/011,"UNIARO,  ARO P/SCHOL",Isiuwa,Ovia North-East
EDO,14,08,12,14,08,012,12/14/08/012,"OPEN SPACE BY NIFOR GATE I, NIFOR",Isiuwa,Ovia North-East
EDO,14,08,12,14,08,013,12/14/08/013,"OPEN SPACE BY NIFOR GATE II, NIFOR",Isiuwa,Ovia North-East
EDO,14,08,12,14,08,014,12/14/08/014,"OPEN SPACE BY NIFOR JUNCTION, NIFOR",Isiuwa,Ovia North-East
EDO,14,08,12,14,08,015,12/14/08/015,"PAYNE PRIMARY SCHOOL II, EVBONEKA",Isiuwa,Ovia North-East
EDO,14,08,12,14,08,016,12/14/08/016,"UGBOGIOBO, COMMUNITY PRIMARY HEALTH CARE CENTER",Isiuwa,Ovia North-East
EDO,14,08,12,14,08,017,12/14/08/017,UWAN PRIMARY SCHOOL II,Isiuwa,Ovia North-East
EDO,14,08,12,14,08,000,12/14/08/000,12/14/08/000,Isiuwa,Ovia North-East
EDO,14,09,12,14,09,001,12/14/09/001,"OKOKHUO,  OKOKHUO P/SCHOOL I",Okokhuo,Ovia North-East
EDO,14,09,12,14,09,002,12/14/09/002,"OKOKHUO,  OKOKHUO P/SCHOOL II",Okokhuo,Ovia North-East
EDO,14,09,12,14,09,003,12/14/09/003,"OKOKHUO,  OKOKHUO P/SCHOOL  III",Okokhuo,Ovia North-East
EDO,14,09,12,14,09,004,12/14/09/004,"ABUMWENRE,  OZOLUA P/SCHOOL",Okokhuo,Ovia North-East
EDO,14,09,12,14,09,005,12/14/09/005,"ABUMWENRE,  TOWN HALL",Okokhuo,Ovia North-East
EDO,14,09,12,14,09,006,12/14/09/006,"AGEMOKPAE,  AGEMOKPAE",Okokhuo,Ovia North-East
EDO,14,09,12,14,09,007,12/14/09/007,"EMAH, EMAH P/SCHOOL",Okokhuo,Ovia North-East
EDO,14,09,12,14,09,008,12/14/09/008,"UGBOKE, UGBOKE PRY. SCH.",Okokhuo,Ovia North-East
EDO,14,09,12,14,09,009,12/14/09/009,"IGUOGHO, OGHO PRY. SCH.",Okokhuo,Ovia North-East
EDO,14,09,12,14,09,010,12/14/09/010,"AGEKPANU, ODIASE PRY. SCH.",Okokhuo,Ovia North-East
EDO,14,09,12,14,09,011,12/14/09/011,"UGBOKULI, UGBOKULI",Okokhuo,Ovia North-East
EDO,14,09,12,14,09,012,12/14/09/012,"IGUHORO, ORIRI PRIMARY SCHOOL",Okokhuo,Ovia North-East
EDO,14,09,12,14,09,013,12/14/09/013,OKOKHUO SECONDARY SCHOOL I,Okokhuo,Ovia North-East
EDO,14,09,12,14,09,014,12/14/09/014,OKOKHUO SECONDARY SCHOOL II,Okokhuo,Ovia North-East
EDO,14,09,12,14,09,015,12/14/09/015,"OKOKHUO PRIMARY HEALTH CARE CENTER,",Okokhuo,Ovia North-East
EDO,14,09,12,14,09,016,12/14/09/016,"OZOLUA PRIMARY SCHOOL II, ABUMWENRE,",Okokhuo,Ovia North-East
EDO,14,09,12,14,09,017,12/14/09/017,"EMAH PRIMARY SCHOOL II, EMAH",Okokhuo,Ovia North-East
EDO,14,09,12,14,09,018,12/14/09/018,"ODIASE PRIMARY SCHOOL II, AGEKPANU",Okokhuo,Ovia North-East
EDO,14,09,12,14,09,000,12/14/09/000,12/14/09/000,Okokhuo,Ovia North-East
EDO,14,10,12,14,10,001,12/14/10/001,"IGUOGIE, IGUOGIE PRIMARY SCHOOL",Oghede,Ovia North-East
EDO,14,10,12,14,10,002,12/14/10/002,"OROVIE, OGUN PRY. SCH.",Oghede,Ovia North-East
EDO,14,10,12,14,10,003,12/14/10/003,"EVBORO, ADOLOR PRY. SCH.",Oghede,Ovia North-East
EDO,14,10,12,14,10,004,12/14/10/004,"OBAZUWA, OBAZUWA PRY. SCH.",Oghede,Ovia North-East
EDO,14,10,12,14,10,005,12/14/10/005,"IKORO, IKORO PRY. SCH.",Oghede,Ovia North-East
EDO,14,10,12,14,10,006,12/14/10/006,"IGBOBI, NIKARO PRY. SCH.",Oghede,Ovia North-East
EDO,14,10,12,14,10,007,12/14/10/007,"OGHEDE, OGHEDE PRY. SCH.",Oghede,Ovia North-East
EDO,14,10,12,14,10,008,12/14/10/008,"AGIVBIIGIE,  AGIVBIIGIE",Oghede,Ovia North-East
EDO,14,10,12,14,10,009,12/14/10/009,"IGO, IGO PRIMARY SCHOOL",Oghede,Ovia North-East
EDO,14,10,12,14,10,010,12/14/10/010,"EKENWAN BARRACKS, ARMY CHILDRENS' SCHOOL I",Oghede,Ovia North-East
EDO,14,10,12,14,10,011,12/14/10/011,"EKENWAN BARRACKS, ARMY CHILDRENS' SCHOOL  II",Oghede,Ovia North-East
EDO,14,10,12,14,10,012,12/14/10/012,"EKENWAN BARRACKS, ARMY CHILDRENS' SCHOOL    III",Oghede,Ovia North-East
EDO,14,10,12,14,10,013,12/14/10/013,"IGUEHIE, EDEGBE PRY. SCH.",Oghede,Ovia North-East
EDO,14,10,12,14,10,014,12/14/10/014,"OKUNDAYE PRIMARY SCHOOL, EVBOLEKPEN",Oghede,Ovia North-East
EDO,14,10,12,14,10,015,12/14/10/015,"IKORO PRIMARY HEALTH CARE CENTER, IKORO",Oghede,Ovia North-East
EDO,14,10,12,14,10,016,12/14/10/016,"AGBONMWOMBA PRIMARY SCHOOL, AGBONMWOMBA",Oghede,Ovia North-East
EDO,14,10,12,14,10,017,12/14/10/017,"OPEN SPACE, OZOMU",Oghede,Ovia North-East
EDO,14,10,12,14,10,018,12/14/10/018,"OGHEDE SECONDARY SCHOOL, OGHEDE",Oghede,Ovia North-East
EDO,14,10,12,14,10,019,12/14/10/019,"OGHEDE PRIMARY HEALTH CARE CENTER, OGHEDE",Oghede,Ovia North-East
EDO,14,10,12,14,10,020,12/14/10/020,"AGIVBIGIE II,  AGIVBIGIE",Oghede,Ovia North-East
EDO,14,10,12,14,10,021,12/14/10/021,"EGBAEN COMMUNITY TOWN HALL , EGBAEN",Oghede,Ovia North-East
EDO,14,10,12,14,10,022,12/14/10/022,"IGO PRIMARY SCHOOL II, IGO",Oghede,Ovia North-East
EDO,14,10,12,14,10,023,12/14/10/023,IGO COMMUNITY TOWN HALL I,Oghede,Ovia North-East
EDO,14,10,12,14,10,024,12/14/10/024,IGO COMMUNITY TOWN HALL II,Oghede,Ovia North-East
EDO,14,10,12,14,10,025,12/14/10/025,"EDEGBE PRIMARY SCHOOL II, IGUEHIE",Oghede,Ovia North-East
EDO,14,10,12,14,10,000,12/14/10/000,12/14/10/000,Oghede,Ovia North-East
EDO,14,11,12,14,11,001,12/14/11/001,"URHUOKHOKHO, IKALADERHAN PRY. SCH",Oduna,Ovia North-East
EDO,14,11,12,14,11,002,12/14/11/002,"UGBINEH, AKEN PRY. SCH I",Oduna,Ovia North-East
EDO,14,11,12,14,11,003,12/14/11/003,"UGBINEH, AKEN PRY. SCH. II",Oduna,Ovia North-East
EDO,14,11,12,14,11,004,12/14/11/004,"ODUNA, EWEKA PRY. SCH.",Oduna,Ovia North-East
EDO,14,11,12,14,11,005,12/14/11/005,"EGHUDU, EGHUDU PRY. SCH.",Oduna,Ovia North-East
EDO,14,11,12,14,11,006,12/14/11/006,"EGBATAN, OTIKU PRY. SCH.",Oduna,Ovia North-East
EDO,14,11,12,14,11,007,12/14/11/007,"IKPAKO, OBANOSA PRY. SCH. I",Oduna,Ovia North-East
EDO,14,11,12,14,11,008,12/14/11/008,EKENWAN OROGBUA P/SCHOOL,Oduna,Ovia North-East
EDO,14,11,12,14,11,009,12/14/11/009,"UGHOTON,  EREDIAUWA P/SCHOOL",Oduna,Ovia North-East
EDO,14,11,12,14,11,010,12/14/11/010,"EVBUOROKHO, EVBUOROKHO",Oduna,Ovia North-East
EDO,14,11,12,14,11,011,12/14/11/011,GELE-GELE OSA P/SCHOL,Oduna,Ovia North-East
EDO,14,11,12,14,11,012,12/14/11/012,DANIKORO DANIKORO P/ SCHOOL,Oduna,Ovia North-East
EDO,14,11,12,14,11,013,12/14/11/013,"SALLOGUN,  SALLOGUN",Oduna,Ovia North-East
EDO,14,11,12,14,11,014,12/14/11/014,IGUEHOLOR COMMUNITY TOWN HALL,Oduna,Ovia North-East
EDO,14,11,12,14,11,015,12/14/11/015,"IKPAKO OBANOSA PRIMARY SCHOOL II, IKPAKO",Oduna,Ovia North-East
EDO,14,11,12,14,11,016,12/14/11/016,"WALDEN PRIMARY SCHOOL, IBORO",Oduna,Ovia North-East
EDO,14,11,12,14,11,017,12/14/11/017,"IKPITI PRIMARY SCHOOL, GELE-GELE",Oduna,Ovia North-East
EDO,14,11,12,14,11,000,12/14/11/000,12/14/11/000,Oduna,Ovia North-East
EDO,14,12,12,14,12,001,12/14/12/001,"IGUOSHODIN-NEBUDIN,  IGUOSHODIN-NEBUDIN P/SCH.",Iguoshodin,Ovia North-East
EDO,14,12,12,14,12,002,12/14/12/002,"PARKERS CAMP,  IGUOSHODIN NEBUDIN P/SCH.",Iguoshodin,Ovia North-East
EDO,14,12,12,14,12,003,12/14/12/003,IYEKEZE  OBANOSA P/SCHOOL,Iguoshodin,Ovia North-East
EDO,14,12,12,14,12,004,12/14/12/004,"AGBONMOBA,  OKUNGBOWA P/SCHOOL",Iguoshodin,Ovia North-East
EDO,14,12,12,14,12,005,12/14/12/005,"OBAYANTOR, OBAKPOLOR P/SCHOOL",Iguoshodin,Ovia North-East
EDO,14,12,12,14,12,006,12/14/12/006,IGUOSHODIN-NIGBEMABA - IGUOSHODIN-NIGBEMABA P/SCHOOL,Iguoshodin,Ovia North-East
EDO,14,12,12,14,12,007,12/14/12/007,IGUESOGBAN- OSAYANDE PRIMARY SCHOOL,Iguoshodin,Ovia North-East
EDO,14,12,12,14,12,008,12/14/12/008,"IGUZAMA ,  IGUZAMA PRIMARY SCHOOL",Iguoshodin,Ovia North-East
EDO,14,12,12,14,12,009,12/14/12/009,"UNUAMEN,  ESIGIE PRIMARY SCHOOL",Iguoshodin,Ovia North-East
EDO,14,12,12,14,12,010,12/14/12/010,"IGUADOLOR,  ARUOSA PRIMARY SCHOOL",Iguoshodin,Ovia North-East
EDO,14,12,12,14,12,011,12/14/12/011,"UHOGUA,  UHOGUA PRIMARY SCHOOL",Iguoshodin,Ovia North-East
EDO,14,12,12,14,12,012,12/14/12/012,"OGEGHE,  OGHEGHE PRIMARY SCHOOL",Iguoshodin,Ovia North-East
EDO,14,12,12,14,12,013,12/14/12/013,"OBAGIE,  EWEKA PRIMARY SCHOOL",Iguoshodin,Ovia North-East
EDO,14,12,12,14,12,014,12/14/12/014,UGUOSHODIN- NEBODIN PRIMARY SCHOOL,Iguoshodin,Ovia North-East
EDO,14,12,12,14,12,015,12/14/12/015,OMI  COMMUNITY TOWN HALL,Iguoshodin,Ovia North-East
EDO,14,12,12,14,12,016,12/14/12/016,"ARUOSA  PRIMARY SCHOOL II, IGUADOLOR",Iguoshodin,Ovia North-East
EDO,14,12,12,14,12,017,12/14/12/017,UHOGUA- ERESOYEN PRIMARY SCHOOL II,Iguoshodin,Ovia North-East
EDO,14,12,12,14,12,018,12/14/12/018,"EGBAEN PRIMARY SCHOOL, EGBAEN",Iguoshodin,Ovia North-East
EDO,14,12,12,14,12,019,12/14/12/019,OGHEGHE PRIMARY SCHOOL II,Iguoshodin,Ovia North-East
EDO,14,12,12,14,12,020,12/14/12/020,OBAGIE PRIMARY HEALTH CARE CENTER,Iguoshodin,Ovia North-East
EDO,14,12,12,14,12,000,12/14/12/000,12/14/12/000,Iguoshodin,Ovia North-East
EDO,14,13,12,14,13,001,12/14/13/001,"OVAH,  OHEN-OSA PRIMARY SCHOOL I",Utoka,Ovia North-East
EDO,14,13,12,14,13,002,12/14/13/002,"OVAH,  OHEN-OSA PRIMARY SCHOOL  II",Utoka,Ovia North-East
EDO,14,13,12,14,13,003,12/14/13/003,"UTOKA,  ARUIGIE PRIMRY SCHOOL       I",Utoka,Ovia North-East
EDO,14,13,12,14,13,004,12/14/13/004,"UTOKA,  ARUIGIE PRIMARY SCHOOL    II",Utoka,Ovia North-East
EDO,14,13,12,14,13,005,12/14/13/005,"UTOKA,  ARUIGIE PRIMARY SCHOOL   III",Utoka,Ovia North-East
EDO,14,13,12,14,13,006,12/14/13/006,"ITE,  ITE PRIMARY SCHOOL",Utoka,Ovia North-East
EDO,14,13,12,14,13,007,12/14/13/007,AGIYOBA IMOSE PRIMARY SCHOOL,Utoka,Ovia North-East
EDO,14,13,12,14,13,008,12/14/13/008,"AGUWANGUE,  AGUWANGUE",Utoka,Ovia North-East
EDO,14,13,12,14,13,009,12/14/13/009,OVAH PRIMARY HEALTH CENTER I,Utoka,Ovia North-East
EDO,14,13,12,14,13,010,12/14/13/010,OVAH PRIMARY HEALTH CENTER II,Utoka,Ovia North-East
EDO,14,13,12,14,13,011,12/14/13/011,UTOKA COMMUNITY TOWN HALL,Utoka,Ovia North-East
EDO,14,13,12,14,13,012,12/14/13/012,UTOKA PRIMARY HEALTH CARE CENTER,Utoka,Ovia North-East
EDO,14,13,12,14,13,000,12/14/13/000,12/14/13/000,Utoka,Ovia North-East
EDO,15,01,12,15,01,001,12/15/01/001,"IGUOBAZUWA, OZOLUA P/SCHOOL I",Iguobazuwa East,Ovia South-West
EDO,15,01,12,15,01,002,12/15/01/002,"IGUOBAZUWA, OZOLUA P/SCHOOL II",Iguobazuwa East,Ovia South-West
EDO,15,01,12,15,01,003,12/15/01/003,"IGUOBAZUWA, OZOLUA P/SCHOOL  III",Iguobazuwa East,Ovia South-West
EDO,15,01,12,15,01,004,12/15/01/004,"IGUOBAZUWA, OZOLUA P/SCHOOL  IV",Iguobazuwa East,Ovia South-West
EDO,15,01,12,15,01,005,12/15/01/005,"AIFESOBA,  AIFESOBA VILLAGE",Iguobazuwa East,Ovia South-West
EDO,15,01,12,15,01,006,12/15/01/006,"IGUOGUN, OBE P/SCHOOL",Iguobazuwa East,Ovia South-West
EDO,15,01,12,15,01,007,12/15/01/007,"IGUATAKPA I, OKUNZUWA P/SCHOOL",Iguobazuwa East,Ovia South-West
EDO,15,01,12,15,01,008,12/15/01/008,"IGUATAKPA  II ,  YORUBA CAMP",Iguobazuwa East,Ovia South-West
EDO,15,01,12,15,01,009,12/15/01/009,"OKUNZUWA,  OKUNZUWA VILLAGE",Iguobazuwa East,Ovia South-West
EDO,15,01,12,15,01,010,12/15/01/010,IGUOBAZUWA TOWNHALL,Iguobazuwa East,Ovia South-West
EDO,15,01,12,15,01,011,12/15/01/011,OPEN SPACE BY BOREHOLE AT IGUOBAZUWA NEW MARKET,Iguobazuwa East,Ovia South-West
EDO,15,01,12,15,01,012,12/15/01/012,"OPEN SPACE, IGUOBAZUWA PUBLIC FIELD",Iguobazuwa East,Ovia South-West
EDO,15,01,12,15,01,013,12/15/01/013,OPEN SPACE BY T_JUNCTION OLOGBOSERE QUATERS IGUOBAZUWA,Iguobazuwa East,Ovia South-West
EDO,15,01,12,15,01,014,12/15/01/014,OPEN SPACE LOCAL GOVERNMENT EDUCATION AUTHORITY IGUOBAZUWA,Iguobazuwa East,Ovia South-West
EDO,15,01,12,15,01,015,12/15/01/015,OPEN SPACE FARM ROAD JUNCTION IGUOGUN,Iguobazuwa East,Ovia South-West
EDO,15,01,12,15,01,016,12/15/01/016,IGUOGUN HEALTH POST,Iguobazuwa East,Ovia South-West
EDO,15,01,12,15,01,017,12/15/01/017,"OPEN SPACE BY PUBLIC TAP, IGUOGUN",Iguobazuwa East,Ovia South-West
EDO,15,01,12,15,01,018,12/15/01/018,OPEN SPACE BY JUNCTION OPP NEW APOSTOLIC CHURCH IGUOGUN,Iguobazuwa East,Ovia South-West
EDO,15,01,12,15,01,019,12/15/01/019,OSA PRIMARY SCHOOL IGUATAKPA II OGUNWALE,Iguobazuwa East,Ovia South-West
EDO,15,01,12,15,01,020,12/15/01/020,UBA PRIMARY SCHOOL IGUATAKPA III IJESHA VILLAGE,Iguobazuwa East,Ovia South-West
EDO,15,01,12,15,01,000,12/15/01/000,12/15/01/000,Iguobazuwa East,Ovia South-West
EDO,15,02,12,15,02,001,12/15/02/001,"IGUOBAZUWA,  IGUOBAZUWA G/S",Iguobazuwa West,Ovia South-West
EDO,15,02,12,15,02,002,12/15/02/002,"IGUOBAZUWA,  MIN. OF EDUCATION  I",Iguobazuwa West,Ovia South-West
EDO,15,02,12,15,02,003,12/15/02/003,"IGUOBAZUWA,  MIN. OF EDUCATION   II",Iguobazuwa West,Ovia South-West
EDO,15,02,12,15,02,004,12/15/02/004,"IGUOBAZUWA,  MIN. OF EDUCATION   III",Iguobazuwa West,Ovia South-West
EDO,15,02,12,15,02,005,12/15/02/005,"OBAZUMAMWEN,  OBAZUMAMWEN VILLAGE",Iguobazuwa West,Ovia South-West
EDO,15,02,12,15,02,006,12/15/02/006,"OKORO  II, OKORO P/SCHOOL",Iguobazuwa West,Ovia South-West
EDO,15,02,12,15,02,007,12/15/02/007,"OKOKPON,  OKOKPON P/SCHOOL",Iguobazuwa West,Ovia South-West
EDO,15,02,12,15,02,008,12/15/02/008,"OBARETIN,  OKPON P/SCHOOL",Iguobazuwa West,Ovia South-West
EDO,15,02,12,15,02,009,12/15/02/009,OPEN SPACE BY GENERAL HOSPITAL IGUOBAZUWA,Iguobazuwa West,Ovia South-West
EDO,15,02,12,15,02,010,12/15/02/010,OPEN SPACE BY ANGLICAN ROAD JUNCTION IGUOBAZUWA,Iguobazuwa West,Ovia South-West
EDO,15,02,12,15,02,011,12/15/02/011,IGUOBAZUWA MAGISTRATE COURT,Iguobazuwa West,Ovia South-West
EDO,15,02,12,15,02,012,12/15/02/012,OPEN SPACE BY LOCAL HOUSE IGUOBAZUWA,Iguobazuwa West,Ovia South-West
EDO,15,02,12,15,02,013,12/15/02/013,IGUOBAZUWA HEALTH CENTRE,Iguobazuwa West,Ovia South-West
EDO,15,02,12,15,02,014,12/15/02/014,OPEN SPACE BY POLICE BARRACKS IGUOBAZUWA,Iguobazuwa West,Ovia South-West
EDO,15,02,12,15,02,015,12/15/02/015,"OPEN SPACE OLD MARKET, IGUOBAZUWA",Iguobazuwa West,Ovia South-West
EDO,15,02,12,15,02,016,12/15/02/016,OPEN SPACE BESIDE THE TRANSFORMER IGUOBAZUWA JUCTION,Iguobazuwa West,Ovia South-West
EDO,15,02,12,15,02,017,12/15/02/017,OPEN SPACE IN FRONT OF BLESSED OSAGIE GROUP OF SCHOOL OBAZUMAMWEN,Iguobazuwa West,Ovia South-West
EDO,15,02,12,15,02,018,12/15/02/018,"GOVERNMENT PRIMARY SCHOOL, OMORODION VILLAGE",Iguobazuwa West,Ovia South-West
EDO,15,02,12,15,02,019,12/15/02/019,OPEN SPACE BY RURAL WATER SUPPLY OKOKPON,Iguobazuwa West,Ovia South-West
EDO,15,02,12,15,02,020,12/15/02/020,OPEN SPACE BY BENJOUR STREET JUCTION OBARETIN,Iguobazuwa West,Ovia South-West
EDO,15,02,12,15,02,021,12/15/02/021,OPEN SPACE BY 3RD JUCTION ODIONWERE STREET OKOKPON,Iguobazuwa West,Ovia South-West
EDO,15,02,12,15,02,000,12/15/02/000,12/15/02/000,Iguobazuwa West,Ovia South-West
EDO,15,03,12,15,03,001,12/15/03/001,"UMAZA,  ADOLO P/SCHOOL",Umaza,Ovia South-West
EDO,15,03,12,15,03,002,12/15/03/002,"OBOBAIFO,  OBOBAIFO P/SCHOOL",Umaza,Ovia South-West
EDO,15,03,12,15,03,003,12/15/03/003,ESSI UMOLUA P/SCHOOL,Umaza,Ovia South-West
EDO,15,03,12,15,03,004,12/15/03/004,"SAYO,  SAYO VILLAGE",Umaza,Ovia South-West
EDO,15,03,12,15,03,005,12/15/03/005,"IGUOSA , IGUOSA PRIMARY SCHOOL",Umaza,Ovia South-West
EDO,15,03,12,15,03,006,12/15/03/006,"AIGUOBASIMWIN,  OHA P/SCHOOL",Umaza,Ovia South-West
EDO,15,03,12,15,03,007,12/15/03/007,"OJUMU,  OKUA P/SCHOOL",Umaza,Ovia South-West
EDO,15,03,12,15,03,008,12/15/03/008,"IGUELAIHO,  OBAHIAGBON P/SCHOOL",Umaza,Ovia South-West
EDO,15,03,12,15,03,009,12/15/03/009,"UGBOKUA,  UGBOKUA VILLAGE",Umaza,Ovia South-West
EDO,15,03,12,15,03,010,12/15/03/010,"IGUERHOHON,  AKUGBE P/SCHOOL I",Umaza,Ovia South-West
EDO,15,03,12,15,03,011,12/15/03/011,"IGUERHOHON, AKUGBE P/SCHOOL  II",Umaza,Ovia South-West
EDO,15,03,12,15,03,012,12/15/03/012,UMAZA SECONDARY SCHOOL,Umaza,Ovia South-West
EDO,15,03,12,15,03,013,12/15/03/013,ELAIHO GRAMM SCHOOL IGUELAHO,Umaza,Ovia South-West
EDO,15,03,12,15,03,014,12/15/03/014,OPEN SPACE BY ST. MATTHEW ANGLICAN CHURCH IGUELAIHO,Umaza,Ovia South-West
EDO,15,03,12,15,03,015,12/15/03/015,"IGUOKAIKHEN PRY SCHOOL, IGUOKAKHEN",Umaza,Ovia South-West
EDO,15,03,12,15,03,016,12/15/03/016,OPEN SPACE BY UNICEF WATER PROJECT AT IZIDE-NOKE COMMUNITY,Umaza,Ovia South-West
EDO,15,03,12,15,03,000,12/15/03/000,12/15/03/000,Umaza,Ovia South-West
EDO,15,04,12,15,04,001,12/15/04/001,"SILUKO,  SILUKO P/SCHOOL",Siluko,Ovia South-West
EDO,15,04,12,15,04,002,12/15/04/002,"SILUKO,  SILUKO G/S",Siluko,Ovia South-West
EDO,15,04,12,15,04,003,12/15/04/003,"SILUKO,  SILUKO POSTAL AGENCY",Siluko,Ovia South-West
EDO,15,04,12,15,04,004,12/15/04/004,"ABIEYI, ABIEYI PRIMARY/SCHOOL  I",Siluko,Ovia South-West
EDO,15,04,12,15,04,005,12/15/04/005,"ABIEYI , ABIEYI PRIMARY SCHOOL   II",Siluko,Ovia South-West
EDO,15,04,12,15,04,006,12/15/04/006,"IGUAGBADO,  AGBADO P/SCHOOL",Siluko,Ovia South-West
EDO,15,04,12,15,04,007,12/15/04/007,"MADAGBAYO,  OMOZAYE P/SCHOOL",Siluko,Ovia South-West
EDO,15,04,12,15,04,008,12/15/04/008,"EJIDE WATER SIDE,  DAUYOMO P/SCHOOL",Siluko,Ovia South-West
EDO,15,04,12,15,04,009,12/15/04/009,"GBELEMOTEN INLAND,  DOMINJU P/SCHOOL",Siluko,Ovia South-West
EDO,15,04,12,15,04,010,12/15/04/010,"IJAW-OKOMU,  EJOR P/SCHOOL",Siluko,Ovia South-West
EDO,15,04,12,15,04,011,12/15/04/011,"SAFAROGBO,  OHA P/SCHOOL",Siluko,Ovia South-West
EDO,15,04,12,15,04,012,12/15/04/012,GBELEBU- GBELEBU P/SCHOOL,Siluko,Ovia South-West
EDO,15,04,12,15,04,013,12/15/04/013,OPEN SPACE -MADAGBAYO HEALTH CENTER,Siluko,Ovia South-West
EDO,15,04,12,15,04,014,12/15/04/014,"OPEN SPACE NEAR MILLICENT PRIMARY SCHOOL, MARINDOTI-GBELEMOTEN",Siluko,Ovia South-West
EDO,15,04,12,15,04,015,12/15/04/015,OPEN SPACE OKOMU IJAW COMMUNITY,Siluko,Ovia South-West
EDO,15,04,12,15,04,016,12/15/04/016,"COMMUNITY SECONDARY SCHOOL, SAFAROGBO",Siluko,Ovia South-West
EDO,15,04,12,15,04,017,12/15/04/017,GBELEBU SECONDARY SCH.,Siluko,Ovia South-West
EDO,15,04,12,15,04,000,12/15/04/000,12/15/04/000,Siluko,Ovia South-West
EDO,15,05,12,15,05,001,12/15/05/001,"UDO,  UDO MATERNITY   I",Udo,Ovia South-West
EDO,15,05,12,15,05,002,12/15/05/002,"UDO,  UDO MATERNITY   II",Udo,Ovia South-West
EDO,15,05,12,15,05,003,12/15/05/003,"UDO, UDO GRAMMAR SCHOOL",Udo,Ovia South-West
EDO,15,05,12,15,05,004,12/15/05/004,"UDO,  EZOTI P/SCHOOL  I",Udo,Ovia South-West
EDO,15,05,12,15,05,005,12/15/05/005,"UDO,  EZOTI P/SCHOOL   II",Udo,Ovia South-West
EDO,15,05,12,15,05,006,12/15/05/006,"UDO , EZOTI P/SCHOOL   III",Udo,Ovia South-West
EDO,15,05,12,15,05,007,12/15/05/007,"UDO,  COURT HALL",Udo,Ovia South-West
EDO,15,05,12,15,05,008,12/15/05/008,"UDO,  UDO P/SCHOOL (IGBESAMWAN)  I",Udo,Ovia South-West
EDO,15,05,12,15,05,009,12/15/05/009,"UDO,  UDO P/SCHOOL (IGBESAMWAN)  II",Udo,Ovia South-West
EDO,15,05,12,15,05,010,12/15/05/010,"IGUAFOLE,  OVONRAMWEN P/SCHOOL",Udo,Ovia South-West
EDO,15,05,12,15,05,011,12/15/05/011,"IGUEZE,  IGUEZE VILLAGE",Udo,Ovia South-West
EDO,15,05,12,15,05,012,12/15/05/012,"URHEZEN,  OGBOE P/SCHOOL",Udo,Ovia South-West
EDO,15,05,12,15,05,013,12/15/05/013,"OKOMU , OKOMU P/SCHOOL",Udo,Ovia South-West
EDO,15,05,12,15,05,014,12/15/05/014,"IKOKA-ETETE,  EGHOSA P/SCHOOL",Udo,Ovia South-West
EDO,15,05,12,15,05,015,12/15/05/015,"IGUOWAN,  IGUOWAN VILLAGE",Udo,Ovia South-West
EDO,15,05,12,15,05,016,12/15/05/016,"OPEN SPACE BESIDE MOJO COUNTRY HOME, UDO",Udo,Ovia South-West
EDO,15,05,12,15,05,017,12/15/05/017,OPEN SPACE BY INNE QUATERS AND ARAGUN JUNCTION UDO,Udo,Ovia South-West
EDO,15,05,12,15,05,018,12/15/05/018,OPEN SPACE BY FORESTRY ROAD JUNCTION  OPP. UDO PARK UDO,Udo,Ovia South-West
EDO,15,05,12,15,05,019,12/15/05/019,OPEN SPACE BY  4 JUNCTION AT OGBE CENTRAL UDO,Udo,Ovia South-West
EDO,15,05,12,15,05,020,12/15/05/020,OPEN SPACE BY OPENER STREET JUCTION UDO,Udo,Ovia South-West
EDO,15,05,12,15,05,021,12/15/05/021,UDO TOWNHALL,Udo,Ovia South-West
EDO,15,05,12,15,05,022,12/15/05/022,UNIVERSITY OF BENIN TEACHING HOSPITAL UDO,Udo,Ovia South-West
EDO,15,05,12,15,05,023,12/15/05/023,OPEN SPACE -UDO NEW MARKET,Udo,Ovia South-West
EDO,15,05,12,15,05,024,12/15/05/024,"OKOMU STAFF SCHOOL, OKOMU",Udo,Ovia South-West
EDO,15,05,12,15,05,025,12/15/05/025,MAIROGHIONBA P/SCH.,Udo,Ovia South-West
EDO,15,05,12,15,05,026,12/15/05/026,OPEN SPACE BY AT&P MARKET,Udo,Ovia South-West
EDO,15,05,12,15,05,000,12/15/05/000,12/15/05/000,Udo,Ovia South-West
EDO,15,06,12,15,06,001,12/15/06/001,"IGUOKOLO/IKPOBA,  AKUGBE P/SCHOOL",Ora,Ovia South-West
EDO,15,06,12,15,06,002,12/15/06/002,"ORA,  OZOLUA P/SCHOOL",Ora,Ovia South-West
EDO,15,06,12,15,06,003,12/15/06/003,AMIEGHOMWAN VILLAGE,Ora,Ovia South-West
EDO,15,06,12,15,06,004,12/15/06/004,"IGUORIAKHI UP HILL,  ORIAKHI P/SCHO0L",Ora,Ovia South-West
EDO,15,06,12,15,06,005,12/15/06/005,"OSSE,  OSSE RIVER PRIMARY SCHOOL",Ora,Ovia South-West
EDO,15,06,12,15,06,006,12/15/06/006,"IGUORIAKHI WATERSIDE, OR IAKHI P/SCHOOL)",Ora,Ovia South-West
EDO,15,06,12,15,06,007,12/15/06/007,OBARENREN PRIMARY SCHOOL,Ora,Ovia South-West
EDO,15,06,12,15,06,008,12/15/06/008,ORA TOWN HALL,Ora,Ovia South-West
EDO,15,06,12,15,06,009,12/15/06/009,AMIEGHOMWAN VILLAGE TOWN HALL,Ora,Ovia South-West
EDO,15,06,12,15,06,010,12/15/06/010,"OBA OVONRAMWEN GRAMMAR SCHOOL, IGUORIAKHI",Ora,Ovia South-West
EDO,15,06,12,15,06,011,12/15/06/011,"OSSE,OSSE TOWN HALL",Ora,Ovia South-West
EDO,15,06,12,15,06,012,12/15/06/012,HEALTH POST IGUORIAKHI WATERSIDE,Ora,Ovia South-West
EDO,15,06,12,15,06,000,12/15/06/000,12/15/06/000,Ora,Ovia South-West
EDO,15,07,12,15,07,001,12/15/07/001,"USEN , OSASEYI P/SCHOOL  I",Usen,Ovia South-West
EDO,15,07,12,15,07,002,12/15/07/002,"USEN , OSASEYI P/SCHOOL   II",Usen,Ovia South-West
EDO,15,07,12,15,07,003,12/15/07/003,"USEN , ELAWURE G/S",Usen,Ovia South-West
EDO,15,07,12,15,07,004,12/15/07/004,"USEN,  OGIDIGBO QUARTERS",Usen,Ovia South-West
EDO,15,07,12,15,07,005,12/15/07/005,"OKORO  I,  OKORO PRIMARY SCHOOL",Usen,Ovia South-West
EDO,15,07,12,15,07,006,12/15/07/006,"ULURIN,  OBAKPOLOR P/SCHOOL  I",Usen,Ovia South-West
EDO,15,07,12,15,07,007,12/15/07/007,"ULURIN,  OBAKPOLOR P/SCHOOL   II",Usen,Ovia South-West
EDO,15,07,12,15,07,008,12/15/07/008,"OGUNMWENYI,  OMOZOGIE P/SCHOOL",Usen,Ovia South-West
EDO,15,07,12,15,07,009,12/15/07/009,"USEN,  ATAMABALE P/SCHOOL",Usen,Ovia South-West
EDO,15,07,12,15,07,010,12/15/07/010,"OKPA,  AZAGBA P/SCHOOL",Usen,Ovia South-West
EDO,15,07,12,15,07,011,12/15/07/011,"ADEYANBA,  ADEYANBA VILLAGE",Usen,Ovia South-West
EDO,15,07,12,15,07,012,12/15/07/012,USEN GENERAL HOSPITAL,Usen,Ovia South-West
EDO,15,07,12,15,07,013,12/15/07/013,"OPEN SPACE, MARKET SQUARE,USEN",Usen,Ovia South-West
EDO,15,07,12,15,07,014,12/15/07/014,"OPEN SPACE -EDO STATE POLYTECHNIC USEN,",Usen,Ovia South-West
EDO,15,07,12,15,07,015,12/15/07/015,HEALTH CENTER (USEN POLYTECHNIC),Usen,Ovia South-West
EDO,15,07,12,15,07,016,12/15/07/016,OPEN SPACE YOUTH CENTER BY AKURE JUNCTION,Usen,Ovia South-West
EDO,15,07,12,15,07,017,12/15/07/017,"OPEN SPACE,  MKT SQUARE, OGIDIGBO QTRS",Usen,Ovia South-West
EDO,15,07,12,15,07,018,12/15/07/018,OPEN SPACE ULURIN HEALTH CENTRE,Usen,Ovia South-West
EDO,15,07,12,15,07,019,12/15/07/019,OPEN SPACE OPPOSITE AJEGULE CENTRAL MOSQUE,Usen,Ovia South-West
EDO,15,07,12,15,07,020,12/15/07/020,"OPEN SPACE OKEDE STREET JUNCTION,USEN",Usen,Ovia South-West
EDO,15,07,12,15,07,000,12/15/07/000,12/15/07/000,Usen,Ovia South-West
EDO,15,08,12,15,08,001,12/15/08/001,"UGBOGUI , ULAH P/SCHOOL",Ugbogui,Ovia South-West
EDO,15,08,12,15,08,002,12/15/08/002,"UGBOGUI , IGBINOBA,  P/SCHOOL I",Ugbogui,Ovia South-West
EDO,15,08,12,15,08,003,12/15/08/003,"UGBOGUI, IGBINOBA, P/SCHOOL   II",Ugbogui,Ovia South-West
EDO,15,08,12,15,08,004,12/15/08/004,"UGBOGUI,  IGBINOBA,  P/SCHOOL  III",Ugbogui,Ovia South-West
EDO,15,08,12,15,08,005,12/15/08/005,"EVBONOGBON,  EVBONOGBON PRIMARY SCHOOL",Ugbogui,Ovia South-West
EDO,15,08,12,15,08,006,12/15/08/006,"IKOKA  I,  ESIGIE P/SCHOOL  I",Ugbogui,Ovia South-West
EDO,15,08,12,15,08,007,12/15/08/007,"IKOKA  II , ESIGIE P/SCHOOL (ADEBAYO)  II",Ugbogui,Ovia South-West
EDO,15,08,12,15,08,008,12/15/08/008,"AGBONBAYEMWEN,  AKENZUA P/SCH00L",Ugbogui,Ovia South-West
EDO,15,08,12,15,08,009,12/15/08/009,"IGUOBANOR,  IGUOBANOR VILLAGE",Ugbogui,Ovia South-West
EDO,15,08,12,15,08,010,12/15/08/010,"ADEN, ADEN RIVER P/SCHOOL",Ugbogui,Ovia South-West
EDO,15,08,12,15,08,011,12/15/08/011,"IGBOBOR,  ABESI P/SCHOOL",Ugbogui,Ovia South-West
EDO,15,08,12,15,08,012,12/15/08/012,"OKPONHA , OKPONHA P/SCHOOL",Ugbogui,Ovia South-West
EDO,15,08,12,15,08,013,12/15/08/013,OFUMWENGBE TOWN (OFUMWENGBE),Ugbogui,Ovia South-West
EDO,15,08,12,15,08,014,12/15/08/014,UGBOGUI SECONDARY SCHOOL,Ugbogui,Ovia South-West
EDO,15,08,12,15,08,015,12/15/08/015,OPEN SPACE IGBINOBA MARKET SQUARE,Ugbogui,Ovia South-West
EDO,15,08,12,15,08,016,12/15/08/016,IGBINOBA COMMUNITY TOWN HALL,Ugbogui,Ovia South-West
EDO,15,08,12,15,08,017,12/15/08/017,UGBOGUI PRIMARY HEALTH CENTER,Ugbogui,Ovia South-West
EDO,15,08,12,15,08,018,12/15/08/018,AIBANGBEE PRIMARY SCHOOL,Ugbogui,Ovia South-West
EDO,15,08,12,15,08,019,12/15/08/019,OPEN SPACE EVBONOGBON MARKET SQUARE,Ugbogui,Ovia South-West
EDO,15,08,12,15,08,020,12/15/08/020,EVBONOGBON HEALTH CENTER,Ugbogui,Ovia South-West
EDO,15,08,12,15,08,021,12/15/08/021,EVBONOGBON SECONDARY SCHOOL,Ugbogui,Ovia South-West
EDO,15,08,12,15,08,022,12/15/08/022,"OPEN SPACE, GEORGIO ROCKS BY HARVEY JUNCTION",Ugbogui,Ovia South-West
EDO,15,08,12,15,08,023,12/15/08/023,MAKPORO PRIMARY SCHOOL,Ugbogui,Ovia South-West
EDO,15,08,12,15,08,024,12/15/08/024,OPEN SPACE BY POLICE STATION JUNCTION EVBONOGBON,Ugbogui,Ovia South-West
EDO,15,08,12,15,08,025,12/15/08/025,"OPEN SPACE LIFE SPRING JUNCTION, EVBONOGBON",Ugbogui,Ovia South-West
EDO,15,08,12,15,08,026,12/15/08/026,RAZAK PRIMARY SCHOOL,Ugbogui,Ovia South-West
EDO,15,08,12,15,08,027,12/15/08/027,IKOHA PRIMARY HEALTH CENTER,Ugbogui,Ovia South-West
EDO,15,08,12,15,08,028,12/15/08/028,PRIMARY HEALTH CENTER IKOHA11 (ADEBAYO),Ugbogui,Ovia South-West
EDO,15,08,12,15,08,029,12/15/08/029,OPEN SPACE IGBOBOR JUNCTION,Ugbogui,Ovia South-West
EDO,15,08,12,15,08,030,12/15/08/030,"OPEN SPACE, BESIDE OKPONHA PRY SCH, ALONG USEN EXPRESS",Ugbogui,Ovia South-West
EDO,15,08,12,15,08,031,12/15/08/031,OFUMWENGBE PRIMARY SCHOOL,Ugbogui,Ovia South-West
EDO,15,08,12,15,08,032,12/15/08/032,OPEN SPACE IMUETIYAN STREET OFF OFUMWENGBE PRIMARY SCHOOL,Ugbogui,Ovia South-West
EDO,15,08,12,15,08,033,12/15/08/033,COMPREHENSIVE PRIMARY HEALTH CENTER OFUMWENGBE,Ugbogui,Ovia South-West
EDO,15,08,12,15,08,034,12/15/08/034,OFUMWENGBE PRIMARY HEALTH CENTER,Ugbogui,Ovia South-West
EDO,15,08,12,15,08,000,12/15/08/000,12/15/08/000,Ugbogui,Ovia South-West
EDO,15,09,12,15,09,001,12/15/09/001,"AJAKURAMA,  AJAKURAMA P/SCHOOL",Ofunama,Ovia South-West
EDO,15,09,12,15,09,002,12/15/09/002,"ABERE,  ABERE PRIMARY SCHOOL",Ofunama,Ovia South-West
EDO,15,09,12,15,09,003,12/15/09/003,"ITAGBENE,  ITAGBENE PRIMARY SCHOOL",Ofunama,Ovia South-West
EDO,15,09,12,15,09,004,12/15/09/004,"OFUNAMA,  EGBEMA P/SCHOOL",Ofunama,Ovia South-West
EDO,15,09,12,15,09,005,12/15/09/005,"BINIDODOGHA, BINIDODOGHA PRIMARY SCHOOL",Ofunama,Ovia South-West
EDO,15,09,12,15,09,006,12/15/09/006,"GBELUKANGA,  GBELUKANGA P/SCHOOL",Ofunama,Ovia South-West
EDO,15,09,12,15,09,007,12/15/09/007,"GBEOBA,  GBEOBA PRIMARY SCHOOL",Ofunama,Ovia South-West
EDO,15,09,12,15,09,008,12/15/09/008,"TORUKUBU , TORUKUBU PRIMARY SCHOOL",Ofunama,Ovia South-West
EDO,15,09,12,15,09,009,12/15/09/009,"OPEN SPACE BY MARKET SQUARE, AJAKURAMA",Ofunama,Ovia South-West
EDO,15,09,12,15,09,010,12/15/09/010,AJAKURAMA SENIOR SECONDARY SCHOOL,Ofunama,Ovia South-West
EDO,15,09,12,15,09,011,12/15/09/011,"COMMUNITY TOWN HALL, ABERE",Ofunama,Ovia South-West
EDO,15,09,12,15,09,012,12/15/09/012,"AJATITON PRIMARY SCHOOL, ITAGBENE",Ofunama,Ovia South-West
EDO,15,09,12,15,09,013,12/15/09/013,"OPEN SPACE NEAR HEALTH CENTER, EGBEMA",Ofunama,Ovia South-West
EDO,15,09,12,15,09,014,12/15/09/014,"EGBEMA SECONDARY SCHOOL, OFUNAMA",Ofunama,Ovia South-West
EDO,15,09,12,15,09,015,12/15/09/015,"OLD COMMUNITY TOWN HALL, GBELUKANGA",Ofunama,Ovia South-West
EDO,15,09,12,15,09,016,12/15/09/016,"OPEN SPACE, NEAR HEALTH POST, GBEOBA",Ofunama,Ovia South-West
EDO,15,09,12,15,09,000,12/15/09/000,12/15/09/000,Ofunama,Ovia South-West
EDO,15,10,12,15,10,001,12/15/10/001,"UGBO,  OVIA PRIMARY SCHOOL",Nikorogha,Ovia South-West
EDO,15,10,12,15,10,002,12/15/10/002,AIGUOBASIMWINOTOR(AIGUOBASIMWINOTOR  VILLAGE),Nikorogha,Ovia South-West
EDO,15,10,12,15,10,003,12/15/10/003,"NIKOROGHA,  OLODIAMA P/SCHOOL",Nikorogha,Ovia South-West
EDO,15,10,12,15,10,004,12/15/10/004,"ASAMARA, IGBINOBA P/SCHOOL",Nikorogha,Ovia South-West
EDO,15,10,12,15,10,005,12/15/10/005,"AWORI,  AWORI VILLAGE",Nikorogha,Ovia South-West
EDO,15,10,12,15,10,006,12/15/10/006,"JAMAGIE,  OGONDI P/SCHOOL",Nikorogha,Ovia South-West
EDO,15,10,12,15,10,007,12/15/10/007,"AJEFIE , AJEFIE P/SCHOOL",Nikorogha,Ovia South-West
EDO,15,10,12,15,10,008,12/15/10/008,INIKOROGHA SECONDARY SCHOOL,Nikorogha,Ovia South-West
EDO,15,10,12,15,10,009,12/15/10/009,INIKOROGHA MOTOR PARKOPEN SPACE,Nikorogha,Ovia South-West
EDO,15,10,12,15,10,010,12/15/10/010,OPEN SPACE BY AT&P YARD,Nikorogha,Ovia South-West
EDO,15,10,12,15,10,011,12/15/10/011,OPEN SPACE ASMARA HASSAN,Nikorogha,Ovia South-West
EDO,15,10,12,15,10,012,12/15/10/012,OPEN SPACE JAMAGIE-TORLOFA,Nikorogha,Ovia South-West
EDO,15,10,12,15,10,013,12/15/10/013,OPEN SPACE JAMAGIE TOWN HALL,Nikorogha,Ovia South-West
EDO,15,10,12,15,10,000,12/15/10/000,12/15/10/000,Nikorogha,Ovia South-West
EDO,16,01,12,16,01,001,12/16/01/001,"INST. OF PHY EDUCATION, AFUZE I",Emai I,Owan East
EDO,16,01,12,16,01,002,12/16/01/002,"INST. OF PHY EDUCATION, AFUZE  II",Emai I,Owan East
EDO,16,01,12,16,01,003,12/16/01/003,"SPACE BY MOTOR PARK, AFUZE",Emai I,Owan East
EDO,16,01,12,16,01,004,12/16/01/004,"SPACE BY I.P.E. HOSTEL, AFUZE",Emai I,Owan East
EDO,16,01,12,16,01,005,12/16/01/005,"MATERNITY CENTRE, AFUZE I",Emai I,Owan East
EDO,16,01,12,16,01,006,12/16/01/006,"MATERNITY CENTRE, AFUZE  II",Emai I,Owan East
EDO,16,01,12,16,01,007,12/16/01/007,"PUB. FIELD GALLARY,  AFUZE",Emai I,Owan East
EDO,16,01,12,16,01,008,12/16/01/008,"OHOBO PRIMARY SCHOOL,  AFUZE  I",Emai I,Owan East
EDO,16,01,12,16,01,009,12/16/01/009,"OHOBO PRIMARY SCHOOL,  AFUZE    II",Emai I,Owan East
EDO,16,01,12,16,01,010,12/16/01/010,"SPACE BY SMALL MARKET,  AFUZE",Emai I,Owan East
EDO,16,01,12,16,01,011,12/16/01/011,"OPPOSITE PALACE GROUND,  AFUZE",Emai I,Owan East
EDO,16,01,12,16,01,012,12/16/01/012,"EMAI PRIMARY SCHOOL,  AFUZE I",Emai I,Owan East
EDO,16,01,12,16,01,013,12/16/01/013,"EMAI PRIMARY SCHOOL,  AFUZE  II",Emai I,Owan East
EDO,16,01,12,16,01,014,12/16/01/014,OPEN SPACE OPPPOSITE POLICE STATION,Emai I,Owan East
EDO,16,01,12,16,01,015,12/16/01/015,OPEN SPACE BY MAIN MARKET AFUZE,Emai I,Owan East
EDO,16,01,12,16,01,016,12/16/01/016,OPEN SPACE REFERRAL MEDICAL CENTRE AFUZE,Emai I,Owan East
EDO,16,01,12,16,01,017,12/16/01/017,OPEN SPACE GENERAL HOSPITAL AFUZE,Emai I,Owan East
EDO,16,01,12,16,01,018,12/16/01/018,OPEN SPACE BY SMALL MARKET AFUZE II,Emai I,Owan East
EDO,16,01,12,16,01,019,12/16/01/019,MAGISTRATE COURT PREMISES AFUZE,Emai I,Owan East
EDO,16,01,12,16,01,020,12/16/01/020,EMAI  PRIMARY SCHOOL AFUZE III,Emai I,Owan East
EDO,16,01,12,16,01,021,12/16/01/021,EMAI PRIMARY SCHOOL AFUZE IV,Emai I,Owan East
EDO,16,01,12,16,01,000,12/16/01/000,12/16/01/000,Emai I,Owan East
EDO,16,02,12,16,02,001,12/16/02/001,"OWNU PRIMARY SCHOOL,  OVBIOMU   I",Emai Ii,Owan East
EDO,16,02,12,16,02,002,12/16/02/002,"OWNU PRIMARY SCHOOL,  OVBIOMU   II",Emai Ii,Owan East
EDO,16,02,12,16,02,003,12/16/02/003,"IGBIRA CAMP,  OJAVUN",Emai Ii,Owan East
EDO,16,02,12,16,02,004,12/16/02/004,"EGHU PRIMARY SCHOOL,  OJAVUN   I",Emai Ii,Owan East
EDO,16,02,12,16,02,005,12/16/02/005,"EGHU PRIMARY SCHOOL,  OJAVUN   II",Emai Ii,Owan East
EDO,16,02,12,16,02,006,12/16/02/006,"OKPOKHOMI PRIMARY SCHOOL,  OJAVUN  I",Emai Ii,Owan East
EDO,16,02,12,16,02,007,12/16/02/007,"OKPOKHOMI PRIMARY SCHOOL,  OJAVUN   II",Emai Ii,Owan East
EDO,16,02,12,16,02,008,12/16/02/008,"OGUTE PRIMARY SCHOOL,  OGUTE  I",Emai Ii,Owan East
EDO,16,02,12,16,02,009,12/16/02/009,"OGUTE PRIMARY SCHOOL,  OGUTE  II",Emai Ii,Owan East
EDO,16,02,12,16,02,010,12/16/02/010,"OBADA PRIMARY SCHOOL,  EVBIAMEN  I",Emai Ii,Owan East
EDO,16,02,12,16,02,011,12/16/02/011,"OBADA PRIMARY SCHOOL,  EVBIAMEN  II",Emai Ii,Owan East
EDO,16,02,12,16,02,012,12/16/02/012,"ST. JAMES ORA SCHOOL,  UAHOMI       I",Emai Ii,Owan East
EDO,16,02,12,16,02,013,12/16/02/013,"ST. JAMES ORA SCHOOL,  UAHOMI     II",Emai Ii,Owan East
EDO,16,02,12,16,02,014,12/16/02/014,"ETEYE PRIMARY SCHOOL,  ETEYE",Emai Ii,Owan East
EDO,16,02,12,16,02,015,12/16/02/015,"OVBIOMU TOWN HALL,OVBIOMU",Emai Ii,Owan East
EDO,16,02,12,16,02,016,12/16/02/016,"OVBIOMU MATERNITY CENTRE,OVBIOMU",Emai Ii,Owan East
EDO,16,02,12,16,02,017,12/16/02/017,OKPOKHOMI PRIMARY SCHOOL OJAVUN III,Emai Ii,Owan East
EDO,16,02,12,16,02,018,12/16/02/018,OKPOKHOMI MATERNITY CENTRE,Emai Ii,Owan East
EDO,16,02,12,16,02,019,12/16/02/019,OGUTE MATERNITY CENTRE OGUTE,Emai Ii,Owan East
EDO,16,02,12,16,02,020,12/16/02/020,ETEYE PRIMARY SCHOOL ETEYE II,Emai Ii,Owan East
EDO,16,02,12,16,02,000,12/16/02/000,12/16/02/000,Emai Ii,Owan East
EDO,16,03,12,16,03,001,12/16/03/001,"IVBIEVE PRIMARY SCHOOL,  IHIEVBE     I",Ihievbe I,Owan East
EDO,16,03,12,16,03,002,12/16/03/002,"IVBIEVE PRIMARY SCHOOL,  IHIEVBE     II",Ihievbe I,Owan East
EDO,16,03,12,16,03,003,12/16/03/003,"NEAR MOTOR GARAGE,  IHIEVBE",Ihievbe I,Owan East
EDO,16,03,12,16,03,004,12/16/03/004,"OBOH INTN SCHOOL,  IHIEVBE",Ihievbe I,Owan East
EDO,16,03,12,16,03,005,12/16/03/005,"MATERNITY CENTRE,  IHIEVBE",Ihievbe I,Owan East
EDO,16,03,12,16,03,006,12/16/03/006,"SPACE BY CUSTOMARY COURT,  IHIEVBE  I",Ihievbe I,Owan East
EDO,16,03,12,16,03,007,12/16/03/007,"SPACE BY CUSTOMARY COURT,  IHIEVBE   II",Ihievbe I,Owan East
EDO,16,03,12,16,03,008,12/16/03/008,"MARKET SQUARE IVBIORE,  OGHA",Ihievbe I,Owan East
EDO,16,03,12,16,03,009,12/16/03/009,"CUSTOMARY COURT,  EDON ROAD",Ihievbe I,Owan East
EDO,16,03,12,16,03,010,12/16/03/010,"OBOKHUODUMA PRIMARY SCHOOL,  IHIEVBE",Ihievbe I,Owan East
EDO,16,03,12,16,03,011,12/16/03/011,"EMABUN IGBIRA CAMP,  IHIEVBE",Ihievbe I,Owan East
EDO,16,03,12,16,03,012,12/16/03/012,IVBIEVE PRIMARY SCHOOL IHIEVBE III,Ihievbe I,Owan East
EDO,16,03,12,16,03,013,12/16/03/013,IVBIEVE PRIMARY SCHOOL IHIEVBE  IV,Ihievbe I,Owan East
EDO,16,03,12,16,03,014,12/16/03/014,NEAR MOTOR GARAGE IHIEVBE II,Ihievbe I,Owan East
EDO,16,03,12,16,03,015,12/16/03/015,OBOH INTERNATIONAL SCHOOL IHIEVBE II,Ihievbe I,Owan East
EDO,16,03,12,16,03,016,12/16/03/016,CUSTOMARY COURT EDON ROAD II,Ihievbe I,Owan East
EDO,16,03,12,16,03,017,12/16/03/017,OBOKHUODUMA PRIMARY SCHOOL IHIEVBE II,Ihievbe I,Owan East
EDO,16,03,12,16,03,000,12/16/03/000,12/16/03/000,Ihievbe I,Owan East
EDO,16,04,12,16,04,001,12/16/04/001,"OTUAJABOR PRIMARY SCHOOL,  OTUA  I",Ihievbe Ii,Owan East
EDO,16,04,12,16,04,002,12/16/04/002,"OTUAJABOR PRIMARY SCHOOL,  OTUA   II",Ihievbe Ii,Owan East
EDO,16,04,12,16,04,003,12/16/04/003,"OTUAJABOR PRIMARY SCHOOL,  OTUA    III",Ihievbe Ii,Owan East
EDO,16,04,12,16,04,004,12/16/04/004,"EKHUEYE PRIMARY SCHOOL,  EKHUEYE  I",Ihievbe Ii,Owan East
EDO,16,04,12,16,04,005,12/16/04/005,"EKHUEYE PRIMARY SCHOOL,  EKHUEYE   II",Ihievbe Ii,Owan East
EDO,16,04,12,16,04,006,12/16/04/006,"OSAMARAN P/SCHOO,  OKHUAME   I",Ihievbe Ii,Owan East
EDO,16,04,12,16,04,007,12/16/04/007,"OSAMARAN P/SCHOOL,  OKHUAME    II",Ihievbe Ii,Owan East
EDO,16,04,12,16,04,008,12/16/04/008,"OSAMARAN FIELD,  OKHUAME",Ihievbe Ii,Owan East
EDO,16,04,12,16,04,009,12/16/04/009,"PRIMARY SCHOOL,  OGBEN  I",Ihievbe Ii,Owan East
EDO,16,04,12,16,04,010,12/16/04/010,"PRIMARY SCHOOL,  OGBEN   II",Ihievbe Ii,Owan East
EDO,16,04,12,16,04,011,12/16/04/011,"IGBIRA CAMP ALONG IGARA RD.,  OGBON  I",Ihievbe Ii,Owan East
EDO,16,04,12,16,04,012,12/16/04/012,"IGBIRA CAMP ALONG IGARA RD.,  OGBON   II",Ihievbe Ii,Owan East
EDO,16,04,12,16,04,013,12/16/04/013,HEALTH CENTRE OKHUAME IHIEVBE,Ihievbe Ii,Owan East
EDO,16,04,12,16,04,000,12/16/04/000,12/16/04/000,Ihievbe Ii,Owan East
EDO,16,05,12,16,05,001,12/16/05/001,"ODION PRIMARY SCHOOL,  UOKHA  I",Uokha/Ake,Owan East
EDO,16,05,12,16,05,002,12/16/05/002,"ODION PRIMARY SCHOOL,  UOKHA  II",Uokha/Ake,Owan East
EDO,16,05,12,16,05,003,12/16/05/003,"UOKHA MATERNITY (FIELD), UOKHA",Uokha/Ake,Owan East
EDO,16,05,12,16,05,004,12/16/05/004,"SPACE NEAR Y. MATERNITY,  UOKHA",Uokha/Ake,Owan East
EDO,16,05,12,16,05,005,12/16/05/005,"EWEKA PRIMARY SCHOOL,  UOKHA  I",Uokha/Ake,Owan East
EDO,16,05,12,16,05,006,12/16/05/006,"EWEKA PRIMARY SCHOOL,  UOKHA  II",Uokha/Ake,Owan East
EDO,16,05,12,16,05,007,12/16/05/007,"OPEN FIELD EWEKA P/SCHOOL,  UOKHA",Uokha/Ake,Owan East
EDO,16,05,12,16,05,008,12/16/05/008,"LAWANI CAMP,  UOKHA",Uokha/Ake,Owan East
EDO,16,05,12,16,05,009,12/16/05/009,"AKE PRIMARY SCHOOL,  AKE I",Uokha/Ake,Owan East
EDO,16,05,12,16,05,010,12/16/05/010,"AKE PRIMARY SCHOOL,  AKE  II",Uokha/Ake,Owan East
EDO,16,05,12,16,05,011,12/16/05/011,"HEALTH CENTRE, AKE",Uokha/Ake,Owan East
EDO,16,05,12,16,05,012,12/16/05/012,OPEN SPACE BY AKE MARKET,Uokha/Ake,Owan East
EDO,16,05,12,16,05,013,12/16/05/013,"AKE IGBORO,  AKE",Uokha/Ake,Owan East
EDO,16,05,12,16,05,014,12/16/05/014,"OTUGO GRAMMAR SCHOOL,  AKE",Uokha/Ake,Owan East
EDO,16,05,12,16,05,015,12/16/05/015,"OWA VILLAGE SQUARE,  AKE",Uokha/Ake,Owan East
EDO,16,05,12,16,05,000,12/16/05/000,12/16/05/000,Uokha/Ake,Owan East
EDO,16,06,12,16,06,001,12/16/06/001,"ANAMA P/SCHOOL,  IGUE-OKE",Igue/Ikao,Owan East
EDO,16,06,12,16,06,002,12/16/06/002,"SADIKU IGBIRA CAMP,  IGUE-OKE",Igue/Ikao,Owan East
EDO,16,06,12,16,06,003,12/16/06/003,"NEAR COCOA STORE,  IGUE-OKE",Igue/Ikao,Owan East
EDO,16,06,12,16,06,004,12/16/06/004,"EWEYA P/SCHOOL,  IGUE-SALE",Igue/Ikao,Owan East
EDO,16,06,12,16,06,005,12/16/06/005,"MARKET SQUARE,  IGUE-SALE",Igue/Ikao,Owan East
EDO,16,06,12,16,06,006,12/16/06/006,"IGBIRA CAMP,  IGUE-SALE",Igue/Ikao,Owan East
EDO,16,06,12,16,06,007,12/16/06/007,"INUMAI PRIMARY SCHOOL,  IKAO  I",Igue/Ikao,Owan East
EDO,16,06,12,16,06,008,12/16/06/008,"INUMAI PRIMARY SCHOOL,  IKAO   II",Igue/Ikao,Owan East
EDO,16,06,12,16,06,009,12/16/06/009,"INUMAI PRIMARY SCHOOL,  IKAO    III",Igue/Ikao,Owan East
EDO,16,06,12,16,06,010,12/16/06/010,"INUMAI PRIMARY SCHOO, L IKAO     IV",Igue/Ikao,Owan East
EDO,16,06,12,16,06,011,12/16/06/011,"ATEMONOKHAI PRIMARY SCHOOL,  IKAO",Igue/Ikao,Owan East
EDO,16,06,12,16,06,012,12/16/06/012,"UTHO VILLAGE SQUAR,  IKAO I",Igue/Ikao,Owan East
EDO,16,06,12,16,06,013,12/16/06/013,"UTHO VILLAGE SQUARE,  IKAO II",Igue/Ikao,Owan East
EDO,16,06,12,16,06,014,12/16/06/014,"IGBIRA CAMP,  IGUE-SALE",Igue/Ikao,Owan East
EDO,16,06,12,16,06,015,12/16/06/015,IGUE SALEH SECONDARY SCHOOL IGUE SALE,Igue/Ikao,Owan East
EDO,16,06,12,16,06,016,12/16/06/016,IGBIRA CAMP IGUE - SALE II,Igue/Ikao,Owan East
EDO,16,06,12,16,06,000,12/16/06/000,12/16/06/000,Igue/Ikao,Owan East
EDO,16,07,12,16,07,001,12/16/07/001,"AKUGBE PRIMARY SCHOOL, AROKHO I",Ivbimion,Owan East
EDO,16,07,12,16,07,002,12/16/07/002,"AKUGBE PRIMARY SCHOOL, AROKHO  II",Ivbimion,Owan East
EDO,16,07,12,16,07,003,12/16/07/003,"AKUGBE PRIMARY SCHOOL,  AROKHO  III",Ivbimion,Owan East
EDO,16,07,12,16,07,004,12/16/07/004,"NEAR MARKET SQUARE,  AROKHO",Ivbimion,Owan East
EDO,16,07,12,16,07,005,12/16/07/005,"MARKET SQUARE, AROKHO",Ivbimion,Owan East
EDO,16,07,12,16,07,006,12/16/07/006,"IGBIRA CAMP,  AROKHO",Ivbimion,Owan East
EDO,16,07,12,16,07,007,12/16/07/007,"EKPENGA PRY. SCHOOL,  IKHIN",Ivbimion,Owan East
EDO,16,07,12,16,07,008,12/16/07/008,"EKPENGA FIELD,  IKHIN",Ivbimion,Owan East
EDO,16,07,12,16,07,009,12/16/07/009,"YISA CAMP,  AROKHO",Ivbimion,Owan East
EDO,16,07,12,16,07,010,12/16/07/010,"MOTOR PARK, IKHIN",Ivbimion,Owan East
EDO,16,07,12,16,07,011,12/16/07/011,"NEAR MOTOR CAM,  AROKHO",Ivbimion,Owan East
EDO,16,07,12,16,07,012,12/16/07/012,"IRUOKE VILLAGE SQUARE,  AROKHO",Ivbimion,Owan East
EDO,16,07,12,16,07,013,12/16/07/013,"UBIALE PRIMARY SCHOOL,  UROE",Ivbimion,Owan East
EDO,16,07,12,16,07,014,12/16/07/014,"IYAKA CAMP,  UROE",Ivbimion,Owan East
EDO,16,07,12,16,07,015,12/16/07/015,"IVBIGUN PRIMARY SCHOOL,  OHANMI",Ivbimion,Owan East
EDO,16,07,12,16,07,016,12/16/07/016,"IGBIFUN PRIMARY SCHOOL,  OHANMA",Ivbimion,Owan East
EDO,16,07,12,16,07,017,12/16/07/017,"OHANMI VILLAGE SQUARE,  OHANMI",Ivbimion,Owan East
EDO,16,07,12,16,07,018,12/16/07/018,EKPENGA  PRIMARY SCHOOL IKHIN II,Ivbimion,Owan East
EDO,16,07,12,16,07,019,12/16/07/019,EKPENGA PRIMARY SCHOOL IKHIN III,Ivbimion,Owan East
EDO,16,07,12,16,07,020,12/16/07/020,UBIALE PRIMARY SCHOOL UROE II,Ivbimion,Owan East
EDO,16,07,12,16,07,000,12/16/07/000,12/16/07/000,Ivbimion,Owan East
EDO,16,08,12,16,08,001,12/16/08/001,"NEAR IMAFUN NEW SITE,  OTUO",Otuo I,Owan East
EDO,16,08,12,16,08,002,12/16/08/002,"TOWN HALL,  OTUO",Otuo I,Owan East
EDO,16,08,12,16,08,003,12/16/08/003,"NEAR THE TOWN HALL,  OTUO",Otuo I,Owan East
EDO,16,08,12,16,08,004,12/16/08/004,"BY OLUMA MOTOR PARK,  OTUO",Otuo I,Owan East
EDO,16,08,12,16,08,005,12/16/08/005,"OLUMA TOWN HALL,  OTUO",Otuo I,Owan East
EDO,16,08,12,16,08,006,12/16/08/006,"OLUMA TOWN HALL,  OTUO",Otuo I,Owan East
EDO,16,08,12,16,08,007,12/16/08/007,"OTUO DISPENSARY (FIELD),  OTUO",Otuo I,Owan East
EDO,16,08,12,16,08,008,12/16/08/008,"ALOHO AZAMA COLLEGE ROAD,  OTUO",Otuo I,Owan East
EDO,16,08,12,16,08,009,12/16/08/009,"ALOHO AZAMA OPEN SPACE , OTUO",Otuo I,Owan East
EDO,16,08,12,16,08,010,12/16/08/010,"NEAR MATERNITY CENTRE,  OTUO",Otuo I,Owan East
EDO,16,08,12,16,08,011,12/16/08/011,"UGBA TOWN SQUARE , OTUO",Otuo I,Owan East
EDO,16,08,12,16,08,012,12/16/08/012,"IDESA PRIMARY SCHOOL,  OTUO",Otuo I,Owan East
EDO,16,08,12,16,08,013,12/16/08/013,"OLILA TOWN HALL,  OTUO",Otuo I,Owan East
EDO,16,08,12,16,08,014,12/16/08/014,"ISHIOKHA TOWN HALL,  OTUO",Otuo I,Owan East
EDO,16,08,12,16,08,015,12/16/08/015,"IGHERA TOWN HALL,  OTUO",Otuo I,Owan East
EDO,16,08,12,16,08,016,12/16/08/016,"IKHUERAN TOWN HALL,  OTUO",Otuo I,Owan East
EDO,16,08,12,16,08,017,12/16/08/017,"IDESA PRIMAY SCHOOL,  OTUO",Otuo I,Owan East
EDO,16,08,12,16,08,018,12/16/08/018,IKHUERAN TOWN HALL OTUO II,Otuo I,Owan East
EDO,16,08,12,16,08,019,12/16/08/019,IKHUERAN TOWN HALL OTUO III,Otuo I,Owan East
EDO,16,08,12,16,08,000,12/16/08/000,12/16/08/000,Otuo I,Owan East
EDO,16,09,12,16,09,001,12/16/09/001,"IMOUKPE TOWN HALL,  OTUO",Otuo Ii,Owan East
EDO,16,09,12,16,09,002,12/16/09/002,"WOMEN CENTRE,  OTUO",Otuo Ii,Owan East
EDO,16,09,12,16,09,003,12/16/09/003,"IMAKHIZE PLAY GROUND,  OTUO I",Otuo Ii,Owan East
EDO,16,09,12,16,09,004,12/16/09/004,"IMAKHIZE PLAY GROUND, OTUO  II",Otuo Ii,Owan East
EDO,16,09,12,16,09,005,12/16/09/005,"UZAWA TOWN HALL,  OTUO    I",Otuo Ii,Owan East
EDO,16,09,12,16,09,006,12/16/09/006,"UZAWA TOWN HALL,  OTUO    II",Otuo Ii,Owan East
EDO,16,09,12,16,09,007,12/16/09/007,"OSIEKEPA TOWN HALL,  OTUO",Otuo Ii,Owan East
EDO,16,09,12,16,09,008,12/16/09/008,"OHIGBA TOWN HALL,  OTUO",Otuo Ii,Owan East
EDO,16,09,12,16,09,009,12/16/09/009,"AMOYA TOWN HALL,  OTUO",Otuo Ii,Owan East
EDO,16,09,12,16,09,010,12/16/09/010,"TOWN SQUARE,  OTUO",Otuo Ii,Owan East
EDO,16,09,12,16,09,011,12/16/09/011,"IMAROHE TOWN HALL,  OTUO",Otuo Ii,Owan East
EDO,16,09,12,16,09,012,12/16/09/012,"IMOVIE TOWN SQUARE,  OTUO",Otuo Ii,Owan East
EDO,16,09,12,16,09,013,12/16/09/013,"IMOVIE TOWN SQUARE,  OTUO",Otuo Ii,Owan East
EDO,16,09,12,16,09,014,12/16/09/014,"AMOHON QUARTERS,  OTUO",Otuo Ii,Owan East
EDO,16,09,12,16,09,015,12/16/09/015,"OGHOLUGBO PRIMARY SCHOOL,  OTUO",Otuo Ii,Owan East
EDO,16,09,12,16,09,016,12/16/09/016,AYETORO ISUMEDE (ISISI CAMP),Otuo Ii,Owan East
EDO,16,09,12,16,09,017,12/16/09/017,"AGO-OGBODO PRIMARY SCHOOL,  OTUO",Otuo Ii,Owan East
EDO,16,09,12,16,09,018,12/16/09/018,OHIGBA TOWN HALL OTUO II,Otuo Ii,Owan East
EDO,16,09,12,16,09,000,12/16/09/000,12/16/09/000,Otuo Ii,Owan East
EDO,16,10,12,16,10,001,12/16/10/001,"IVBIOLWCO PIMARY SCHOOL,  ERAH  I",Ivbiadaobi,Owan East
EDO,16,10,12,16,10,002,12/16/10/002,"IVBIOLWCO PIMARY SCHOOL,  ERAH   II",Ivbiadaobi,Owan East
EDO,16,10,12,16,10,003,12/16/10/003,"ERAH GRAMMAR SCHOOL,  ERAH    I",Ivbiadaobi,Owan East
EDO,16,10,12,16,10,004,12/16/10/004,"ERAH GRAMMER SCHOOL,  ERAH    II",Ivbiadaobi,Owan East
EDO,16,10,12,16,10,005,12/16/10/005,"OAMEN PRIMARY SCHOOL,  ERAH",Ivbiadaobi,Owan East
EDO,16,10,12,16,10,006,12/16/10/006,"ESWRIRI PRIMARY SCHOOL , ERAH",Ivbiadaobi,Owan East
EDO,16,10,12,16,10,007,12/16/10/007,"EKEKE PRIMARY SCHOOL,  ERAH",Ivbiadaobi,Owan East
EDO,16,10,12,16,10,008,12/16/10/008,"IGBIRA CAMP EKEKE,  ERAN",Ivbiadaobi,Owan East
EDO,16,10,12,16,10,009,12/16/10/009,"NEAR  BAWA'S COMPOUND,  IVBIARO",Ivbiadaobi,Owan East
EDO,16,10,12,16,10,010,12/16/10/010,"MATERNITY CENTRE,  IVBIARO",Ivbiadaobi,Owan East
EDO,16,10,12,16,10,011,12/16/10/011,"ESE PRIMARY SCHOOL,  IVBIARO I",Ivbiadaobi,Owan East
EDO,16,10,12,16,10,012,12/16/10/012,"ESE PRIMARY SCHOOL,  IVBIARO II",Ivbiadaobi,Owan East
EDO,16,10,12,16,10,013,12/16/10/013,"EMOKPAERE PRIMARY SCHOOL,  IVBIARO",Ivbiadaobi,Owan East
EDO,16,10,12,16,10,014,12/16/10/014,"USUN PRIMARY SCHOOL,  IVBIARO  I",Ivbiadaobi,Owan East
EDO,16,10,12,16,10,015,12/16/10/015,"USUN PRIMARY SCHOOL,  IVBIARO  II",Ivbiadaobi,Owan East
EDO,16,10,12,16,10,016,12/16/10/016,"USUN PRIMARY SCHOOL,  IVBIARO  III",Ivbiadaobi,Owan East
EDO,16,10,12,16,10,017,12/16/10/017,"EMOKPAERE PRIMARY SCHOOL,  OVBIARO",Ivbiadaobi,Owan East
EDO,16,10,12,16,10,000,12/16/10/000,12/16/10/000,Ivbiadaobi,Owan East
EDO,16,11,12,16,11,001,12/16/11/001,"CUSTOMARY COURT,  WARRAKE",Warrake,Owan East
EDO,16,11,12,16,11,002,12/16/11/002,"NEAR CUSTOMARY COURT,  WARRAKE",Warrake,Owan East
EDO,16,11,12,16,11,003,12/16/11/003,"SPACE BY CUSTOMARY COURT,  WARRAKE",Warrake,Owan East
EDO,16,11,12,16,11,004,12/16/11/004,"NEAR COCO PRODUCE STORE,  WARRAKE",Warrake,Owan East
EDO,16,11,12,16,11,005,12/16/11/005,"UGBEVBOJE PRIMARY SCHOOL, WARRAKE",Warrake,Owan East
EDO,16,11,12,16,11,006,12/16/11/006,"MARKET SQUARE B/W AFOKOSO,  WARRAKE",Warrake,Owan East
EDO,16,11,12,16,11,007,12/16/11/007,"MARKET SQUARE B/W AFOKOSO,  WARRAKE",Warrake,Owan East
EDO,16,11,12,16,11,008,12/16/11/008,"AGBALOSUN PRIMARY SCHOO,  WARRAKE",Warrake,Owan East
EDO,16,11,12,16,11,009,12/16/11/009,IGBIRA CAMP IYAKHARA,Warrake,Owan East
EDO,16,11,12,16,11,010,12/16/11/010,"MATERNITY CENTRE,  WARRAKE",Warrake,Owan East
EDO,16,11,12,16,11,011,12/16/11/011,"MARKET SQUARE B/W UZOFOR,  WARRAKE",Warrake,Owan East
EDO,16,11,12,16,11,012,12/16/11/012,"MARKET SQUARE PROPER, WARRAKE",Warrake,Owan East
EDO,16,11,12,16,11,013,12/16/11/013,"NEAR COCOA PRODUCE STORE,  IYADON",Warrake,Owan East
EDO,16,11,12,16,11,000,12/16/11/000,12/16/11/000,Warrake,Owan East
EDO,17,01,12,17,01,001,12/17/01/001,"UNDER A TREE BY NO. 19 UHONMORA ROAD,  OZALLA",Ozalla,Owan West
EDO,17,01,12,17,01,002,12/17/01/002,"UNDER A TREE BY NO. 19 UHONMORA ROAD,  OZALLA",Ozalla,Owan West
EDO,17,01,12,17,01,003,12/17/01/003,"ORHUEN PRIMARY SCHOOL, OZALLA  I",Ozalla,Owan West
EDO,17,01,12,17,01,004,12/17/01/004,"ORHUEN PRIMARY SCHOOL, OZALLA   II",Ozalla,Owan West
EDO,17,01,12,17,01,005,12/17/01/005,OZALLA PRIMARY SCHOOL OZALLA   III,Ozalla,Owan West
EDO,17,01,12,17,01,006,12/17/01/006,OZALLA PRIMARY SCHOOL OZALLA  IV,Ozalla,Owan West
EDO,17,01,12,17,01,007,12/17/01/007,"C. R. I. N PRIMARY SCHOOL,  OZALLA",Ozalla,Owan West
EDO,17,01,12,17,01,008,12/17/01/008,"EKWERAN CAMP,  OZALLA",Ozalla,Owan West
EDO,17,01,12,17,01,009,12/17/01/009,"UKATO CAMP,  OZALLA",Ozalla,Owan West
EDO,17,01,12,17,01,000,12/17/01/000,12/17/01/000,Ozalla,Owan West
EDO,17,02,12,17,02,001,12/17/02/001,"OWERE PRIMARY SCHOOL, UHONMORA  I",Uhonmora,Owan West
EDO,17,02,12,17,02,002,12/17/02/002,"OWERE PRIMARY SCHOOL, UHONMORA  II",Uhonmora,Owan West
EDO,17,02,12,17,02,003,12/17/02/003,"OWERE PRIMARY SCHOOL, UHONMORA   III",Uhonmora,Owan West
EDO,17,02,12,17,02,004,12/17/02/004,"OKPO PRIMARY SCHOOL, UHONMORA  I",Uhonmora,Owan West
EDO,17,02,12,17,02,005,12/17/02/005,"OKPO PRIMARY SCHOOL, UHONMORA  II",Uhonmora,Owan West
EDO,17,02,12,17,02,006,12/17/02/006,"OKPO PRIMARY SCHOOL, UHONMORA  III",Uhonmora,Owan West
EDO,17,02,12,17,02,007,12/17/02/007,"SPACE NEAR UHONMORA TOWN HALL, UHONMORA  I",Uhonmora,Owan West
EDO,17,02,12,17,02,008,12/17/02/008,"SPACE NEAR UHONMORA TOWN HALL, UHONMORA   II",Uhonmora,Owan West
EDO,17,02,12,17,02,009,12/17/02/009,"BY OMUEBEN RD., UHONMORA",Uhonmora,Owan West
EDO,17,02,12,17,02,010,12/17/02/010,"EBEN PRIMARY SCHOOL, UHONMORA  I",Uhonmora,Owan West
EDO,17,02,12,17,02,011,12/17/02/011,"EBEN PRIMARY SCHOOL, UHONMORA   II",Uhonmora,Owan West
EDO,17,02,12,17,02,012,12/17/02/012,"EBEN PRIMARY SCHOOL, UHONMORA    III",Uhonmora,Owan West
EDO,17,02,12,17,02,013,12/17/02/013,"EBEN PRIMARY SCHOOL, UHONMORA    IV",Uhonmora,Owan West
EDO,17,02,12,17,02,000,12/17/02/000,12/17/02/000,Uhonmora,Owan West
EDO,17,03,12,17,03,001,12/17/03/001,"OHIA TOWN HALL,  EME-ORA",Eme-ora/Oke,Owan West
EDO,17,03,12,17,03,002,12/17/03/002,"UGUANROBA P/SCHOOL,  EME-ORA",Eme-ora/Oke,Owan West
EDO,17,03,12,17,03,003,12/17/03/003,"ST MARY'S GRAM. SCHOOL,  EME-ORA I",Eme-ora/Oke,Owan West
EDO,17,03,12,17,03,004,12/17/03/004,"ST MARY'S GRAM. SCHOOL,  EME-ORA  II",Eme-ora/Oke,Owan West
EDO,17,03,12,17,03,005,12/17/03/005,"ODEIJE P/SCHOOL, EME-ORA  I",Eme-ora/Oke,Owan West
EDO,17,03,12,17,03,006,12/17/03/006,"ODEIJE P/SCHOOL,  EME-ORA  II",Eme-ora/Oke,Owan West
EDO,17,03,12,17,03,007,12/17/03/007,"TOWN HALL,  EME - ORA  I",Eme-ora/Oke,Owan West
EDO,17,03,12,17,03,008,12/17/03/008,"TOWN HALL,  EME - ORA   II",Eme-ora/Oke,Owan West
EDO,17,03,12,17,03,009,12/17/03/009,"OWATO P/SCHOOL,  OKE OLD  I",Eme-ora/Oke,Owan West
EDO,17,03,12,17,03,010,12/17/03/010,"OWATO P/SCHOOL,  OKE OLD  II",Eme-ora/Oke,Owan West
EDO,17,03,12,17,03,011,12/17/03/011,"OWATO P/SCHOOL,  OKE OLD  III",Eme-ora/Oke,Owan West
EDO,17,03,12,17,03,012,12/17/03/012,EBULE/UGBIRIRI       I,Eme-ora/Oke,Owan West
EDO,17,03,12,17,03,013,12/17/03/013,EBULE/UGBIRIRI       II,Eme-ora/Oke,Owan West
EDO,17,03,12,17,03,014,12/17/03/014,IKHIDE HOSPITAL FIELD,Eme-ora/Oke,Owan West
EDO,17,03,12,17,03,015,12/17/03/015,NEAR OKE NEW MARKET   I,Eme-ora/Oke,Owan West
EDO,17,03,12,17,03,016,12/17/03/016,NEAR OKE NEW MARKET   II,Eme-ora/Oke,Owan West
EDO,17,03,12,17,03,017,12/17/03/017,OWATO PRIMARY SCHOOL OKE NEW   I,Eme-ora/Oke,Owan West
EDO,17,03,12,17,03,018,12/17/03/018,OWATO PRIMARY SCHOOL OKE NEW    II,Eme-ora/Oke,Owan West
EDO,17,03,12,17,03,000,12/17/03/000,12/17/03/000,Eme-ora/Oke,Owan West
EDO,17,04,12,17,04,001,12/17/04/001,"HOLY TRINITY G/SCHOOL , SABONGIDA ORA",Sabongida/Ora/Ogbeturu,Owan West
EDO,17,04,12,17,04,002,12/17/04/002,"EVBIOBE CENTRAL SCH., SABONGIDA ORA  I",Sabongida/Ora/Ogbeturu,Owan West
EDO,17,04,12,17,04,003,12/17/04/003,"EVBIOBE CENTRAL SCH. , SABONGIDA ORA   II",Sabongida/Ora/Ogbeturu,Owan West
EDO,17,04,12,17,04,004,12/17/04/004,"BESIDE CUSTOMARY COURT , SABONGIDDA ORA",Sabongida/Ora/Ogbeturu,Owan West
EDO,17,04,12,17,04,005,12/17/04/005,"EVBOBE P/SCHOOL,  SABONGIDDA ORA I",Sabongida/Ora/Ogbeturu,Owan West
EDO,17,04,12,17,04,006,12/17/04/006,"EVBOBE P/SCHOOL,  SABONGIDDA ORA  II",Sabongida/Ora/Ogbeturu,Owan West
EDO,17,04,12,17,04,007,12/17/04/007,"OBE P/SCHOOL,  SABONGIDDA ORA  I",Sabongida/Ora/Ogbeturu,Owan West
EDO,17,04,12,17,04,008,12/17/04/008,"OBE P/SCHOOL,  SABONGIDDA ORA  II",Sabongida/Ora/Ogbeturu,Owan West
EDO,17,04,12,17,04,009,12/17/04/009,"OBE P/SCHOOL,  SABONGIDDA ORA   III",Sabongida/Ora/Ogbeturu,Owan West
EDO,17,04,12,17,04,010,12/17/04/010,"BY OVBIARE IKHEODE HOUSE,  SABONGIDDA ORA   I",Sabongida/Ora/Ogbeturu,Owan West
EDO,17,04,12,17,04,011,12/17/04/011,"BY OVBIARE IKHEODE HOUSE,  SABONGIDDA ORA   II",Sabongida/Ora/Ogbeturu,Owan West
EDO,17,04,12,17,04,012,12/17/04/012,"OGWAIDI BY IDUMU,  SABONGIDDA ORA  I",Sabongida/Ora/Ogbeturu,Owan West
EDO,17,04,12,17,04,013,12/17/04/013,"OGWAIDI BY IDUMU,  SABONGIDDA ORA   II",Sabongida/Ora/Ogbeturu,Owan West
EDO,17,04,12,17,04,014,12/17/04/014,"UGBUBEZI P/SCHOOL,  UGBUBEDO I",Sabongida/Ora/Ogbeturu,Owan West
EDO,17,04,12,17,04,015,12/17/04/015,"UGBUBEZI P/SCHOOL, UGBUBEDO  II",Sabongida/Ora/Ogbeturu,Owan West
EDO,17,04,12,17,04,016,12/17/04/016,"ATORURU CAMP P/SCHOOL,  UGBUBEDO  I",Sabongida/Ora/Ogbeturu,Owan West
EDO,17,04,12,17,04,017,12/17/04/017,"ATORURU CAMP P/SCHOOL,  UGBUBEDO  II",Sabongida/Ora/Ogbeturu,Owan West
EDO,17,04,12,17,04,018,12/17/04/018,"ATORURU CAMP P/SCHOOL,  UGBUBEDO  III",Sabongida/Ora/Ogbeturu,Owan West
EDO,17,04,12,17,04,019,12/17/04/019,"ATORURU CAMP P/SCHOOL,  UGBUBEDO   IV",Sabongida/Ora/Ogbeturu,Owan West
EDO,17,04,12,17,04,020,12/17/04/020,OPEN SPACE COMMERCIAL ROAD,Sabongida/Ora/Ogbeturu,Owan West
EDO,17,04,12,17,04,000,12/17/04/000,12/17/04/000,Sabongida/Ora/Ogbeturu,Owan West
EDO,17,05,12,17,05,001,12/17/05/001,"EHORO P/SCHOOL,  AVBIOSI      I",Avbiosi,Owan West
EDO,17,05,12,17,05,002,12/17/05/002,"EHORO P/SCHOOL,  AVBIOSI       II",Avbiosi,Owan West
EDO,17,05,12,17,05,003,12/17/05/003,"EHORO P/SCHOOL, AVBIOSI         III",Avbiosi,Owan West
EDO,17,05,12,17,05,004,12/17/05/004,"IVLEHA PRIMARY SCHOOL,  AVBIOSI       I",Avbiosi,Owan West
EDO,17,05,12,17,05,005,12/17/05/005,"IVLEHA PRIMARY SCHOOL,  AVBIOSI       II",Avbiosi,Owan West
EDO,17,05,12,17,05,006,12/17/05/006,"IVLEHA PRIMARY SCHOOL , AVBIOSI       III",Avbiosi,Owan West
EDO,17,05,12,17,05,007,12/17/05/007,"UMENDE PRIMARY SCHOOL, AVBIOSI       I",Avbiosi,Owan West
EDO,17,05,12,17,05,008,12/17/05/008,"UMENDE PRIMARY SCHOOL, AVBIOSI       II",Avbiosi,Owan West
EDO,17,05,12,17,05,009,12/17/05/009,"UMENDE PRIMARY SCHOOL,  AVBIOSI       III",Avbiosi,Owan West
EDO,17,05,12,17,05,010,12/17/05/010,"UGBADA CAMP P/SCHOOL,  AVBIOSI              I",Avbiosi,Owan West
EDO,17,05,12,17,05,011,12/17/05/011,"UGBADA CAMP P/SCHOOL , AVBIOSI             II",Avbiosi,Owan West
EDO,17,05,12,17,05,012,12/17/05/012,"OBI CAMP P/SCHOOL,  AVBIOSI",Avbiosi,Owan West
EDO,17,05,12,17,05,013,12/17/05/013,"IGBIRA CAMP P/SCHOOL,  AVBIOSI",Avbiosi,Owan West
EDO,17,05,12,17,05,000,12/17/05/000,12/17/05/000,Avbiosi,Owan West
EDO,17,06,12,17,06,001,12/17/06/001,"ETEASEME PRIMARY SCHOOL,  UKHUSE-OSI       I",Ukhuse -osi,Owan West
EDO,17,06,12,17,06,002,12/17/06/002,"ETEASEME PRIMARY SCHOOL , UKHUSE-OSI       II",Ukhuse -osi,Owan West
EDO,17,06,12,17,06,003,12/17/06/003,"ETEASEME PRIMARY SCHOOL,  OKAGBARO OHIA UKHUSE  I",Ukhuse -osi,Owan West
EDO,17,06,12,17,06,004,12/17/06/004,"ETEASEME PRIMARY SCHOOL,  OKAGBARO OHIA UKHUSE   II",Ukhuse -osi,Owan West
EDO,17,06,12,17,06,005,12/17/06/005,"AWEKA PRIMARY SCHOOL,  UKHUSE  I",Ukhuse -osi,Owan West
EDO,17,06,12,17,06,006,12/17/06/006,"AWEKA PRIMARY SCHOOL,  UKHUSE    II",Ukhuse -osi,Owan West
EDO,17,06,12,17,06,007,12/17/06/007,"OWARA PRIMARY SCHOOL,  UKHUSE   I",Ukhuse -osi,Owan West
EDO,17,06,12,17,06,008,12/17/06/008,"OWARA PRIMARY SCHOOL,  UKHUSE    II",Ukhuse -osi,Owan West
EDO,17,06,12,17,06,009,12/17/06/009,BESIDE ADULT EDUCATION CENTRE       I,Ukhuse -osi,Owan West
EDO,17,06,12,17,06,010,12/17/06/010,BESIDE ADULT EDUCATION CENTRE       II,Ukhuse -osi,Owan West
EDO,17,06,12,17,06,000,12/17/06/000,12/17/06/000,Ukhuse -osi,Owan West
EDO,17,07,12,17,07,001,12/17/07/001,"OSEZE PRIMARY SCHOOL,  ERUERE         I",Eruere,Owan West
EDO,17,07,12,17,07,002,12/17/07/002,"OSEZE PRIMARY SCHOOL,  ERUERE         II",Eruere,Owan West
EDO,17,07,12,17,07,003,12/17/07/003,"OSEZE PRIMARY SCHOOL,  ERUERE         III",Eruere,Owan West
EDO,17,07,12,17,07,004,12/17/07/004,OSE -CAMP(ALONG ERUERE (UHE ROAD) ERUERE   I,Eruere,Owan West
EDO,17,07,12,17,07,005,12/17/07/005,"OSE -CAMP(ALONG ERUERE(UHE ROAD) , ERUERE   II",Eruere,Owan West
EDO,17,07,12,17,07,006,12/17/07/006,"OPEN FIELD,  ERUERE   I",Eruere,Owan West
EDO,17,07,12,17,07,007,12/17/07/007,"OPEN FIELD,  ERUERE    II",Eruere,Owan West
EDO,17,07,12,17,07,008,12/17/07/008,"OSEZE PRIMARY SCHOOL,  ERUERE    I",Eruere,Owan West
EDO,17,07,12,17,07,009,12/17/07/009,"OSEZE PRIMARY SCHOOL,  ERUERE    II",Eruere,Owan West
EDO,17,07,12,17,07,000,12/17/07/000,12/17/07/000,Eruere,Owan West
EDO,17,08,12,17,08,001,12/17/08/001,"BORE - HOLE, OKPUJE",Okpuje,Owan West
EDO,17,08,12,17,08,002,12/17/08/002,"OSAIJE PRIMARY SCHOOL,  OKPUJE       I",Okpuje,Owan West
EDO,17,08,12,17,08,003,12/17/08/003,"OSAIJE PRIMARY SCHOOL,  OKPUJE       II",Okpuje,Owan West
EDO,17,08,12,17,08,004,12/17/08/004,"UNDER A TREE IVBIODOHEN,  OKPUJE",Okpuje,Owan West
EDO,17,08,12,17,08,005,12/17/08/005,"BY ASIKHEODE IVBIODOHEN,  OKPUJE      I",Okpuje,Owan West
EDO,17,08,12,17,08,006,12/17/08/006,"BY IVBIODOHEN TOWN HAL,  OKPUJE       II",Okpuje,Owan West
EDO,17,08,12,17,08,007,12/17/08/007,"ISLAMIC SCHOOL UNDER A TREE, IGBIRA CAMP",Okpuje,Owan West
EDO,17,08,12,17,08,008,12/17/08/008,"ISLAMIC SCHOOL IVBIODOHEN,  IGBIRA CAMP    I",Okpuje,Owan West
EDO,17,08,12,17,08,009,12/17/08/009,"ISLAMIC SCHOOL IVBIODOHEN, IGBIRA CAMP      II",Okpuje,Owan West
EDO,17,08,12,17,08,010,12/17/08/010,"EFUARE P/SCHOOL,  AVBIOGHOLA/OKPUJE     I",Okpuje,Owan West
EDO,17,08,12,17,08,011,12/17/08/011,"EFUARE P/SCHOOL,  AVBIOGHOLA/OKPUJE     II",Okpuje,Owan West
EDO,17,08,12,17,08,012,12/17/08/012,"OLEKE P/SCHOOL , IKPAYAN    I",Okpuje,Owan West
EDO,17,08,12,17,08,013,12/17/08/013,"OLEKE P/SCHOOL, IKPAYAN   II",Okpuje,Owan West
EDO,17,08,12,17,08,014,12/17/08/014,"ILEVBIOJE P/SCHOOL , IKPAYAN      I",Okpuje,Owan West
EDO,17,08,12,17,08,015,12/17/08/015,"ILEVBIOJE P/SCHOOL , IKPAYAN       II",Okpuje,Owan West
EDO,17,08,12,17,08,016,12/17/08/016,BY ASIKHEODE AVBIOLA/ OKPUJU,Okpuje,Owan West
EDO,17,08,12,17,08,017,12/17/08/017,"EGUAOJE PRY. SCH. ,  AVBIOLA/ OKPUJU   I",Okpuje,Owan West
EDO,17,08,12,17,08,018,12/17/08/018,"EGUAOJE P/SCHOOL,   AVBIOLA/OKPUJU   II",Okpuje,Owan West
EDO,17,08,12,17,08,000,12/17/08/000,12/17/08/000,Okpuje,Owan West
EDO,17,09,12,17,09,001,12/17/09/001,"BY OLD COURT HALL,  UZEBBA     I",Uzebba I,Owan West
EDO,17,09,12,17,09,002,12/17/09/002,"BY OLD COURT HALL,  UZEBBA     II",Uzebba I,Owan West
EDO,17,09,12,17,09,003,12/17/09/003,"OLEGUAMA P/SCHOOL,  UZEBBA     I",Uzebba I,Owan West
EDO,17,09,12,17,09,004,12/17/09/004,"OLEGUAMA P/SCHOOL , UZEBBA     II",Uzebba I,Owan West
EDO,17,09,12,17,09,005,12/17/09/005,"UZEBBA TOWN HALL , UZEBBA      I",Uzebba I,Owan West
EDO,17,09,12,17,09,006,12/17/09/006,"UZEBBA TOWN HALL,  UZEBBA      II",Uzebba I,Owan West
EDO,17,09,12,17,09,007,12/17/09/007,"BACK OF AREA COUNCIL OFFICE,  UZEBBA    I",Uzebba I,Owan West
EDO,17,09,12,17,09,008,12/17/09/008,"BACK OF AREA COUNCIL OFFICE,  UZEBBA     II",Uzebba I,Owan West
EDO,17,09,12,17,09,009,12/17/09/009,"NEAR OBA'S OLD HOUSE ULEYON QTS,  UZEBBA    I",Uzebba I,Owan West
EDO,17,09,12,17,09,010,12/17/09/010,"NEAR OBA'S OLD HOUSE ULEYON QTS,  UZEBBA    II",Uzebba I,Owan West
EDO,17,09,12,17,09,011,12/17/09/011,"MISSION ROAD BY EJEKHILE,  UZEBBA    I",Uzebba I,Owan West
EDO,17,09,12,17,09,012,12/17/09/012,"MISSION ROAD BY EJEKHILE,  UZEBBA   II",Uzebba I,Owan West
EDO,17,09,12,17,09,000,12/17/09/000,12/17/09/000,Uzebba I,Owan West
EDO,17,10,12,17,10,001,12/17/10/001,"OKHAIDE P/SCHOOL,  UZEBBA  II-  I",Uzebba Ii,Owan West
EDO,17,10,12,17,10,002,12/17/10/002,"OKHAIDE P/SCHOOL,  UZEBBA  II-   II",Uzebba Ii,Owan West
EDO,17,10,12,17,10,003,12/17/10/003,"UNUEHI GRAMMER SCHOOL , UZEBBA  II-  I",Uzebba Ii,Owan West
EDO,17,10,12,17,10,004,12/17/10/004,"UNUEHI GRAMMER SCHOOL , UZEBBA  II-   I",Uzebba Ii,Owan West
EDO,17,10,12,17,10,005,12/17/10/005,"GRACE NURSERY SCHOOL,  UZEBBA  II   -   I",Uzebba Ii,Owan West
EDO,17,10,12,17,10,006,12/17/10/006,"GRACE NURSERY SCHOOL,  UZEBBA  II -    II",Uzebba Ii,Owan West
EDO,17,10,12,17,10,007,12/17/10/007,"UMIEHI CENTRAL SCHOOL, UZEBBA    I",Uzebba Ii,Owan West
EDO,17,10,12,17,10,008,12/17/10/008,"UMIEHI CENTRAL SCHOOL,  UZEBBA   II",Uzebba Ii,Owan West
EDO,17,10,12,17,10,009,12/17/10/009,"BY OKADA PARK, UZEBBA  II - I",Uzebba Ii,Owan West
EDO,17,10,12,17,10,010,12/17/10/010,"BY OKADA PARK,  UZEBBA  II - II",Uzebba Ii,Owan West
EDO,17,10,12,17,10,000,12/17/10/000,12/17/10/000,Uzebba Ii,Owan West
EDO,17,11,12,17,11,001,12/17/11/001,"ST STEPHEN'S P/SCHOOL,  SOBE",Sobe,Owan West
EDO,17,11,12,17,11,002,12/17/11/002,"ALIFAN BY RIGHT, SOBE",Sobe,Owan West
EDO,17,11,12,17,11,003,12/17/11/003,"TOWN HALL,  SOBE",Sobe,Owan West
EDO,17,11,12,17,11,004,12/17/11/004,"NEAR ODIGIE'S HOUSE,  SOBE",Sobe,Owan West
EDO,17,11,12,17,11,005,12/17/11/005,"NEAR EGUABOR'S HOUSE BY RIGHT,  SOBE",Sobe,Owan West
EDO,17,11,12,17,11,006,12/17/11/006,"ALUFE ST. BY RIGHT,  SOBE",Sobe,Owan West
EDO,17,11,12,17,11,007,12/17/11/007,"L.A. SCHOOL,  SOBE",Sobe,Owan West
EDO,17,11,12,17,11,008,12/17/11/008,"ST STEPHEN'S P/SCHOOL,  SOBE",Sobe,Owan West
EDO,17,11,12,17,11,009,12/17/11/009,"ST. EUGENE P/SCHOOL,  SOBE",Sobe,Owan West
EDO,17,11,12,17,11,010,12/17/11/010,"GOLD HOUSE BY RIGHT,  SOBE",Sobe,Owan West
EDO,17,11,12,17,11,011,12/17/11/011,"OPPOSITE MAGOUS HOUSE,  SOBE",Sobe,Owan West
EDO,17,11,12,17,11,012,12/17/11/012,"AT UDOGIE BY RIGHT,  SOBE I",Sobe,Owan West
EDO,17,11,12,17,11,013,12/17/11/013,"AT UDOGIE BY RIGHT,  SOBE  II",Sobe,Owan West
EDO,17,11,12,17,11,014,12/17/11/014,"IFIDON BY RIGHT,  SOBE",Sobe,Owan West
EDO,17,11,12,17,11,015,12/17/11/015,"AT UWOLO BY RGHT,  SOBE",Sobe,Owan West
EDO,17,11,12,17,11,016,12/17/11/016,"ISIKHALA BY RIGHT,  SOBE   I",Sobe,Owan West
EDO,17,11,12,17,11,017,12/17/11/017,"ISIKHALA BY RIGHT,  SOBE   II",Sobe,Owan West
EDO,17,11,12,17,11,018,12/17/11/018,"U.P.E. P/SCHOOL FARM SETTLEMENT,  SOBE",Sobe,Owan West
EDO,17,11,12,17,11,019,12/17/11/019,NEAR ODEBAH HOUSE SOBE,Sobe,Owan West
EDO,17,11,12,17,11,000,12/17/11/000,12/17/11/000,Sobe,Owan West
EDO,18,01,12,18,01,001,12/18/01/001,UGIAMWEN - UGIAMWEN P/SCHOOL,Ehor,Uhunmwonde
EDO,18,01,12,18,01,002,12/18/01/002,UGIAMWEN - UGIAMWEN GRAMMAR SCHOOL,Ehor,Uhunmwonde
EDO,18,01,12,18,01,003,12/18/01/003,UKPOGO- UKPOGO P/SCHOOL,Ehor,Uhunmwonde
EDO,18,01,12,18,01,004,12/18/01/004,"UGBIYOKHO , UGBIYOKHO P/SCHOOL",Ehor,Uhunmwonde
EDO,18,01,12,18,01,005,12/18/01/005,EHOR - ARUOSA PRIMARY SCHOOL,Ehor,Uhunmwonde
EDO,18,01,12,18,01,006,12/18/01/006,EHOR - OGBE P/SCHOOL,Ehor,Uhunmwonde
EDO,18,01,12,18,01,007,12/18/01/007,EHOR - EGUADA P/SCHOOL,Ehor,Uhunmwonde
EDO,18,01,12,18,01,008,12/18/01/008,ABUMERE ABUMERE P/SCHOOL,Ehor,Uhunmwonde
EDO,18,01,12,18,01,009,12/18/01/009,"OKEMUEN,  OKEMUEN P/SCHOOL",Ehor,Uhunmwonde
EDO,18,01,12,18,01,010,12/18/01/010,"UGBIYAYA,  UGBIYAYA P/SCHOOL",Ehor,Uhunmwonde
EDO,18,01,12,18,01,011,12/18/01/011,"UGBIYOKHO  MARKET SQUARE, UGBIYOKHO",Ehor,Uhunmwonde
EDO,18,01,12,18,01,012,12/18/01/012,EHOR POST OFFICE,Ehor,Uhunmwonde
EDO,18,01,12,18,01,013,12/18/01/013,EHOR GRAMMAR SCHOOL EHOR,Ehor,Uhunmwonde
EDO,18,01,12,18,01,014,12/18/01/014,"OPEN SPACE OPPOSITE POST OFFICE ROAD, EHOR",Ehor,Uhunmwonde
EDO,18,01,12,18,01,015,12/18/01/015,ARUOSA PRY SCHOOL EHOR II,Ehor,Uhunmwonde
EDO,18,01,12,18,01,016,12/18/01/016,OPEN SPACE PPOSITE CHRIST CHOSEN CHURCH,Ehor,Uhunmwonde
EDO,18,01,12,18,01,017,12/18/01/017,EHOR MARKET SQUARE,Ehor,Uhunmwonde
EDO,18,01,12,18,01,018,12/18/01/018,OPEN SPACE BY WATER BOARD,Ehor,Uhunmwonde
EDO,18,01,12,18,01,000,12/18/01/000,12/18/01/000,Ehor,Uhunmwonde
EDO,18,02,12,18,02,001,12/18/02/001,"UGIEGHUDU,  ESIGIE P/SCHOOL",Uhi,Uhunmwonde
EDO,18,02,12,18,02,002,12/18/02/002,"EGBISI,  EGBISI (OPEN SPACE)",Uhi,Uhunmwonde
EDO,18,02,12,18,02,003,12/18/02/003,"UGIEGHUDU,  IDIA P/SCHOOL",Uhi,Uhunmwonde
EDO,18,02,12,18,02,004,12/18/02/004,"UGIEGHUDU,  TOWN HALL",Uhi,Uhunmwonde
EDO,18,02,12,18,02,005,12/18/02/005,"OBAZAGBON,  OBAZAGBON P/SCHOOL",Uhi,Uhunmwonde
EDO,18,02,12,18,02,006,12/18/02/006,"UHI,  BAPTIST PRIMARY SCHOOL",Uhi,Uhunmwonde
EDO,18,02,12,18,02,007,12/18/02/007,"UHI , IDUNMWUNOGO P/SCHOOL",Uhi,Uhunmwonde
EDO,18,02,12,18,02,008,12/18/02/008,UHI- AKUGBE PRIMARY SCHOOL,Uhi,Uhunmwonde
EDO,18,02,12,18,02,009,12/18/02/009,ERHIBORHIBO - ERHIBORHIRO PRIMARY SCHOOL,Uhi,Uhunmwonde
EDO,18,02,12,18,02,010,12/18/02/010,"OPEN SPACE, OPPOSITE ANGLICAN CHURCH, UHIMWENTO",Uhi,Uhunmwonde
EDO,18,02,12,18,02,000,12/18/02/000,12/18/02/000,Uhi,Uhunmwonde
EDO,18,03,12,18,03,001,12/18/03/001,IGIEDUMA - ODOGBO PRIMARY SCHOOL,Igieduma,Uhunmwonde
EDO,18,03,12,18,03,002,12/18/03/002,"IRIWE,  OPEN SPACE",Igieduma,Uhunmwonde
EDO,18,03,12,18,03,003,12/18/03/003,ERUA -OGISO PRIMARY SCHOL,Igieduma,Uhunmwonde
EDO,18,03,12,18,03,004,12/18/03/004,"ERUA , OLD ERUA PRIMARY SCHOOL",Igieduma,Uhunmwonde
EDO,18,03,12,18,03,005,12/18/03/005,UTENI - UTERI PRIMARY SCHOOL,Igieduma,Uhunmwonde
EDO,18,03,12,18,03,006,12/18/03/006,UGHA ERE PRIMARY SCHOOL,Igieduma,Uhunmwonde
EDO,18,03,12,18,03,007,12/18/03/007,OBASOGIE - OBASOGIE PRIMARY SCHOOL,Igieduma,Uhunmwonde
EDO,18,03,12,18,03,008,12/18/03/008,OPEN SPACE FORMER POST OFFICE,Igieduma,Uhunmwonde
EDO,18,03,12,18,03,009,12/18/03/009,ERUA MARKET SQUARE ERUA,Igieduma,Uhunmwonde
EDO,18,03,12,18,03,010,12/18/03/010,"OPEN SPACE, OPPOSITE KINGDOM HALL, EKO QRTS",Igieduma,Uhunmwonde
EDO,18,03,12,18,03,000,12/18/03/000,12/18/03/000,Igieduma,Uhunmwonde
EDO,18,04,12,18,04,001,12/18/04/001,"ORHUA,  ORHUAKHIDE PRIMARY SCHOOL",Irhue,Uhunmwonde
EDO,18,04,12,18,04,002,12/18/04/002,"ORHUA,  OLD R.C.M.",Irhue,Uhunmwonde
EDO,18,04,12,18,04,003,12/18/04/003,"OKE,  IDIA  PRIMARY SCHOOL",Irhue,Uhunmwonde
EDO,18,04,12,18,04,004,12/18/04/004,"OKE,  OLD R.C.M. P/SCHOOL",Irhue,Uhunmwonde
EDO,18,04,12,18,04,005,12/18/04/005,"IRHUE,  OSARO PRIMARY SCHOOL",Irhue,Uhunmwonde
EDO,18,04,12,18,04,006,12/18/04/006,UMOKPE - UMOKPE PRIMARY SCHOOL,Irhue,Uhunmwonde
EDO,18,04,12,18,04,007,12/18/04/007,EKPAN - EKPAN PRIMARY SCHOOL,Irhue,Uhunmwonde
EDO,18,04,12,18,04,008,12/18/04/008,CIVIC CENTER ORHUA,Irhue,Uhunmwonde
EDO,18,04,12,18,04,009,12/18/04/009,"OPEN SPACE OKADA PARK, OKE",Irhue,Uhunmwonde
EDO,18,04,12,18,04,010,12/18/04/010,UGO COOPERATIVE HOUSE,Irhue,Uhunmwonde
EDO,18,04,12,18,04,000,12/18/04/000,12/18/04/000,Irhue,Uhunmwonde
EDO,18,05,12,18,05,001,12/18/05/001,AZAGBA - ARUOSA PRIMARY SCHOOL,Umagbae North,Uhunmwonde
EDO,18,05,12,18,05,002,12/18/05/002,"IKHUENIRO,  UWA P/SCHOOL",Umagbae North,Uhunmwonde
EDO,18,05,12,18,05,003,12/18/05/003,IGUOMO - IGUOMO PRIMARY SCHOOL,Umagbae North,Uhunmwonde
EDO,18,05,12,18,05,004,12/18/05/004,"IGUE-UWANGUE, UWANGUE P/SCHOOL",Umagbae North,Uhunmwonde
EDO,18,05,12,18,05,005,12/18/05/005,"IRIGHON,  ADAGBAFI PRIMARY SCHOOL",Umagbae North,Uhunmwonde
EDO,18,05,12,18,05,006,12/18/05/006,IGUOZEVBARU - EHIOZE P/SCHOOL,Umagbae North,Uhunmwonde
EDO,18,05,12,18,05,007,12/18/05/007,IGUOVBIAHIANMWEN -AIBUEKU P/SCHOOL,Umagbae North,Uhunmwonde
EDO,18,05,12,18,05,008,12/18/05/008,OKHUO - HATMAN ESTATE,Umagbae North,Uhunmwonde
EDO,18,05,12,18,05,009,12/18/05/009,"URHOKUOSA, OKUOSA P/SCHOOL",Umagbae North,Uhunmwonde
EDO,18,05,12,18,05,010,12/18/05/010,EVBUOSA - OPEN SPACE,Umagbae North,Uhunmwonde
EDO,18,05,12,18,05,011,12/18/05/011,IGUOVBIOBO -OBASOGIE P/SCHOOL,Umagbae North,Uhunmwonde
EDO,18,05,12,18,05,012,12/18/05/012,OKPAGHA COMMUNITY TOWN HALL,Umagbae North,Uhunmwonde
EDO,18,05,12,18,05,013,12/18/05/013,OPEN SPACE OPPOSITE REVIVAL CHURCH BYEPASS IKHUENIRO,Umagbae North,Uhunmwonde
EDO,18,05,12,18,05,014,12/18/05/014,OPEN SPACE INEC HOUSING ESTATE IKHUENIRO,Umagbae North,Uhunmwonde
EDO,18,05,12,18,05,015,12/18/05/015,IGUOMO SECONDARY SCHOOL,Umagbae North,Uhunmwonde
EDO,18,05,12,18,05,016,12/18/05/016,OPEN SPACE BY THE COMMUNITY BOREHOLE EKIUGBO,Umagbae North,Uhunmwonde
EDO,18,05,12,18,05,017,12/18/05/017,OPEN SPACE MINISTRY OF AGRICULTURE OKHUO VILLAGE,Umagbae North,Uhunmwonde
EDO,18,05,12,18,05,018,12/18/05/018,"OPEN SPACE SKILL ACQUISITION CENTER, URHOKUOSA",Umagbae North,Uhunmwonde
EDO,18,05,12,18,05,019,12/18/05/019,"HEALTH CENTER, URHOKUOSA",Umagbae North,Uhunmwonde
EDO,18,05,12,18,05,020,12/18/05/020,"UGBOGUN MARKET SQUARE, UGBOGUN",Umagbae North,Uhunmwonde
EDO,18,05,12,18,05,021,12/18/05/021,"OPEN SPACE BEHIND OLD PALACE, IKHUENIRO",Umagbae North,Uhunmwonde
EDO,18,05,12,18,05,022,12/18/05/022,"IKHIENOBO TOWN HALL, IGUOMO",Umagbae North,Uhunmwonde
EDO,18,05,12,18,05,000,12/18/05/000,12/18/05/000,Umagbae North,Uhunmwonde
EDO,18,06,12,18,06,001,12/18/06/001,AHOR - AKENZUA P/SCHOOL,Umagbae South,Uhunmwonde
EDO,18,06,12,18,06,002,12/18/06/002,"EKOSE,  EWEDO PRIMARY SCHOOL",Umagbae South,Uhunmwonde
EDO,18,06,12,18,06,003,12/18/06/003,ORIOR - OWEGIE PRIMARY SCHOOL,Umagbae South,Uhunmwonde
EDO,18,06,12,18,06,004,12/18/06/004,EGBA AGUEBOR P/SCHOOL,Umagbae South,Uhunmwonde
EDO,18,06,12,18,06,005,12/18/06/005,EVBU-IYAMU -TOWN HALL,Umagbae South,Uhunmwonde
EDO,18,06,12,18,06,006,12/18/06/006,IGUOSULA - OBANOSA P/SCHOOL,Umagbae South,Uhunmwonde
EDO,18,06,12,18,06,007,12/18/06/007,EYAEN -EYAEN P/SCHOOL,Umagbae South,Uhunmwonde
EDO,18,06,12,18,06,008,12/18/06/008,"UZALA , UZALA P/SCHOOL",Umagbae South,Uhunmwonde
EDO,18,06,12,18,06,009,12/18/06/009,IDUNMWUNGHA - ASE PRIMARY /SCHOOL,Umagbae South,Uhunmwonde
EDO,18,06,12,18,06,010,12/18/06/010,"AYEN,  ADOLOR P/SCHOOL",Umagbae South,Uhunmwonde
EDO,18,06,12,18,06,011,12/18/06/011,"OPEN SPACE OPPOSITE MOSQUE, KARA, AHOR",Umagbae South,Uhunmwonde
EDO,18,06,12,18,06,012,12/18/06/012,USELUNAHOR COMMUNITY TOWN HALL,Umagbae South,Uhunmwonde
EDO,18,06,12,18,06,013,12/18/06/013,UHEGIE EVBO -EWEDO TOWN HALL,Umagbae South,Uhunmwonde
EDO,18,06,12,18,06,014,12/18/06/014,OBA EREDIAUWA  PRIMARY SCHOOL IDUNMWOWINA,Umagbae South,Uhunmwonde
EDO,18,06,12,18,06,015,12/18/06/015,"IYAYI EFENIAYI GRAMMAR SCHOOL, EGBA",Umagbae South,Uhunmwonde
EDO,18,06,12,18,06,016,12/18/06/016,"OROWO VILLAGE SQUARE, OROWO",Umagbae South,Uhunmwonde
EDO,18,06,12,18,06,017,12/18/06/017,EKO-AIMUFUA PRIMARY  SCHOOL,Umagbae South,Uhunmwonde
EDO,18,06,12,18,06,018,12/18/06/018,"KHALIO BIN ALMA JIRI PRIMARY SCHOOL KARA, EYAEN",Umagbae South,Uhunmwonde
EDO,18,06,12,18,06,019,12/18/06/019,"IGHEKEPE COMMUNITY TOWN HALL, IGHEKEPE",Umagbae South,Uhunmwonde
EDO,18,06,12,18,06,020,12/18/06/020,IDOKPA TOWN HALL IDOKPA,Umagbae South,Uhunmwonde
EDO,18,06,12,18,06,021,12/18/06/021,"EWARE PRIMARY SCHOOL, IDOKPA",Umagbae South,Uhunmwonde
EDO,18,06,12,18,06,022,12/18/06/022,EYAEN SECONDARY SCHOOL EYAEN,Umagbae South,Uhunmwonde
EDO,18,06,12,18,06,023,12/18/06/023,"OPEN FIELD OPPOSITE JB MODERN ACADEMY, PIPELINE",Umagbae South,Uhunmwonde
EDO,18,06,12,18,06,024,12/18/06/024,"OPEN FIELD BY ARMY BARRACKS, EYAEN",Umagbae South,Uhunmwonde
EDO,18,06,12,18,06,025,12/18/06/025,2+2 MARKET  SQUARE EYEAN,Umagbae South,Uhunmwonde
EDO,18,06,12,18,06,026,12/18/06/026,OPEN SPACE BY AREA COMMAND EYAEN,Umagbae South,Uhunmwonde
EDO,18,06,12,18,06,027,12/18/06/027,EYAEN INTERNATIONAL MARKET,Umagbae South,Uhunmwonde
EDO,18,06,12,18,06,028,12/18/06/028,"VILLAGE SQUARE,OMOMO CAMP UZALA",Umagbae South,Uhunmwonde
EDO,18,06,12,18,06,029,12/18/06/029,OGUEKA TOWN HALL,Umagbae South,Uhunmwonde
EDO,18,06,12,18,06,030,12/18/06/030,IDUNMWUNGHA SECONDARY SCHOOL,Umagbae South,Uhunmwonde
EDO,18,06,12,18,06,031,12/18/06/031,"NATIONAL HOUSING ESTATE IDU_EGIE, ASE",Umagbae South,Uhunmwonde
EDO,18,06,12,18,06,032,12/18/06/032,"VILLAGE SQUARE, AYEN WATERSIDE AYEN",Umagbae South,Uhunmwonde
EDO,18,06,12,18,06,000,12/18/06/000,12/18/06/000,Umagbae South,Uhunmwonde
EDO,18,07,12,18,07,001,12/18/07/001,"EGUAEHOLOR , ISI PRIMARY SCHOOL",Isi North,Uhunmwonde
EDO,18,07,12,18,07,002,12/18/07/002,"EGUAEHOLOR,  ELEIHOR G/SCHOOL",Isi North,Uhunmwonde
EDO,18,07,12,18,07,003,12/18/07/003,"EKUDO,  TOWN HALL",Isi North,Uhunmwonde
EDO,18,07,12,18,07,004,12/18/07/004,"OHE,  OZUA P/SCHOOL",Isi North,Uhunmwonde
EDO,18,07,12,18,07,005,12/18/07/005,"OKHUOKHUO,  OVIAWE PRIMARY SCHOOL",Isi North,Uhunmwonde
EDO,18,07,12,18,07,006,12/18/07/006,OBANISI - ISI P/SCHOOL,Isi North,Uhunmwonde
EDO,18,07,12,18,07,007,12/18/07/007,UVBENISI -UVBENISI P/SCHOOL,Isi North,Uhunmwonde
EDO,18,07,12,18,07,008,12/18/07/008,OGBAHU OGBAHU TOWN HALL,Isi North,Uhunmwonde
EDO,18,07,12,18,07,009,12/18/07/009,"OGHADA,  OGHADA G/S",Isi North,Uhunmwonde
EDO,18,07,12,18,07,010,12/18/07/010,"OGHADA , OGHADA P/SCHOOL",Isi North,Uhunmwonde
EDO,18,07,12,18,07,011,12/18/07/011,"OGHADA,  UGBEZE P/SCHOOL",Isi North,Uhunmwonde
EDO,18,07,12,18,07,000,12/18/07/000,12/18/07/000,Isi North,Uhunmwonde
EDO,18,08,12,18,08,001,12/18/08/001,IZIKHIRHI ALAGHODARO P/SCHOOL,Isi South,Uhunmwonde
EDO,18,08,12,18,08,002,12/18/08/002,IGUOGBE - IGUOGBE P/SCHOOL,Isi South,Uhunmwonde
EDO,18,08,12,18,08,003,12/18/08/003,"ILOBI , ILOBI PRIMARY SCHOOL",Isi South,Uhunmwonde
EDO,18,08,12,18,08,004,12/18/08/004,OKUOKHUO -OKUOKHUO TOWN HALL,Isi South,Uhunmwonde
EDO,18,08,12,18,08,005,12/18/08/005,"EVBOWE,  EGHOSA PRIMARY SCHOOL",Isi South,Uhunmwonde
EDO,18,08,12,18,08,006,12/18/08/006,"EWAN,  EWAN TOWH HALL",Isi South,Uhunmwonde
EDO,18,08,12,18,08,007,12/18/08/007,"IGUAGBAN,  IGUAGBAN P/SCHOOL",Isi South,Uhunmwonde
EDO,18,08,12,18,08,008,12/18/08/008,"IGUESOGBAN MARKET SQUARE, IGUESOGBAN",Isi South,Uhunmwonde
EDO,18,08,12,18,08,009,12/18/08/009,"IGUOGBE  PRIMARY HEALTH CENTER, IGUOGBE",Isi South,Uhunmwonde
EDO,18,08,12,18,08,010,12/18/08/010,EVBOGHO VILLAGE  TOWN HALL,Isi South,Uhunmwonde
EDO,18,08,12,18,08,000,12/18/08/000,12/18/08/000,Isi South,Uhunmwonde
EDO,18,09,12,18,09,001,12/18/09/001,"EVBOZOGBO,  EVBOZOGBO P/SCHOOL",Ohuan,Uhunmwonde
EDO,18,09,12,18,09,002,12/18/09/002,IGUEHANA - IGUEHANA P/SCHOOL,Ohuan,Uhunmwonde
EDO,18,09,12,18,09,003,12/18/09/003,"ERHUENEHIAN,  ERHUENEHIAN P/SCHOOL",Ohuan,Uhunmwonde
EDO,18,09,12,18,09,004,12/18/09/004,"URHOKUOSA,  NOWA EPEN-IDE P/SCHOOL",Ohuan,Uhunmwonde
EDO,18,09,12,18,09,005,12/18/09/005,"EVBUENEK,  EVBENEKI PRIMARY SCHOOL",Ohuan,Uhunmwonde
EDO,18,09,12,18,09,006,12/18/09/006,"OBADAN,M OBADAN MIX SEC. SCHOOL",Ohuan,Uhunmwonde
EDO,18,09,12,18,09,007,12/18/09/007,"IDIBO,  IDIBO PRIMARY SCHOOL",Ohuan,Uhunmwonde
EDO,18,09,12,18,09,008,12/18/09/008,EVBOHUAN - EVBOHUAN  PRIMARY SCHOOL,Ohuan,Uhunmwonde
EDO,18,09,12,18,09,009,12/18/09/009,"ADESAGBON,  ADESAGBON P/SCHOOL",Ohuan,Uhunmwonde
EDO,18,09,12,18,09,010,12/18/09/010,"UDENI, AITEGUOSA P/SCHOOL",Ohuan,Uhunmwonde
EDO,18,09,12,18,09,011,12/18/09/011,"ISIUWA PRIMARY SCHOOL, ISUA",Ohuan,Uhunmwonde
EDO,18,09,12,18,09,012,12/18/09/012,IGUANNA TOWN HALL,Ohuan,Uhunmwonde
EDO,18,09,12,18,09,013,12/18/09/013,EBUENEHIA TOWN HALL,Ohuan,Uhunmwonde
EDO,18,09,12,18,09,014,12/18/09/014,IGUOGHAE COMMUNITY TOWN HALL EBUENEKI,Ohuan,Uhunmwonde
EDO,18,09,12,18,09,015,12/18/09/015,CIVIC CENTER IGUIYE,Ohuan,Uhunmwonde
EDO,18,09,12,18,09,016,12/18/09/016,OBADAN PRIMARY SCHOOL OBADAN,Ohuan,Uhunmwonde
EDO,18,09,12,18,09,000,12/18/09/000,12/18/09/000,Ohuan,Uhunmwonde
EDO,18,10,12,18,10,001,12/18/10/001,"OKHUAIHE,  OKEZE P/SCHOOL",Egbede,Uhunmwonde
EDO,18,10,12,18,10,002,12/18/10/002,"ADUHANHAN,  ADUHANHAN P/SCHOOL",Egbede,Uhunmwonde
EDO,18,10,12,18,10,003,12/18/10/003,"EKHORNUWAYA,  OPEN SPACE",Egbede,Uhunmwonde
EDO,18,10,12,18,10,004,12/18/10/004,"EKHORNIGUOKUEN,  ARUOSA P/SCHOOL",Egbede,Uhunmwonde
EDO,18,10,12,18,10,005,12/18/10/005,"EMUHEN,  EMUHEN PRIMARY SCHOOL",Egbede,Uhunmwonde
EDO,18,10,12,18,10,006,12/18/10/006,"UGONOBA , AYOBAHAN P/SCHOOL",Egbede,Uhunmwonde
EDO,18,10,12,18,10,007,12/18/10/007,"UGONEKI,  UGONEKI P/SCHOOL",Egbede,Uhunmwonde
EDO,18,10,12,18,10,008,12/18/10/008,"UVBE,  UVBE PRIMARY SCHOOL",Egbede,Uhunmwonde
EDO,18,10,12,18,10,009,12/18/10/009,"UGBOGIRI,  OSULA P/SCHOOL",Egbede,Uhunmwonde
EDO,18,10,12,18,10,010,12/18/10/010,UGHA-OKHUAIHE  TOWN HALL,Egbede,Uhunmwonde
EDO,18,10,12,18,10,011,12/18/10/011,ADUHANHAN MARKET SQUARE,Egbede,Uhunmwonde
EDO,18,10,12,18,10,012,12/18/10/012,OKUEKPEN TOWN HALL UGONOBA,Egbede,Uhunmwonde
EDO,18,10,12,18,10,013,12/18/10/013,"OKOGO, COMMUNITY TOWN HALL, UGONEKI",Egbede,Uhunmwonde
EDO,18,10,12,18,10,014,12/18/10/014,OWIE TOWN HALL UVBE,Egbede,Uhunmwonde
EDO,18,10,12,18,10,015,12/18/10/015,"EMUSON PRIMARY SCHOOL, UGBOMOSON",Egbede,Uhunmwonde
EDO,18,10,12,18,10,000,12/18/10/000,12/18/10/000,Egbede,Uhunmwonde
