state_code,lg_code,ward_code,pu_code,code,name,ward,lga,latitude,longitude,cvr_pu_id
12,01,01,001,12/01/01/001,"UGBOGBO, OZEDI",IGARRA I,AKOKO EDO,7.29809837,6.10351720,34059
12,01,01,002,12/01/01/002,"UGBOGBO, BY CO-OPERATIVE STORE",IGARRA I,AKOKO EDO,7.29723412,6.10318407,34060
12,01,01,003,12/01/01/003,"UGBOGBO, KAJOLA ROAD",IGARRA I,AKOKO EDO,7.29589789,6.10215743,34061
12,01,01,004,12/01/01/004,"UGBOGBO NR.,  OMOKHIDE'S HOUSE",IGARRA I,AKOKO EDO,7.29709943,6.10106378,34062
12,01,01,005,12/01/01/005,"UGBOGBO, SECRETARIAT ROAD",IGARRA I,AKOKO EDO,7.29179216,6.10133351,34063
12,01,01,006,12/01/01/006,"UGBOGBO, OPPOSITE L.G. COUNCIL",IGARRA I,AKOKO EDO,7.28500845,6.09668473,34064
12,01,01,007,12/01/01/007,"UGBOGBO, OFUNAMI MKT. SQUARE",IGARRA I,AKOKO EDO,7.29565694,6.10947301,34065
12,01,01,008,12/01/01/008,"UGBOGBO, OPPOSITE OGOGORO JUNCTION I",IGARRA I,AKOKO EDO,7.29080394,6.10558624,34066
12,01,01,009,12/01/01/009,"UGBOGBO, BY LAWANI'S HOUSE",IGARRA I,AKOKO EDO,7.29382604,6.10446210,34067
12,01,01,010,12/01/01/010,UGBOGBO OPPOSITE OGOGORO JUNCTION II,IGARRA I,AKOKO EDO,7.29027709,6.09983353,34068
12,01,01,011,12/01/01/011,"UGBOGBO, NEAR ASHIPA'S COMP.",IGARRA I,AKOKO EDO,7.29256112,6.10344047,34069
12,01,01,012,12/01/01/012,"UGBOGBO, NEAR LAREMOH'S COMP.",IGARRA I,AKOKO EDO,7.29575621,6.10447959,34070
12,01,01,013,12/01/01/013,"UGBOGBO, NR. JIMOH OCHIS HOUSE",IGARRA I,AKOKO EDO,7.29539635,6.10667117,34071
12,01,02,001,12/01/02/001,"UTUA I, UTUA PRY SCH.",IGARRA II,AKOKO EDO,7.28225205,6.10589113,34072
12,01,02,002,12/01/02/002,"UTUA I,  BY AJAYI'S COMP.",IGARRA II,AKOKO EDO,7.28142369,6.10933844,34073
12,01,02,003,12/01/02/003,"UTUA I, OPPOSITE CUSTOMARY COURT",IGARRA II,AKOKO EDO,7.28927085,6.09900150,34074
12,01,02,004,12/01/02/004,UTUA NR. GADIMOH'S HOUSE,IGARRA II,AKOKO EDO,7.27839404,6.10957138,34075
12,01,02,005,12/01/02/005,"UTUA I, GODSTIME NURSERY SCHOOL",IGARRA II,AKOKO EDO,7.27606453,6.10644860,34076
12,01,02,006,12/01/02/006,"UFA II, IRETOJI PRIMARY SCHOOL",IGARRA II,AKOKO EDO,7.27576081,6.11496016,34077
12,01,02,007,12/01/02/007,"UFA II, NR EDEKI'S HOUSE",IGARRA II,AKOKO EDO,7.27244533,6.11883110,34078
12,01,02,008,12/01/02/008,"UFA II, BY OVOKO'S HOUSE",IGARRA II,AKOKO EDO,7.27285763,6.11962821,34079
12,01,02,009,12/01/02/009,"UFA II, BY OMOLOJU'S COMP.",IGARRA II,AKOKO EDO,7.26734451,6.12449660,34080
12,01,02,010,12/01/02/010,"UFA II, UFA HALL",IGARRA II,AKOKO EDO,7.27580749,6.12070875,34081
12,01,02,011,12/01/02/011,"UFA II, NR. ADAMAGBO'S HOUSE",IGARRA II,AKOKO EDO,7.27577412,6.12197527,34082
12,01,02,012,12/01/02/012,"UFA II, NR. ADAMS HS",IGARRA II,AKOKO EDO,7.27620424,6.12421120,34083
12,01,02,013,12/01/02/013,"UFA II, AKUKU P/S I",IGARRA II,AKOKO EDO,7.29023187,6.14711457,34084
12,01,02,014,12/01/02/014,"UFA II, AKUKU P/S II",IGARRA II,AKOKO EDO,7.28998449,6.14695305,34085
12,01,03,001,12/01/03/001,"LAMPESE, LAMPESE MKT. SQ.",IMOGA/ LAMPESE/ BEKUMA/ EKPE,AKOKO EDO,7.45011240,6.10427270,34086
12,01,03,002,12/01/03/002,"LAMPESE, UKILEKPE P.S.",IMOGA/ LAMPESE/ BEKUMA/ EKPE,AKOKO EDO,7.45137834,6.10754875,34087
12,01,03,003,12/01/03/003,"LAMPESE,  AFORO QRTS. I",IMOGA/ LAMPESE/ BEKUMA/ EKPE,AKOKO EDO,7.45127005,6.10543931,34088
12,01,03,004,12/01/03/004,"LAMPESE,  AFORO QTRS II",IMOGA/ LAMPESE/ BEKUMA/ EKPE,AKOKO EDO,7.45174849,6.10458309,34089
12,01,03,005,12/01/03/005,"LAMPESE, UKE P/S.",IMOGA/ LAMPESE/ BEKUMA/ EKPE,AKOKO EDO,7.45209839,6.10843275,34090
12,01,03,007,12/01/03/007,"ELEKPI, BY CHIEF OKONDON",IMOGA/ LAMPESE/ BEKUMA/ EKPE,AKOKO EDO,7.46082200,6.10502262,34092
12,01,03,008,12/01/03/008,"IMOGA, UMAR P/S",IMOGA/ LAMPESE/ BEKUMA/ EKPE,AKOKO EDO,7.50405669,6.08608794,34093
12,01,03,009,12/01/03/009,"IMOGA,  LEPPER SETTLEMENT",IMOGA/ LAMPESE/ BEKUMA/ EKPE,AKOKO EDO,7.46921379,6.07479634,34094
12,01,03,010,12/01/03/010,"IMOGA, IMOGA PRIMARY SCHOOL",IMOGA/ LAMPESE/ BEKUMA/ EKPE,AKOKO EDO,7.51024542,6.09351996,34095
12,01,03,011,12/01/03/011,"IMOGA,  BY CHIEF OBANILU'S COMP.",IMOGA/ LAMPESE/ BEKUMA/ EKPE,AKOKO EDO,7.50307271,6.08684558,34096
12,01,03,012,12/01/03/012,"EKPE, KEKPUME P.S",IMOGA/ LAMPESE/ BEKUMA/ EKPE,AKOKO EDO,7.41626801,6.17618885,34097
12,01,03,013,12/01/03/013,"EKPE, BY DISPENSARY",IMOGA/ LAMPESE/ BEKUMA/ EKPE,AKOKO EDO,7.41578851,6.17597843,34098
12,01,03,014,12/01/03/014,"EKPE,  AHOR P/S.",IMOGA/ LAMPESE/ BEKUMA/ EKPE,AKOKO EDO,7.41956975,6.16193560,34099
12,01,04,001,12/01/04/001,"IBILLO, OJAH P/S.",IBILLO/ EKPESA/ EKOR/ IKIRAN-ILE/ OKE,AKOKO EDO,7.43791432,6.07398736,34100
12,01,04,002,12/01/04/002,"IBILLO, IBILLO P/S.",IBILLO/ EKPESA/ EKOR/ IKIRAN-ILE/ OKE,AKOKO EDO,7.43607924,6.07148988,34101
12,01,04,003,12/01/04/003,"IBILLO, BY CHIEF OMOLOJU'S HS",IBILLO/ EKPESA/ EKOR/ IKIRAN-ILE/ OKE,AKOKO EDO,7.43642284,6.07872267,34102
12,01,04,004,12/01/04/004,"IBILLO,  BY CHIEF GIWA'S HS.",IBILLO/ EKPESA/ EKOR/ IKIRAN-ILE/ OKE,AKOKO EDO,7.43427739,6.07507861,34103
12,01,04,005,12/01/04/005,"IBILLO,  MKT. SQUARE",IBILLO/ EKPESA/ EKOR/ IKIRAN-ILE/ OKE,AKOKO EDO,7.43660423,6.07710697,34104
12,01,04,006,12/01/04/006,"IBILLO,  BY OBA'S HS.",IBILLO/ EKPESA/ EKOR/ IKIRAN-ILE/ OKE,AKOKO EDO,7.43772020,6.06835620,34105
12,01,04,007,12/01/04/007,"IBILLO,  AZANE P/S.",IBILLO/ EKPESA/ EKOR/ IKIRAN-ILE/ OKE,AKOKO EDO,7.44161658,6.07132144,34106
12,01,04,008,12/01/04/008,"IBILL, O EFOLO P/S.",IBILLO/ EKPESA/ EKOR/ IKIRAN-ILE/ OKE,AKOKO EDO,7.44483054,6.07173415,34107
12,01,04,009,12/01/04/009,"EKPESA, OYENGBA P/S.",IBILLO/ EKPESA/ EKOR/ IKIRAN-ILE/ OKE,AKOKO EDO,7.42382523,6.07350171,34108
12,01,04,010,12/01/04/010,"EKOR, EKOR PRIMARY SCHOOL",IBILLO/ EKPESA/ EKOR/ IKIRAN-ILE/ OKE,AKOKO EDO,7.45220156,6.05087353,34109
12,01,04,011,12/01/04/011,"IKIRAN ILE, BY ALAFIN'S HS.",IBILLO/ EKPESA/ EKOR/ IKIRAN-ILE/ OKE,AKOKO EDO,7.42073083,6.01941510,34110
12,01,04,012,12/01/04/012,"IKIRAN,  BY SUBERU HS",IBILLO/ EKPESA/ EKOR/ IKIRAN-ILE/ OKE,AKOKO EDO,7.41363008,6.01730353,34111
12,01,04,013,12/01/04/013,"IKIRAN,  BY OSOGBO HS",IBILLO/ EKPESA/ EKOR/ IKIRAN-ILE/ OKE,AKOKO EDO,7.41642924,6.01812701,34112
12,01,05,001,12/01/05/001,"DANGBALA, DANGBALA P.S. I",MAKEKE/ OJAH/ DANGBALA/ OJIRAMI/ ANYAWOZA,AKOKO EDO,7.33966508,6.22344834,34114
12,01,05,002,12/01/05/002,"DANGBALA, DANGBALA P.S. II",MAKEKE/ OJAH/ DANGBALA/ OJIRAMI/ ANYAWOZA,AKOKO EDO,7.33907117,6.22327702,34115
12,01,05,003,12/01/05/003,"DANGBALA, OLD DANGBALA COURT HALL",MAKEKE/ OJAH/ DANGBALA/ OJIRAMI/ ANYAWOZA,AKOKO EDO,7.33846328,6.22204531,34116
12,01,05,004,12/01/05/004,"MAKEKE, ERESHA P.S.",MAKEKE/ OJAH/ DANGBALA/ OJIRAMI/ ANYAWOZA,AKOKO EDO,7.40576016,6.21007513,34117
12,01,05,005,12/01/05/005,"MAKEKE, BY AGBALA'S HOUSE",MAKEKE/ OJAH/ DANGBALA/ OJIRAMI/ ANYAWOZA,AKOKO EDO,7.40468249,6.21024711,34118
12,01,05,006,12/01/05/006,"MAKEKE,  ILETEJU PRIMARY SCHOOL",MAKEKE/ OJAH/ DANGBALA/ OJIRAMI/ ANYAWOZA,AKOKO EDO,7.40202229,6.22559306,34119
12,01,05,007,12/01/05/007,"ANYANWOSA, ANYANWOSA OJUTAIYE",MAKEKE/ OJAH/ DANGBALA/ OJIRAMI/ ANYAWOZA,AKOKO EDO,7.36431585,6.13592818,34120
12,01,05,008,12/01/05/008,"OJAH, OYONBA P.S. I",MAKEKE/ OJAH/ DANGBALA/ OJIRAMI/ ANYAWOZA,AKOKO EDO,7.37089335,6.23598177,34121
12,01,05,009,12/01/05/009,"OJAH, ONYONBA P.S. II",MAKEKE/ OJAH/ DANGBALA/ OJIRAMI/ ANYAWOZA,AKOKO EDO,7.37116672,6.23601088,34122
12,01,05,010,12/01/05/010,"OJAH, BY OBA'S HOUSE I",MAKEKE/ OJAH/ DANGBALA/ OJIRAMI/ ANYAWOZA,AKOKO EDO,7.37248752,6.23982951,34123
12,01,05,011,12/01/05/011,"OJAH,  BY OBA'S HOUSE II",MAKEKE/ OJAH/ DANGBALA/ OJIRAMI/ ANYAWOZA,AKOKO EDO,7.37770618,6.23632024,34124
12,01,05,012,12/01/05/012,"OJAH, OJAH COMM. HIGH SCHOOL",MAKEKE/ OJAH/ DANGBALA/ OJIRAMI/ ANYAWOZA,AKOKO EDO,7.38956604,6.23551463,34125
12,01,05,013,12/01/05/013,"OJIRAMI, DAM P.S.",MAKEKE/ OJAH/ DANGBALA/ OJIRAMI/ ANYAWOZA,AKOKO EDO,7.29994988,6.16484118,34126
12,01,05,014,12/01/05/014,"OJIRAMI, DISPENSARY YARD PSH",MAKEKE/ OJAH/ DANGBALA/ OJIRAMI/ ANYAWOZA,AKOKO EDO,7.31332581,6.18000862,34127
12,01,05,015,12/01/05/015,"OJIRAMI,  AFEKUNU DISPENSARY",MAKEKE/ OJAH/ DANGBALA/ OJIRAMI/ ANYAWOZA,AKOKO EDO,7.33976549,6.18964402,34128
12,01,05,016,12/01/05/016,"OJIRAMI, AFEKUNU MARKET",MAKEKE/ OJAH/ DANGBALA/ OJIRAMI/ ANYAWOZA,AKOKO EDO,7.33806180,6.19187202,34129
12,01,06,001,12/01/06/001,"OKPE,  IDOGUN PS. I",OLOMA/ OKPE/ IJAJA/ KAKUMA/ ANYARA,AKOKO EDO,7.28240693,6.04072494,34130
12,01,06,002,12/01/06/002,"OKPE, IDOGUN  PS. II",OLOMA/ OKPE/ IJAJA/ KAKUMA/ ANYARA,AKOKO EDO,7.28240117,6.04071994,34131
12,01,06,003,12/01/06/003,"OKPE, PALACE SQUARE I",OLOMA/ OKPE/ IJAJA/ KAKUMA/ ANYARA,AKOKO EDO,7.28359001,6.02780999,34132
12,01,06,004,12/01/06/004,"OKPE, PALACE SQUARE II",OLOMA/ OKPE/ IJAJA/ KAKUMA/ ANYARA,AKOKO EDO,7.28357236,6.02773982,34133
12,01,06,005,12/01/06/005,"OKPE, MATERNITY CENTRE",OLOMA/ OKPE/ IJAJA/ KAKUMA/ ANYARA,AKOKO EDO,7.28329538,6.02491742,34134
12,01,06,006,12/01/06/006,"OKPE,  AJAMA PRIMARY SCHOOL",OLOMA/ OKPE/ IJAJA/ KAKUMA/ ANYARA,AKOKO EDO,7.28125577,6.02043401,34135
12,01,06,007,12/01/06/007,"OKPE, AJAMA  P.S. I",OLOMA/ OKPE/ IJAJA/ KAKUMA/ ANYARA,AKOKO EDO,7.28125253,6.02042895,34136
12,01,06,008,12/01/06/008,"OKPE,  OLOMA P.S. II",OLOMA/ OKPE/ IJAJA/ KAKUMA/ ANYARA,AKOKO EDO,7.26777935,6.05226405,34137
12,01,06,009,12/01/06/009,"OKPE,  OYONBUNI HALL",OLOMA/ OKPE/ IJAJA/ KAKUMA/ ANYARA,AKOKO EDO,7.27823789,6.00825232,34138
12,01,06,010,12/01/06/010,"OKPE,  AIYETEJU OKPE",OLOMA/ OKPE/ IJAJA/ KAKUMA/ ANYARA,AKOKO EDO,7.34315286,5.99778513,34139
12,01,06,011,12/01/06/011,"OKPE,  OGBALISHE P.S.",OLOMA/ OKPE/ IJAJA/ KAKUMA/ ANYARA,AKOKO EDO,7.35148667,6.02773886,34140
12,01,06,012,12/01/06/012,"ANYARAN, ANYARA PS.",OLOMA/ OKPE/ IJAJA/ KAKUMA/ ANYARA,AKOKO EDO,7.48129016,5.96558749,34141
12,01,06,013,12/01/06/013,"IJAJAH, HEALTH CENTRE",OLOMA/ OKPE/ IJAJA/ KAKUMA/ ANYARA,AKOKO EDO,7.25517526,5.93927345,34142
12,01,06,014,12/01/06/014,"IKAKUMOH, IKAKUMOH P.S. I",OLOMA/ OKPE/ IJAJA/ KAKUMA/ ANYARA,AKOKO EDO,7.52828017,6.01558274,34143
12,01,06,015,12/01/06/015,"IKAKUMOH,  IKAKMOH P.S II",OLOMA/ OKPE/ IJAJA/ KAKUMA/ ANYARA,AKOKO EDO,7.52831866,6.01581614,34144
12,01,07,001,12/01/07/001,"SOMORIKA, PUBLIC FORUM",SOMORIKA / OGBE / SASARO / ONUMU / ESHAWA / OGUGU IGBOSHI-AFE / IGBOSHI - ELE / AIYEGUNLE,AKOKO EDO,7.31818498,6.12519689,34145
12,01,07,002,12/01/07/002,"SOMORIKA, EKPERE",SOMORIKA / OGBE / SASARO / ONUMU / ESHAWA / OGUGU IGBOSHI-AFE / IGBOSHI - ELE / AIYEGUNLE,AKOKO EDO,7.31692104,6.12402589,34146
12,01,07,003,12/01/07/003,ESHAWA PUBLIC SQUARE,SOMORIKA / OGBE / SASARO / ONUMU / ESHAWA / OGUGU IGBOSHI-AFE / IGBOSHI - ELE / AIYEGUNLE,AKOKO EDO,7.35298493,6.04720393,34147
12,01,07,004,12/01/07/004,"ONUMU, NR. ANG. CHURCH",SOMORIKA / OGBE / SASARO / ONUMU / ESHAWA / OGUGU IGBOSHI-AFE / IGBOSHI - ELE / AIYEGUNLE,AKOKO EDO,7.35853516,6.13795748,34148
12,01,07,005,12/01/07/005,"OGBE, APIASA PRIMARY S CHOOL    I",SOMORIKA / OGBE / SASARO / ONUMU / ESHAWA / OGUGU IGBOSHI-AFE / IGBOSHI - ELE / AIYEGUNLE,AKOKO EDO,7.35309752,6.10905105,34149
12,01,07,006,12/01/07/006,"OGBE, APIASA  PRIMARY SCHOOL  II",SOMORIKA / OGBE / SASARO / ONUMU / ESHAWA / OGUGU IGBOSHI-AFE / IGBOSHI - ELE / AIYEGUNLE,AKOKO EDO,7.35310499,6.10904573,34150
12,01,07,007,12/01/07/007,"SASARO, MATERNITY CENTRE",SOMORIKA / OGBE / SASARO / ONUMU / ESHAWA / OGUGU IGBOSHI-AFE / IGBOSHI - ELE / AIYEGUNLE,AKOKO EDO,7.21059081,6.14773713,34151
12,01,07,008,12/01/07/008,"AIYEGUNLE, BY CHIEF ALIU'S COMP I",SOMORIKA / OGBE / SASARO / ONUMU / ESHAWA / OGUGU IGBOSHI-AFE / IGBOSHI - ELE / AIYEGUNLE,AKOKO EDO,7.34857203,6.07963340,34152
12,01,07,009,12/01/07/009,AIYEGUNLE  BY CHIEF ALIU'S COMP II,SOMORIKA / OGBE / SASARO / ONUMU / ESHAWA / OGUGU IGBOSHI-AFE / IGBOSHI - ELE / AIYEGUNLE,AKOKO EDO,7.35319666,6.07894039,34153
12,01,07,010,12/01/07/010,"UGBOSHI-ELE,  BY ELUKA'S COMP",SOMORIKA / OGBE / SASARO / ONUMU / ESHAWA / OGUGU IGBOSHI-AFE / IGBOSHI - ELE / AIYEGUNLE,AKOKO EDO,7.33930334,6.05848561,34154
12,01,07,011,12/01/07/011,"UGBOSHI-ELE,  OPPOSITE SAMSONS COMP",SOMORIKA / OGBE / SASARO / ONUMU / ESHAWA / OGUGU IGBOSHI-AFE / IGBOSHI - ELE / AIYEGUNLE,AKOKO EDO,7.33810055,6.06058012,34155
12,01,07,012,12/01/07/012,"UGBOSHI-AFE, BY MARKET SQUARE I",SOMORIKA / OGBE / SASARO / ONUMU / ESHAWA / OGUGU IGBOSHI-AFE / IGBOSHI - ELE / AIYEGUNLE,AKOKO EDO,7.39595038,6.06190020,34156
12,01,07,013,12/01/07/013,UGBOSHI-AFE  BY MARKET SQUARE II,SOMORIKA / OGBE / SASARO / ONUMU / ESHAWA / OGUGU IGBOSHI-AFE / IGBOSHI - ELE / AIYEGUNLE,AKOKO EDO,7.39593532,6.06189720,34157
12,01,07,014,12/01/07/014,"UGBOSHI-AFE,  L.A. P/S",SOMORIKA / OGBE / SASARO / ONUMU / ESHAWA / OGUGU IGBOSHI-AFE / IGBOSHI - ELE / AIYEGUNLE,AKOKO EDO,7.40034448,6.05971557,34158
12,01,07,015,12/01/07/015,"OGUGU, EDEMINA P/S.",SOMORIKA / OGBE / SASARO / ONUMU / ESHAWA / OGUGU IGBOSHI-AFE / IGBOSHI - ELE / AIYEGUNLE,AKOKO EDO,7.38469767,6.10876797,34159
12,01,08,001,12/01/08/001,"ENWAN, IMIEZUA P/S I",ENWAN/ATTE/IKPESHI/EGBIGELE,AKOKO EDO,7.27585633,6.12919903,34160
12,01,08,002,12/01/08/002,"ENWAN,  IMIEZUA P/S II",ENWAN/ATTE/IKPESHI/EGBIGELE,AKOKO EDO,7.27553393,6.12948758,34161
12,01,08,003,12/01/08/003,"ENWAN,  ENWAN P/S",ENWAN/ATTE/IKPESHI/EGBIGELE,AKOKO EDO,7.27895370,6.13750053,34162
12,01,08,004,12/01/08/004,"ENWAN,  EKPARI MARKET SQ.",ENWAN/ATTE/IKPESHI/EGBIGELE,AKOKO EDO,7.28242594,6.13735875,34163
12,01,08,005,12/01/08/005,"ENWAN,  IMIEGESAKOR T. SQ.",ENWAN/ATTE/IKPESHI/EGBIGELE,AKOKO EDO,7.28000722,6.13948858,34164
12,01,08,006,12/01/08/006,"ENWAN, ESHEKARI T. SQ I",ENWAN/ATTE/IKPESHI/EGBIGELE,AKOKO EDO,7.28129979,6.13737473,34165
12,01,08,007,12/01/08/007,"ENWAN,  ESHEKARI T. SQ II",ENWAN/ATTE/IKPESHI/EGBIGELE,AKOKO EDO,7.28086659,6.13754548,34166
12,01,08,008,12/01/08/008,"ATTE, MATERNITY CENTRE",ENWAN/ATTE/IKPESHI/EGBIGELE,AKOKO EDO,7.21232797,6.22954262,34167
12,01,08,009,12/01/08/009,"ATTE,  IRHOFO P/S, ATTE",ENWAN/ATTE/IKPESHI/EGBIGELE,AKOKO EDO,7.21066290,6.23316291,34168
12,01,08,010,12/01/08/010,"ATTE,  NR. BAPTIST CHURCH",ENWAN/ATTE/IKPESHI/EGBIGELE,AKOKO EDO,7.19640401,6.24955233,34169
12,01,08,011,12/01/08/011,"IKPESHI, OKHUEROMOH P/S I",ENWAN/ATTE/IKPESHI/EGBIGELE,AKOKO EDO,7.14539725,6.18144755,34170
12,01,08,012,12/01/08/012,IKPESHI OKHUEROMOH P/S II,ENWAN/ATTE/IKPESHI/EGBIGELE,AKOKO EDO,7.14569257,6.18166947,34171
12,01,08,013,12/01/08/013,"EGBIGERE, NR. CHIEF ALIU'S HOUSE",ENWAN/ATTE/IKPESHI/EGBIGELE,AKOKO EDO,7.21476921,6.18057884,34172
12,01,08,014,12/01/08/014,"EGBIGERE, NR. CATHOLIC CHURCH",ENWAN/ATTE/IKPESHI/EGBIGELE,AKOKO EDO,7.21630204,6.17883375,34173
12,01,09,001,12/01/09/001,"UNEME -  NEKHUA, COURT HALL I",UNEME-NEKHUA/AKPAMA/ AIYETORO/ EKPEDO/ ERHURUN/ UNEME OSU,AKOKO EDO,7.34418247,6.08319841,34174
12,01,09,002,12/01/09/002,"UNEME- NEKHUA,  COURT HALL II",UNEME-NEKHUA/AKPAMA/ AIYETORO/ EKPEDO/ ERHURUN/ UNEME OSU,AKOKO EDO,7.34304923,6.08165829,34175
12,01,09,003,12/01/09/003,"AIYETORO, OPP. CMS CHURCH",UNEME-NEKHUA/AKPAMA/ AIYETORO/ EKPEDO/ ERHURUN/ UNEME OSU,AKOKO EDO,7.32345280,6.09158271,34176
12,01,09,004,12/01/09/004,"AKPAMA,  OPP CMS CHURCH",UNEME-NEKHUA/AKPAMA/ AIYETORO/ EKPEDO/ ERHURUN/ UNEME OSU,AKOKO EDO,7.34319490,6.14223458,34177
12,01,09,005,12/01/09/005,"EKPEDO, OGUN P/, S EKPEDO",UNEME-NEKHUA/AKPAMA/ AIYETORO/ EKPEDO/ ERHURUN/ UNEME OSU,AKOKO EDO,7.41794108,6.16753252,34178
12,01,09,006,12/01/09/006,"EKPEDO,  BY DISPENSARY I",UNEME-NEKHUA/AKPAMA/ AIYETORO/ EKPEDO/ ERHURUN/ UNEME OSU,AKOKO EDO,7.41781990,6.17160732,34179
12,01,09,007,12/01/09/007,"EKPEDO, BY  DISPENSARY II",UNEME-NEKHUA/AKPAMA/ AIYETORO/ EKPEDO/ ERHURUN/ UNEME OSU,AKOKO EDO,7.41860706,6.17340329,34180
12,01,09,008,12/01/09/008,"EKPEDO,  IMIAVA STREET",UNEME-NEKHUA/AKPAMA/ AIYETORO/ EKPEDO/ ERHURUN/ UNEME OSU,AKOKO EDO,7.41739115,6.17364691,34181
12,01,09,009,12/01/09/009,"UNEME-OSU, OSU P/S I",UNEME-NEKHUA/AKPAMA/ AIYETORO/ EKPEDO/ ERHURUN/ UNEME OSU,AKOKO EDO,7.35726261,6.23239616,34182
12,01,09,010,12/01/09/010,"UNEME-OSU, OSU  P/S II",UNEME-NEKHUA/AKPAMA/ AIYETORO/ EKPEDO/ ERHURUN/ UNEME OSU,AKOKO EDO,7.35731500,6.23236739,34183
12,01,09,011,12/01/09/011,"UNEME-OSU, OSU  P/S III",UNEME-NEKHUA/AKPAMA/ AIYETORO/ EKPEDO/ ERHURUN/ UNEME OSU,AKOKO EDO,7.35763231,6.23221665,34184
12,01,09,012,12/01/09/012,"UNEME-ERHUNRUN, IGBODE P/S I",UNEME-NEKHUA/AKPAMA/ AIYETORO/ EKPEDO/ ERHURUN/ UNEME OSU,AKOKO EDO,7.28285531,6.25612355,34185
12,01,09,013,12/01/09/013,"UNEME-ERHUNRUN, IGBODE  P/S II",UNEME-NEKHUA/AKPAMA/ AIYETORO/ EKPEDO/ ERHURUN/ UNEME OSU,AKOKO EDO,7.28294377,6.25575881,34186
12,01,09,014,12/01/09/014,"UNEME-URHUNRUN,  BY C.A. JOHN'S FRONTAGE I",UNEME-NEKHUA/AKPAMA/ AIYETORO/ EKPEDO/ ERHURUN/ UNEME OSU,AKOKO EDO,7.28458634,6.25227441,34187
12,01,09,015,12/01/09/015,"UNEME-ERHUNRUN , BY C.A JOHN'S FRONTAGE II",UNEME-NEKHUA/AKPAMA/ AIYETORO/ EKPEDO/ ERHURUN/ UNEME OSU,AKOKO EDO,7.28306713,6.25235206,34188
12,01,10,001,12/01/10/001,"OSOSO, OLD MATERNITY",OSOSO,AKOKO EDO,7.40580364,6.24522667,34189
12,01,10,002,12/01/10/002,"OSOSO,  OLD ANNI",OSOSO,AKOKO EDO,7.41694062,6.26005521,34190
12,01,10,003,12/01/10/003,"OSOSO, EGBETUA P/S",OSOSO,AKOKO EDO,7.37645911,6.26806453,34191
12,01,10,004,12/01/10/004,"OSOSO,  BY OGEDENGBE'S COMP",OSOSO,AKOKO EDO,7.38216972,6.26395169,34192
12,01,10,005,12/01/10/005,"OSOSO,  OKHE PFRIMARY SCHOOL I",OSOSO,AKOKO EDO,7.41302510,6.25694781,34193
12,01,10,006,12/01/10/006,"OSOSO, OKHE PRIMARY SCHOOL II",OSOSO,AKOKO EDO,7.41325138,6.25665313,34194
12,01,10,007,12/01/10/007,"OSOSO,  IKPENA HALL",OSOSO,AKOKO EDO,7.41868026,6.25767943,34195
12,01,10,008,12/01/10/008,"OSOSO,  UDUEGEDE HALL",OSOSO,AKOKO EDO,7.41801512,6.25910103,34196
12,01,10,009,12/01/10/009,"OSOSO,  UDUREVBE T. SQ.",OSOSO,AKOKO EDO,7.41850318,6.25495687,34197
12,01,10,010,12/01/10/010,"OSOSO,  IKUEGBEDE P/S",OSOSO,AKOKO EDO,7.39490388,6.25144863,34198
12,01,10,011,12/01/10/011,"OSOSO,  IREVBE UDEGWA SQ.",OSOSO,AKOKO EDO,7.41090551,6.26094130,34199
12,01,10,012,12/01/10/012,"OSOSO,  OLD ST. PETERS",OSOSO,AKOKO EDO,7.41381891,6.25731517,34200
12,01,10,013,12/01/10/013,"OSOSO,  OLD L.A. P/S",OSOSO,AKOKO EDO,7.40705391,6.24507249,34201
12,02,01,001,12/02/01/001,ASORO GRAM SCH. EVBUOTUBU I,OTUBU,EGOR,6.32936996,5.58295149,34202
12,02,01,002,12/02/01/002,ASORO GRAM. SCH. EVBUOTUBU II,OTUBU,EGOR,6.32931291,5.58298345,34203
12,02,01,003,12/02/01/003,EVBUOTUBU SEC. SCHOOL,OTUBU,EGOR,6.34428944,5.58397291,34204
12,02,01,004,12/02/01/004,"EVBUOTUBU SC. SCHO0L,  EVBUOTUBU",OTUBU,EGOR,6.34428787,5.58396805,34205
12,02,01,005,12/02/01/005,"OMO NUSERY PRIMARY SCHOOL, EVBUOTUBU I",OTUBU,EGOR,6.33974703,5.58556073,34206
12,02,01,006,12/02/01/006,"OMO NURSERY PRIMARY SCHOOL,  EVBUOTUBU II",OTUBU,EGOR,6.33974473,5.58556536,34207
12,02,01,007,12/02/01/007,"EVBUOTUBU PRIMARY SCHOOL,  EVBUOTUBU I",OTUBU,EGOR,6.33854101,5.57264780,34208
12,02,01,008,12/02/01/008,"EVBUOTUBU PRIMARY SCHOOL,  EVBUOTUBU II",OTUBU,EGOR,6.33854415,5.57264740,34209
12,02,01,009,12/02/01/009,"EVBUOTUBU TOWN HALL,  EVBUOTUBU I",OTUBU,EGOR,6.33904418,5.58160852,34210
12,02,01,010,12/02/01/010,"EVBUOTUBU TOWN HALL,  EVBUOTUBU II",OTUBU,EGOR,6.33906407,5.58159910,34211
12,02,01,011,12/02/01/011,"EVBUOTUBU HEALTH CENTRE,  EVBUOTUBU",OTUBU,EGOR,6.33854741,5.57264411,34212
12,02,01,012,12/02/01/012,"ARUOSA PRIMARY SCHOOL,  EVBUOTUBU I",OTUBU,EGOR,6.34630186,5.53575637,34213
12,02,01,013,12/02/01/013,"ARUOSA PRIMARY SCHOOL,  EVBUOTUBU II",OTUBU,EGOR,6.34629558,5.53575150,34214
12,02,01,014,12/02/01/014,"URUMWON PRIMARY SCHOOL,  EVBUOTUBU I",OTUBU,EGOR,6.36478367,5.55672659,34215
12,02,01,015,12/02/01/015,"URUMWON PRIMARY SCHOOL, EVBUOTUBU II",OTUBU,EGOR,6.36477617,5.55669783,34216
12,02,01,016,12/02/01/016,"UGBIKHOKO PRIMARY SCHOOL,  EVBUOTUBU",OTUBU,EGOR,6.31100363,5.55881289,34217
12,02,01,017,12/02/01/017,"OGBOMWAN PRIMARY SCHOOL,  EVBUOTUBU",OTUBU,EGOR,6.31871411,5.57277070,34218
12,02,01,018,12/02/01/018,"OPEN SPACE, IKHILE LANE BESIDE NATIONAL OPEN UNIVERSITY I",OTUBU,EGOR,6.33201333,5.58090180,632482
12,02,01,019,12/02/01/019,"REVIVAL AGE MINISTRY,BY NATIONAL OPEN UNIVERSITY, EVBOUTUBU",OTUBU,EGOR,6.33279509,5.59160180,632483
12,02,01,020,12/02/01/020,"OPEN SPACE,IKHILE LANE BESIDE NATIONAL OPEN UNIVERSITY II",OTUBU,EGOR,6.33198834,5.58091454,632484
12,02,01,021,12/02/01/021,"OPEN SPACE BY NATIONAL OPEN UNIVERSITY, EVBUOTUBU",OTUBU,EGOR,6.33173009,5.59030663,632485
12,02,01,022,12/02/01/022,"OPEN SPACE -UPPER EHRUSEH STREET,BESIDE BRIGHT FUTURE ORPHANAGE",OTUBU,EGOR,6.34531507,5.58494825,632486
12,02,01,023,12/02/01/023,OPEN SPACE -POWER LINE BY CATTLE MARKET OPPOSITE PRIESTHOOD OF GOD MINISTRY,OTUBU,EGOR,6.34531907,5.58492143,632487
12,02,01,024,12/02/01/024,"OPEN SPACE -UGIAGBE STREET,BY KINGDOM OF LIFE BAPTIST CHURCH",OTUBU,EGOR,6.33977488,5.58551487,632488
12,02,01,025,12/02/01/025,INDUSTRIAL DEVELOPMENT CENTER,OTUBU,EGOR,6.33822505,5.58856655,632489
12,02,01,026,12/02/01/026,OPEN SPACE BY ONI STREET JUNCTION,OTUBU,EGOR,6.33877154,5.57342012,632490
12,02,01,027,12/02/01/027,"OPEN SPACE BY ENABOR STREET OFF ONI STREET, EVBUOTUBU.",OTUBU,EGOR,6.33876987,5.57339329,632491
12,02,01,028,12/02/01/028,"OPEN SPACE BY DEEPER LIFE BIBLE CHURCH,ONI STREET, EVBUOTUBU.",OTUBU,EGOR,6.33878320,5.57339162,632492
12,02,01,029,12/02/01/029,"OPEN SPACE BY ENABOR JUNCTION, EVBUOTUBU",OTUBU,EGOR,6.33877154,5.57342514,632493
12,02,01,030,12/02/01/030,OPEN SPACE BY  EVBOUTUBU MARKET,OTUBU,EGOR,6.33873822,5.58145669,632494
12,02,01,031,12/02/01/031,OPEN SPACE -KEKE PARK BY EVBOUTUBU JUNCTION,OTUBU,EGOR,6.33872489,5.58146674,632495
12,02,01,032,12/02/01/032,"EVBOUTUBU MOTOR PARK, EVBOUTUBU",OTUBU,EGOR,6.33871323,5.58145501,632496
12,02,01,033,12/02/01/033,OPEN SPACE BY EVBUOTUBU SAWMILL,OTUBU,EGOR,6.33871189,5.58147110,632497
12,02,01,034,12/02/01/034,"OPEN SPACE,BESIDE DAY SPRING SCHOOLS, EVBUOTUBU",OTUBU,EGOR,6.33832002,5.57563830,632498
12,02,01,035,12/02/01/035,"OPEN SPACE OPPOSITE MIRACLE CATHEDRAL, EVBUOTUBU",OTUBU,EGOR,6.33825504,5.57564668,632499
12,02,01,036,12/02/01/036,"OPEN SPACE BOUNDARY ROAD BY MECHANIC JUNCTION, URUMWON",OTUBU,EGOR,6.36432004,5.55664826,632500
12,02,01,037,12/02/01/037,OPEN SPACE BOUNDARY ROAD BY MOUNTAIN OF FIRE.URUMWON II,OTUBU,EGOR,6.36434670,5.55666838,632501
12,02,01,038,12/02/01/038,"OPEN SPACE - UGBIKHOKO MARKET, EVBOUTUBU",OTUBU,EGOR,6.31046685,5.55946659,632502
12,02,01,039,12/02/01/039,"OPEN SPACE -IGBINOVIA STREET, OPPOSITE DIVINE SPRING INTERNATIONAL SCHOOL",OTUBU,EGOR,6.31445510,5.56500334,632503
12,02,01,040,12/02/01/040,"OPEN SPACE BY SUPERIOR RD,BESIDE WINNERS CHURCH",OTUBU,EGOR,6.31445510,5.56500334,632504
12,02,01,041,12/02/01/041,"OPEN SPACE,SECOND POWER LINE JUNCTION.EVBOUTOUBU",OTUBU,EGOR,6.31877157,5.57279315,632505
12,02,01,042,12/02/01/042,"OPEN SPACE BY MOTOR PARK,OGIEMUDIA STREET, UGBIKHOKO",OTUBU,EGOR,6.31877157,5.57279315,632506
12,02,02,001,12/02/02/001,"AUNTY MARIA NUR/PRIMARY SCHOOL, OLIHA I",OLIHA,EGOR,6.35025612,5.60101853,34219
12,02,02,002,12/02/02/002,"AUNTY MARIA NUR/PRIMARY SCHOOL, OLIHA II",OLIHA,EGOR,6.35018749,5.60089462,34220
12,02,02,003,12/02/02/003,"AUNTY MARIA NUR/PRIMARY SCHOOL, OLIHA III",OLIHA,EGOR,6.35018891,5.60088761,34221
12,02,02,004,12/02/02/004,"AUNTY MARIA NUR/PRIMARY SCHOOL, OLIHA  IV",OLIHA,EGOR,6.35019391,5.60090289,34222
12,02,02,005,12/02/02/005,"AUNTY MARIA NUR/PRIMARY SCHOOL, OLIHA V",OLIHA,EGOR,6.35011548,5.60064629,34223
12,02,02,006,12/02/02/006,"ABRAKA STANDARD NUR. SCHOOL, OLIHA VI",OLIHA,EGOR,6.35378093,5.59994589,34224
12,02,02,007,12/02/02/007,"ABRAKA STANDARD NUR. SCHOOL, OLIHA VII",OLIHA,EGOR,6.35377391,5.59994618,34225
12,02,02,008,12/02/02/008,"ORONMIYAN PRIMARY SCHOOL, OLIHA I",OLIHA,EGOR,6.34982841,5.58458587,34226
12,02,02,009,12/02/02/009,"ORONMIYAN PRIMARY SCHOOL, OLIHA II",OLIHA,EGOR,6.34999406,5.58462422,34227
12,02,02,010,12/02/02/010,"JOSSY WISDOM NUR/PRIMARY SCHOOL, OLIHA I",OLIHA,EGOR,6.34866980,5.59130779,34228
12,02,02,011,12/02/02/011,"JOSSY WISDOM NUR/PRIMARY SCHOOL, OLIHA II",OLIHA,EGOR,6.34867384,5.59130343,34229
12,02,02,012,12/02/02/012,"JOSSY WISDOM NUR/PRIMARY SCHOOL, OLIHA III",OLIHA,EGOR,6.34866973,5.59129205,34230
12,02,02,013,12/02/02/013,"NIGHTINGALE NUR/PRIMARY SCHOOL, OLIHA I",OLIHA,EGOR,6.34431667,5.59322436,34231
12,02,02,014,12/02/02/014,"NIGHTINGALE NUR/PRIMARY SCHOOL, OLIHA II",OLIHA,EGOR,6.34431751,5.59321485,34232
12,02,02,015,12/02/02/015,"OPEN SPACE BY  ST. THOMAS  BASIC GROUP OF SCH., OLIHA BY OBAYUWANA STR. OFF SILOKO",OLIHA,EGOR,6.35625597,5.59544038,632465
12,02,02,016,12/02/02/016,"OPEN SPACE BY THE SAWMILL, IGBINADUWA STREET",OLIHA,EGOR,6.35622831,5.95450100,632466
12,02,02,017,12/02/02/017,EVANGEL SURE FOUNDATION SCHOOL BY IMAGBENIKARO STREET.,OLIHA,EGOR,6.35622831,5.59545010,632467
12,02,02,018,12/02/02/018,"OPEN SPACE BY PARK LAND NUR./PRY. SCHOOL, FIRST GARRICK LAYOUT",OLIHA,EGOR,6.35304909,5.60139991,632468
12,02,02,019,12/02/02/019,"OPEN SPACE BY NEW DAWN GROUP OF SCHOOL, DOCTOR GARRICK LAYOUT",OLIHA,EGOR,6.35304243,5.60141165,632469
12,02,02,020,12/02/02/020,"OPEN SPACE BY, ADOLOR STR OFF 2ND EAST",OLIHA,EGOR,6.34955530,5.59825670,632470
12,02,02,021,12/02/02/021,OPEN SPACE BY AUNTY MARIA NUR/PRY SCH II,OLIHA,EGOR,6.34955530,5.59825670,632471
12,02,02,022,12/02/02/022,OKHOKHUGBO PRY.SCH.I,OLIHA,EGOR,6.35012710,5.56652810,632472
12,02,02,023,12/02/02/023,OKHOKHUGBO HEALTH CENTER,OLIHA,EGOR,6.35012710,5.56652810,632473
12,02,02,024,12/02/02/024,"OPEN SPACE BY THE REDEEM CHRISTIAN CHURCH OF GOD, FIRST ORONMIYAN STR.",OLIHA,EGOR,6.35384040,5.59986660,632474
12,02,02,025,12/02/02/025,OKHOKHUGBO SEC. SCH.,OLIHA,EGOR,6.35149030,5.55590083,632475
12,02,02,026,12/02/02/026,OKHOKHUGBO TOWN HALL,OLIHA,EGOR,6.34940700,5.56588000,632476
12,02,02,027,12/02/02/027,"OPEN SPACE BY TAMAR NUR.,PRY,& SECONDARY SCHOOLS BY 2ND ORONMIYAN",OLIHA,EGOR,6.34888750,5.59098990,632477
12,02,02,028,12/02/02/028,"OPEN SPACE BY BRAIN TUTORS ACADEMY, AYO IGBINOVIA STR.",OLIHA,EGOR,6.34885720,5.59100330,632478
12,02,02,029,12/02/02/029,"ST MERCY GROUP OF SCHOOLS, EDEBIRI STR. OFF ORONMIYAN",OLIHA,EGOR,6.34888210,5.59100330,632479
12,02,02,030,12/02/02/030,"OPEN SPACE BY VACGLON ACADEMY GROUP OF SCHOOLS, UYI STR. UPPER ERHUMWUNSE",OLIHA,EGOR,6.34436530,5.59312490,632480
12,02,02,031,12/02/02/031,OPEN SPACE BY CHRIST MODEL ACADEMY BY EGHOSA,OLIHA,EGOR,6.34435200,5.59314170,632481
12,02,03,001,12/02/03/001,"OGIDA MOTOR PARK,  OGIDA I",OGIDA/USE,EGOR,6.35908836,5.59951157,34233
12,02,03,002,12/02/03/002,"OGIDA MOTOR PARK,  OGIDA II",OGIDA/USE,EGOR,6.35908315,5.59952127,34234
12,02,03,003,12/02/03/003,"OGIDA MOTOR PARK, OGIDA III",OGIDA/USE,EGOR,6.35908172,5.59951355,34235
12,02,03,004,12/02/03/004,"OGIDA MOTOR PARK,  OGIDA IV",OGIDA/USE,EGOR,6.35907520,5.59951278,34236
12,02,03,005,12/02/03/005,"OGIDA MOTOR PARK,  OGIDA V",OGIDA/USE,EGOR,6.35908620,5.59952110,34237
12,02,03,006,12/02/03/006,OGIDA MOTOR PARK OGIDA VI,OGIDA/USE,EGOR,6.35909622,5.59951654,34238
12,02,03,007,12/02/03/007,OGIDA PRIMARY SCHOOL OGIDA I,OGIDA/USE,EGOR,6.35972228,5.60055538,34239
12,02,03,008,12/02/03/008,"OGIDA PRIMARY SCHOOL, OGIDA II",OGIDA/USE,EGOR,6.35971884,5.60056021,34240
12,02,03,009,12/02/03/009,"ENINA NUR/PRIMARY SCHOOL, OGIDA I",OGIDA/USE,EGOR,6.35776591,5.59474848,34241
12,02,03,010,12/02/03/010,ENINA NUR/PRIMARY SCHOOL OGIDA II,OGIDA/USE,EGOR,6.35775317,5.59474997,34242
12,02,03,011,12/02/03/011,HOPEWELL GROUP OF SCH. USE,OGIDA/USE,EGOR,6.35768034,5.58578336,34243
12,02,03,012,12/02/03/012,EWEKA PRIMARY SCHOOL USE I,OGIDA/USE,EGOR,6.36165177,5.58338961,34244
12,02,03,013,12/02/03/013,EWEKA PRIMARY SCHOOL USE II,OGIDA/USE,EGOR,6.36164813,5.58338977,34245
12,02,03,014,12/02/03/014,EWEKA PRIMARY SCHOOL USE III,OGIDA/USE,EGOR,6.36164752,5.58339072,34246
12,02,03,015,12/02/03/015,EWEKA PRIMARY SCHOOL USE IV,OGIDA/USE,EGOR,6.36165746,5.58338308,34247
12,02,03,016,12/02/03/016,EWEKA PRIMARY SCHOOL USE V,OGIDA/USE,EGOR,6.36165208,5.58333778,34248
12,02,03,017,12/02/03/017,USE TOWN HALL USE,OGIDA/USE,EGOR,6.36361662,5.58059796,34249
12,02,03,018,12/02/03/018,USE SEC. SCHOOL USE I,OGIDA/USE,EGOR,6.36588784,5.57391678,34250
12,02,03,019,12/02/03/019,"USE SCH. SCHOOL, USE II",OGIDA/USE,EGOR,6.36622180,5.57255502,34251
12,02,03,020,12/02/03/020,BLESSED ASSURANCE NUR/PRIMARY SCHOOL,OGIDA/USE,EGOR,6.36470299,5.58645585,34252
12,02,03,021,12/02/03/021,OPEN SPACE OGIDA MARKET JUNCTION BY SILUKO OKHOKHUGBO,OGIDA/USE,EGOR,6.35813929,5.59764381,632411
12,02,03,022,12/02/03/022,"OPEN SPACE OPP. OGIDA BARRACKS BY UNITY STREET JUNCTION, UPPER SILUKO",OGIDA/USE,EGOR,6.35812930,5.59772998,632412
12,02,03,023,12/02/03/023,OPEN SPACE MOBILE AVENUE JUNCTION BY CON OIL,OGIDA/USE,EGOR,6.35807132,5.59775613,632413
12,02,03,024,12/02/03/024,"OPEN SPACE BY IGBINEWEKA STREET JUNCTION,BESIDE MENDE PETROL STATION",OGIDA/USE,EGOR,6.35816462,5.59780542,632414
12,02,03,025,12/02/03/025,"OPEN SPACE BY ENINA GROUP OF SCHOOL JUNCTION, OMOGIATE STR.",OGIDA/USE,EGOR,6.35819028,5.59782688,632415
12,02,03,026,12/02/03/026,"OPEN SPACE OGIDA STREET JUNCTION BY TRAFFIC LIGHT, OKHOKHUGBO",OGIDA/USE,EGOR,6.35814463,5.59787314,632416
12,02,03,027,12/02/03/027,OPEN SPACE BY  EKHATOR STREET JUNCTION OKHOKHUGBO.,OGIDA/USE,EGOR,6.35461255,5.58805559,632417
12,02,03,028,12/02/03/028,OPEN SPACE AKUGBE STREET JUNCTION BY AKARA DEPOT.,OGIDA/USE,EGOR,6.35461021,5.58804520,632418
12,02,03,029,12/02/03/029,"OPEN SPACE FRONT OF HI TECH CONSTRUCTION, OKHOKHUGBO",OGIDA/USE,EGOR,6.35799934,5.59471819,632419
12,02,03,030,12/02/03/030,"OPEN SPACE BY PALACE ROAD JUNCTION, SILUKO",OGIDA/USE,EGOR,6.35800634,5.59469372,632420
12,02,03,031,12/02/03/031,"OPEN SPACE, OWENVBIUGIE STREET JUNCTION, CLOSE TO CAGHOL PETROL STATION, OKHOKHUGBO",OGIDA/USE,EGOR,6.35800501,5.59476178,632421
12,02,03,032,12/02/03/032,"OPEN SPACE ENINA NUR/PRIMARY SCHOOL, OGIDA/USEH",OGIDA/USE,EGOR,6.35798935,5.59476279,632422
12,02,03,033,12/02/03/033,"OPEN SPACE OLOMUZA MARKET JUNCTION, OGIDA/USEH",OGIDA/USE,EGOR,6.35796836,5.59477620,632423
12,02,03,034,12/02/03/034,"OPEN SPACE, HOPEWELL GRP OF SCH II BY AIBANGBEE STR",OGIDA/USE,EGOR,6.35769245,5.58596715,632424
12,02,03,035,12/02/03/035,EGOR HEALTH CENTER BY USEH ROAD - OPEN SPACE I,OGIDA/USE,EGOR,6.36711800,5.57845227,632425
12,02,03,036,12/02/03/036,EGOR HEALTH CENTER BY USEH ROAD - OPEN SPACE II,OGIDA/USE,EGOR,6.36714299,5.57841539,632426
12,02,03,037,12/02/03/037,OPEN SPACE IGBINADUWA JUNCTION KEKENAPEP BUSSTOP,OGIDA/USE,EGOR,6.36714765,5.57847105,632427
12,02,03,038,12/02/03/038,EGOR HEALTH CARE CENTER BY OKHOKHUGBO,OGIDA/USE,EGOR,6.36682811,5.57860549,632428
12,02,03,039,12/02/03/039,USEH COMMUNITY TOWN HALL I BY OMOJUWA STR.,OGIDA/USE,EGOR,6.36463830,5.58287323,632429
12,02,03,040,12/02/03/040,USEH COMMUNITY TOWN HALL II,OGIDA/USE,EGOR,6.36460993,5.58289938,632430
12,02,03,041,12/02/03/041,OPEN SPACE BESIDE OGIDA PALACE BY OBAYUWANA JUNCTION OGIDA,OGIDA/USE,EGOR,6.36463692,5.58273811,632431
12,02,03,042,12/02/03/042,OPEN SPACE CLOSE TO USEH COMMUNITY TOWN HALL OMOJUWA STR. OKHOKHUGBO,OGIDA/USE,EGOR,6.36460589,5.58291648,632432
12,02,03,043,12/02/03/043,BLESSED ASSURANCE NUR/PRI SCHOOL I,OGIDA/USE,EGOR,6.36553359,5.58646209,632433
12,02,03,044,12/02/03/044,BLESSED ASSURANCE NUR/PRI SCHOOL II,OGIDA/USE,EGOR,6.36550560,5.58643788,632434
12,02,03,045,12/02/03/045,OPEN SPACE BY  OWENBOR STREET JUNCTION OGIDA QTRS BY OKHOKHUGBO,OGIDA/USE,EGOR,6.36552826,5.58644157,632435
12,02,03,046,12/02/03/046,"BLESSED ASSURANCE NUR/PRI SCHOOL BY ODEH STR., OKHOKHUGBO",OGIDA/USE,EGOR,6.36552159,5.58645397,632436
12,02,03,047,12/02/03/047,USEH SECONDARY SCHOOL,OGIDA/USE,EGOR,6.36663384,5.57170283,632437
12,02,03,048,12/02/03/048,"OPEN SPACE BY OGIDA POLICE STATION BY SILUKO RD, OKHOKHUGBO  I",OGIDA/USE,EGOR,6.36656854,5.57169680,632438
12,02,03,049,12/02/03/049,"OPEN SPACE, OGIDA POLICE STATION BY SILUKO , OKHOKHUGBO II",OGIDA/USE,EGOR,6.36653155,5.57172429,632439
12,02,03,050,12/02/03/050,"OPEN SPACE, OGIDA POLICE STATION BY SILUKO RD, OKHOKHUGBO  III",OGIDA/USE,EGOR,6.36660586,5.57173368,632440
12,02,04,001,12/02/04/001,"EGOR PRIMARY SCHOOL,  EGOR  I",EGOR,EGOR,6.38132181,5.56872849,34253
12,02,04,002,12/02/04/002,"EGOR PRIMARY SCHOOL,  EGOR  II",EGOR,EGOR,6.38131945,5.56873247,34254
12,02,04,003,12/02/04/003,"EGOR PRIMARY SCHOOL,  EGOR III",EGOR,EGOR,6.38131861,5.56873111,34255
12,02,04,004,12/02/04/004,"EGOR SEC. SCHOOL,  EGOR  I",EGOR,EGOR,6.38726515,5.56504404,34256
12,02,04,005,12/02/04/005,"EGOR SEC. SCHOOL,  EGOR II",EGOR,EGOR,6.38726765,5.56504674,34257
12,02,04,006,12/02/04/006,"TIPPER GARAGE,  EGOR",EGOR,EGOR,6.37836867,5.57463599,34258
12,02,04,007,12/02/04/007,"TIPPER GARAGE/MARKET SQUARE,  EGOR I",EGOR,EGOR,6.37837180,5.57462745,34259
12,02,04,008,12/02/04/008,"TIPPER GARAGE/,MARKET SQUARE,  EGOR II",EGOR,EGOR,6.37836578,5.57462387,34260
12,02,04,009,12/02/04/009,"P &  T TRAINING SCH, EGOR",EGOR,EGOR,6.37970041,5.56641575,34261
12,02,04,010,12/02/04/010,"OPEN SPACE BESIDE NO 46,OLD SILUKO ROAD",EGOR,EGOR,6.38105500,5.56881170,632372
12,02,04,011,12/02/04/011,EGOR HEALTH CENTRE EGOR I,EGOR,EGOR,6.38103330,5.57021600,632373
12,02,04,012,12/02/04/012,"OPEN SPACE BESIDE THE TRANSFORMER BY PALACE JUNCTION, EGOR",EGOR,EGOR,6.38102830,5.57023336,632374
12,02,04,013,12/02/04/013,"OPEN SPACE BY OLD ROAD,  SAWMILL, EGOR",EGOR,EGOR,6.38776848,5.56611679,632375
12,02,04,014,12/02/04/014,"OPEN SPACE BESIDE GOD'S ANOINTED GRACE ASSEMBLY,EGOR",EGOR,EGOR,6.38769218,5.56607153,632376
12,02,04,015,12/02/04/015,"OPEN SPACE- WINNERS STREET JUNCTION ALONG OLD SILUKO ROAD,EGOR",EGOR,EGOR,6.38766186,5.56607958,632377
12,02,04,016,12/02/04/016,"OPEN SPACE BESIDE SPIRIT AND LIFE CHURCH,VINCENT EDOWMWANDE AVENUE,EGOR",EGOR,EGOR,6.38326501,5.57241999,632378
12,02,04,017,12/02/04/017,"OPEN SPACE, I-CARE  STREET JUNCTION, OPPOSITE SAWMILL",EGOR,EGOR,6.38329832,5.57249174,632379
12,02,04,018,12/02/04/018,"OPEN SPACE BY LIGHT AND MIRACLE ASSEMBLY, OKUNBO STR., UPPER SILUKO RD.",EGOR,EGOR,6.38330332,5.57251822,632380
12,02,04,019,12/02/04/019,"OPEN SPACE, OPPOSITE EGOR MARKET",EGOR,EGOR,6.37874816,5.57444002,632381
12,02,04,020,12/02/04/020,OPEN SPACE BY VICTORY FOUNDATION ACADEMY VINCENT STR. EGOR,EGOR,EGOR,6.37879447,5.57448864,632382
12,02,04,021,12/02/04/021,OPEN SPACE BESIDE NO 8 AMEGOR STREET,EGOR,EGOR,6.37879514,5.57442829,632383
12,02,04,022,12/02/04/022,"OPEN SPACE BESIDE NO 9 OSAYI LANE OFF OSAYAMERE STREET, EGOR",EGOR,EGOR,6.37882180,5.57448160,632384
12,02,04,023,12/02/04/023,"OPEN SPACE BESIDE NO 18,NIPOST ROAD, UPPER SILUKO, BESIDE THE APOSTOLIC CHURCH",EGOR,EGOR,6.37937757,5.56638904,632385
12,02,05,001,12/02/05/001,"AMEGOR PRIMARY SCHOOL, UWELU I",UWELU,EGOR,6.38154622,5.58331323,34262
12,02,05,002,12/02/05/002,"AMEGOR PRIMARY SCHOOL, , UWELU II",UWELU,EGOR,6.38154976,5.58331374,34263
12,02,05,003,12/02/05/003,"AMEGOR PRIMARY SCHOOL, UWELU III",UWELU,EGOR,6.38154134,5.58330239,34264
12,02,05,004,12/02/05/004,"UWELU SEC. SCHOOL,  UWELU I",UWELU,EGOR,6.38223749,5.58147346,34265
12,02,05,005,12/02/05/005,"UWELU SEC. SCHOOL,  UWELU II",UWELU,EGOR,6.38224180,5.58147475,34266
12,02,05,006,12/02/05/006,"UWELU SEC. SCHOOL,  UWELU",UWELU,EGOR,6.38223821,5.58147624,34267
12,02,05,007,12/02/05/007,"UWELU ROAD/UWASOTA JUNCT. , UWELU I",UWELU,EGOR,6.37674131,5.59565495,34268
12,02,05,008,12/02/05/008,"UWELU ROAD/UWASOTA JUNCT. , UWELU II",UWELU,EGOR,6.37673844,5.59564966,34269
12,02,05,009,12/02/05/009,"UWELU HEALTH CENTRE,  UWELU I",UWELU,EGOR,6.38577671,5.58331023,34270
12,02,05,010,12/02/05/010,"UWELU HEALTH CENTRE,  UWELU II",UWELU,EGOR,6.38578252,5.58330527,34271
12,02,05,011,12/02/05/011,"POLICE CHILDREN SCH., UWELU I",UWELU,EGOR,6.36711908,5.59357308,34272
12,02,05,012,12/02/05/012,"POLICE CHILDREN SCH. , UWELU II",UWELU,EGOR,6.36711488,5.59356314,34273
12,02,05,013,12/02/05/013,OPEN SPACE BY ENEHIZENA STREET OFF UWELU ROAD BEHIND UWELU MARKET,UWELU,EGOR,6.38001730,5.53856550,632615
12,02,05,014,12/02/05/014,"OPEN SPACE BY AIGBEKAN STREET JUNCTION OPPOSITE CHRIST APOSTOLIC CHURCH MISSION, UWELU",UWELU,EGOR,6.38230960,5.58493970,632616
12,02,05,015,12/02/05/015,"OPEN SPACE ALONG OMOEVBARIA STREET OFF AIGBEKAN, UWELU",UWELU,EGOR,6.38547360,5.58523760,632617
12,02,05,016,12/02/05/016,OPEN SPACE BY  GOD FORGIVENESS DELIVERANCE MINISTRY,UWELU,EGOR,6.37914520,5.58480330,632618
12,02,05,017,12/02/05/017,"OPEN SPACE BY TRANSFORMER BY ADOLOR STREET JUNCTION OFF EWEKA ROAD, UWELU",UWELU,EGOR,6.37717980,5.58330110,632619
12,02,05,018,12/02/05/018,"OPEN SPACE BY UHOWANGO JUNCTION ALONG EMWINOBAWAN STREET OFF COLLEGE ROAD, UWELU.",UWELU,EGOR,6.37912040,5.58259890,632620
12,02,05,019,12/02/05/019,"OPEN SPACE OPP. AMEGOR PRIMARY SCHOOL, UWELU",UWELU,EGOR,6.38198880,5.58325340,632621
12,02,05,020,12/02/05/020,"OPEN SPACE BY OMOREGIE AVENUE BEHIND CELESTIAL CHURCH OF CHRIST, OFF UWELU ROAD",UWELU,EGOR,6.38135940,5.57901990,632622
12,02,05,021,12/02/05/021,OPEN SPACE ALONG EBONIYEKE STREET OFF UWELU ROAD,UWELU,EGOR,6.37915660,5.57809290,632623
12,02,05,022,12/02/05/022,OPEN SPACE BY EWEKA JUNCTION OFF UWELU ROAD,UWELU,EGOR,6.38132610,5.58652080,632624
12,02,05,023,12/02/05/023,"OPEN SPACE BY TRANSFORMER ALONG AKUGBE ROAD/SABBATH ROAD, UWELU QUARTERS",UWELU,EGOR,6.38884126,5.58000400,632625
12,02,05,024,12/02/05/024,OPEN SPACE UWELU ROAD UWASOTA JUNCTION TRANSFORMER OBANOSA,UWELU,EGOR,6.37667860,5.59524830,632626
12,02,05,025,12/02/05/025,OPEN SPACE ODOBO STREET JUNCTION BY UWELU ROAD. OPEN SPACE,UWELU,EGOR,6.37630030,5.59599880,632627
12,02,05,026,12/02/05/026,OPEN SPACE-UWELU MOTOR SPARE PARTS HALL,UWELU,EGOR,6.37707150,5.59041390,632628
12,02,05,027,12/02/05/027,OPEN SPACE ALONG UWELU ROAD BY KAKURU STREET JUNCTION,UWELU,EGOR,6.37630030,5.59599880,632629
12,02,05,028,12/02/05/028,OPEN SPACE BY 2ND OTAMERE JUNCTION ALONG UWASOTA ROAD,UWELU,EGOR,6.37707150,5.57041390,632630
12,02,05,029,12/02/05/029,OPEN SPACE EDOBOR JUNCTION BY GREAT PEOPLE ACADEMY,UWELU,EGOR,6.37577935,5.57701780,632631
12,02,05,030,12/02/05/030,OPEN SPACE BY ADUNA JUNCTION OPPOSITE TRANSFORMER,UWELU,EGOR,6.37205220,5.58832160,632632
12,02,05,031,12/02/05/031,OPEN SPACE-ATOE STREET OPPOSITE RIVERS OF JOY MINISTRY,UWELU,EGOR,6.36831720,5.59832830,632633
12,02,05,032,12/02/05/032,OPEN SPACE ALONG OBASOHAN STREET BY IDAHOSA JUNCTION,UWELU,EGOR,6.36840660,5.59634560,632634
12,02,05,033,12/02/05/033,OPEN SPACE BY IMMACULATE JUNCTION ALONG ERHUMWUNSE,UWELU,EGOR,6.37168380,5.59678120,632635
12,02,05,034,12/02/05/034,OPEN SPACE ALONG ERESOYEN STREET BEHIND POLICE BARRACKS FENCE OFF POWERLINE,UWELU,EGOR,6.38076200,5.58396380,632636
12,02,05,035,12/02/05/035,IGBAMA JUNCTION OPEN SPACE UNDER THE TREE ALONG POWER LINE,UWELU,EGOR,6.38051810,5.58363930,632637
12,02,06,001,12/02/06/001,"UDENS INT. SCH.,  EVBAREKE I",EVBAREKE,EGOR,6.36293172,5.59967498,34274
12,02,06,002,12/02/06/002,"UDENS INT. SCH.,  EVBAREKE II",EVBAREKE,EGOR,6.36294299,5.59968516,34275
12,02,06,003,12/02/06/003,"UDENS INT. SCH.,  EVBAREKE III",EVBAREKE,EGOR,6.36293704,5.59967756,34276
12,02,06,004,12/02/06/004,"UNDER A TREE BY UWELU RD.,  EVBAREKE I",EVBAREKE,EGOR,6.36333675,5.59949127,34277
12,02,06,005,12/02/06/005,"UNDER A TREE BY UWELU RD.,  EVBAREKE II",EVBAREKE,EGOR,6.36308593,5.59962054,34278
12,02,06,006,12/02/06/006,"BASO INT. SCH.,  EVBAREKE I",EVBAREKE,EGOR,6.35742503,5.61231507,34279
12,02,06,007,12/02/06/007,"BASO INT. SCH. , EVBAREKE II",EVBAREKE,EGOR,6.35742133,5.61230603,34280
12,02,06,008,12/02/06/008,"ADAMS INT. SCH.,  EVBAREKE I",EVBAREKE,EGOR,6.35996825,5.61125525,34281
12,02,06,009,12/02/06/009,"ADAMS INT. SCH., EVBAREKE  II",EVBAREKE,EGOR,6.35997199,5.61127226,34282
12,02,06,010,12/02/06/010,"EVBAREKE GRAM SCH.,  EVBAREKE I",EVBAREKE,EGOR,6.36467336,5.61103903,34283
12,02,06,011,12/02/06/011,"EVBAREKE GRAM SCH., EVBAREKE II",EVBAREKE,EGOR,6.36467766,5.61103697,34284
12,02,06,012,12/02/06/012,"EVBAREKE GRAM SCH. , EVBAREKE III",EVBAREKE,EGOR,6.36471910,5.61102045,34285
12,02,06,013,12/02/06/013,"EVBAREKE GRAM SCH.,  EVBAREKE IV",EVBAREKE,EGOR,6.36467371,5.61105009,34286
12,02,06,014,12/02/06/014,"EVBAREKE GRAM SCH. , EVBAREKE V",EVBAREKE,EGOR,6.36533068,5.61094938,34287
12,02,06,015,12/02/06/015,AKA-ISOKAN JUNCTION (AKA INT. SCH EVBAREKE I),EVBAREKE,EGOR,6.36161981,5.60812738,34288
12,02,06,016,12/02/06/016,AKA-ISOKAN JUNCTION (AKA INT. SCH EVBAREKE II),EVBAREKE,EGOR,6.36162017,5.60811873,34289
12,02,06,017,12/02/06/017,AKA-ISOKAN JUNCTION (AKA INT. SCH EVBAREKE III),EVBAREKE,EGOR,6.36160671,5.60813765,34290
12,02,06,018,12/02/06/018,OPEN SPACE BY ST RAPHAEL CATHOLIC CHURCH EVBAREKE,EVBAREKE,EGOR,6.36795330,5.60263170,632386
12,02,06,019,12/02/06/019,OPEN SPACE BY PREVAILING SAINTS GLOBAL ASSEMBLY,EVBAREKE,EGOR,6.36797170,5.60265670,632387
12,02,06,020,12/02/06/020,"OPEN SPACE, SKILL AND UNSKILL LABOURER OTOTE JUNCTION",EVBAREKE,EGOR,6.35909330,5.60190830,632388
12,02,06,021,12/02/06/021,OPEN SPACE UNDER A TREE OGHOGHO JUNCTION,EVBAREKE,EGOR,6.37006840,5.60200500,632389
12,02,06,022,12/02/06/022,OPEN SPACE FAN MILK BY OMOKARO JUNCTION I,EVBAREKE,EGOR,6.35889830,5.60307170,632390
12,02,06,023,12/02/06/023,OPEN SPACE FAN MILK BY OMOKARO JUNCTION II,EVBAREKE,EGOR,6.35891670,5.60307670,632391
12,02,06,024,12/02/06/024,"OPEN SPACE BY EVBAREKE JUNCTION, TEXTILE MILL RD",EVBAREKE,EGOR,6.35905500,5.60899330,632392
12,02,06,025,12/02/06/025,BASO INT SCH  JUNCTION I,EVBAREKE,EGOR,6.35533010,5.60872980,632393
12,02,06,026,12/02/06/026,BASO/INT SCH  JUNCTION II,EVBAREKE,EGOR,6.35531810,5.60876910,632394
12,02,06,027,12/02/06/027,"OPEN SPACE BY AIRHIENBUWA JUNCTION, EVBAREKE",EVBAREKE,EGOR,6.35660660,5.61157880,632395
12,02,06,028,12/02/06/028,ADAMS INT SCH. EVBAREKE I,EVBAREKE,EGOR,6.35995470,5.61113490,632396
12,02,06,029,12/02/06/029,ADAMS INT SCH. EVBAREKE II,EVBAREKE,EGOR,6.35599384,5.61114900,632397
12,02,06,030,12/02/06/030,EVBAREKE GRAM SCH I,EVBAREKE,EGOR,6.36482330,5.61141670,632398
12,02,06,031,12/02/06/031,EVBAREKE GRAM SCH II,EVBAREKE,EGOR,6.36483670,5.61139680,632399
12,02,06,032,12/02/06/032,OBA EWUARE  PRY SCH EVBAREKE I,EVBAREKE,EGOR,6.36657830,5.61264170,632400
12,02,06,033,12/02/06/033,OPEN SPACE -OSAROBO/ODIASE JUNCTION,EVBAREKE,EGOR,6.36659840,5.61266350,632401
12,02,06,034,12/02/06/034,OPEN SPACE -OMOSEFE/AKHARI JUNCTION,EVBAREKE,EGOR,6.36657830,5.61264170,632402
12,02,06,035,12/02/06/035,"OPEN SPACE, EVBAREKE SPARE PART JUNCTION I",EVBAREKE,EGOR,6.36390400,5.60911330,632403
12,02,06,036,12/02/06/036,"OPEN SPACE,EVBAREKE SPARE PART JUNCTION II",EVBAREKE,EGOR,6.36379760,5.60907130,632404
12,02,06,037,12/02/06/037,"OPEN SPACE, COMMUNITY SKILL DEV JUNCTION I",EVBAREKE,EGOR,6.36389850,5.61148370,632405
12,02,06,038,12/02/06/038,OPEN SPACE -IZEKOR/AIGBEDION JUNCTION,EVBAREKE,EGOR,6.36339040,5.61148040,632406
12,02,06,039,12/02/06/039,"OPEN SPACE,OMOREGIE AKENZUA JUNCTION I",EVBAREKE,EGOR,6.35906240,5.60804960,632407
12,02,06,040,12/02/06/040,"OPEN SPACE,OMOREGIE AKENZUA JUNCTION I",EVBAREKE,EGOR,6.35907480,5.60807810,632408
12,02,06,041,12/02/06/041,"OPEN SPACE, OBARASE JUNCTION I",EVBAREKE,EGOR,6.35884670,5.60804000,632409
12,02,06,042,12/02/06/042,"OPEN SPACE, OBARASE JUNCTION I",EVBAREKE,EGOR,6.35885640,5.60802960,632410
12,02,07,001,12/02/07/001,"USELU TOWN HALL , USELU I-I",USELU I,EGOR,6.36136829,5.61903572,34291
12,02,07,002,12/02/07/002,"USELU TOWN HALL,  USELU I-II",USELU I,EGOR,6.36137252,5.61902490,34292
12,02,07,003,12/02/07/003,"OLUA PRIMARY SCHOOL,  USELU I - I",USELU I,EGOR,6.36234772,5.61826059,34293
12,02,07,004,12/02/07/004,"OLUA PRIMARY SCHOOL,  USELU I - II",USELU I,EGOR,6.36234282,5.61826775,34294
12,02,07,005,12/02/07/005,"OLUA PRIMARY SCHOOL,  USELU I- III",USELU I,EGOR,6.36234122,5.61827407,34295
12,02,07,006,12/02/07/006,"OLUA PRIMARY SCHOOL,  USELU I-IV",USELU I,EGOR,6.36233420,5.61827205,34296
12,02,07,007,12/02/07/007,"OLUA PRIMARY SCHOOL,  USELU I-V",USELU I,EGOR,6.36232844,5.61827112,34297
12,02,07,008,12/02/07/008,"OLUA PRIMARY SCHOOL,  USELU  I-VI",USELU I,EGOR,6.36232950,5.61825973,34298
12,02,07,009,12/02/07/009,"OLUA PRIMARY SCHOOL,  USELU  I-VII",USELU I,EGOR,6.36234324,5.61827138,34299
12,02,07,010,12/02/07/010,"OLUA PRIMARY SCHOOL, USELU  I-VIII",USELU I,EGOR,6.36235151,5.61825321,34300
12,02,07,011,12/02/07/011,"USELU MOTOR PARK,  USELU I-I",USELU I,EGOR,6.36821560,5.61735876,34301
12,02,07,012,12/02/07/012,"USELU MOTOR PARK,  USELU I-II",USELU I,EGOR,6.36821649,5.61736622,34302
12,02,07,013,12/02/07/013,"FED. ROAD/PUBLIC FIELD,  USELU II -I",USELU I,EGOR,6.36636283,5.62254366,34303
12,02,07,014,12/02/07/014,"FED. ROAD/PUBLIC FIELD,  USELU II-II",USELU I,EGOR,6.36636182,5.62253965,34304
12,02,07,015,12/02/07/015,"FED. ROAD/PUBLIC FIELD,  USELU II-III",USELU I,EGOR,6.36635845,5.62253926,34305
12,02,07,016,12/02/07/016,"FED. ROAD/PUBLIC FIELD,  USELU II-IV",USELU I,EGOR,6.36636360,5.62255657,34306
12,02,07,017,12/02/07/017,"PARAMOUNT NUR/PRIMARY SCHOOL , USELU II-I",USELU I,EGOR,6.36947289,5.62524141,34307
12,02,07,018,12/02/07/018,"PARAMOUNT NUR/PRIMARY SCHOOL,  USELU II - II",USELU I,EGOR,6.36948169,5.62524049,34308
12,02,07,019,12/02/07/019,"PARAMOUNT NUR/PRIMARY SCHOOL , USELU II -III",USELU I,EGOR,6.36946136,5.62524807,34309
12,02,07,020,12/02/07/020,OPEN SPACE - CHRISTIAN GOSPEL  CHURCH BESIDE GTBANK,USELU I,EGOR,6.36201989,5.61958998,632559
12,02,07,021,12/02/07/021,"OPEN SPACE BY MEDICAL JUNCTION, NEW LAGOS RD",USELU I,EGOR,6.36211685,5.61949342,632560
12,02,07,022,12/02/07/022,OPEN SPACE BY USELU COUNTRYSIDE JUNCTION,USELU I,EGOR,6.36266465,5.61923292,632561
12,02,07,023,12/02/07/023,"OPEN SPACE BEHIND FRESH ALLURE, USELU",USELU I,EGOR,6.36253936,5.61928220,632562
12,02,07,024,12/02/07/024,"OPEN SPACE BY LIVING TRUTH MISSION, AKODA STR., USELU.",USELU I,EGOR,6.36299320,5.61974488,632563
12,02,07,025,12/02/07/025,OPEN SPACE BY MONTESSORI NUR/PRIMARY SCHOOL / SECONDARY USELU,USELU I,EGOR,6.36304818,5.62001512,632564
12,02,07,026,12/02/07/026,OPEN SPACE -MOTOR PARK OPPOSITE RISING STAR MINISTRY,USELU I,EGOR,6.36336506,5.61880007,632565
12,02,07,027,12/02/07/027,"OPEN SPACE BY IYOBA, BEHIND TRANSFORMER, USELU",USELU I,EGOR,6.36380323,5.61852515,632566
12,02,07,028,12/02/07/028,"OPEN SPACE  BY CHRIST APOSTOLIC CHURCH, OKUNGHAE",USELU I,EGOR,6.36482985,5.61826497,632567
12,02,07,029,12/02/07/029,"OPEN SPACE BY ANIGBORO JUNCTION, OPP EFEX, USELU",USELU I,EGOR,6.36444000,5.61708011,632568
12,02,07,030,12/02/07/030,OPEN SPACE BEHIND ARISCO HOTEL.,USELU I,EGOR,6.36444333,5.61702512,632569
12,02,07,031,12/02/07/031,"OPEN SPACE BY LIVING FAITH CHURCH, ANIGBORO STR, USELU",USELU I,EGOR,6.36455162,5.61632674,632570
12,02,07,032,12/02/07/032,"OPEN SPACE BEHIND EKPEX GAS, OFF NOOHRA NUR, USELU",USELU I,EGOR,6.36453996,5.61640319,632571
12,02,07,033,12/02/07/033,"OPEN SPACE, SHEET PLAZA, USELU",USELU I,EGOR,6.36525003,5.61634686,632572
12,02,07,034,12/02/07/034,"OPEN SPACE 28, IKPEMA STR BY 3RD JUNCTION USELU",USELU I,EGOR,6.36219016,5.61796490,632573
12,02,07,035,12/02/07/035,"OPEN SPACE BY USELU MOTOR PARK, USELE I-II",USELU I,EGOR,6.36806497,5.61721321,632574
12,02,07,036,12/02/07/036,"OPEN SPACE OPPOSITE USELU MOSQUE,OFF IYASE STR.",USELU I,EGOR,6.36607017,5.61806012,632575
12,02,07,037,12/02/07/037,"FIRST FEDERAL ROAD JUNCTION, NO 1A MEDICAL (OPEN SPACE)",USELU I,EGOR,6.36207820,5.62198554,632576
12,02,07,038,12/02/07/038,"FED. ROAD /PUBLIC FIELD , USELU II- VI",USELU I,EGOR,6.36690874,5.62208913,632577
12,02,07,039,12/02/07/039,"FED. ROAD/PUBLIC FIELD, USELU II - VII",USELU I,EGOR,6.36082232,5.61958495,632578
12,02,07,040,12/02/07/040,"PARAMOUNT NUR/PRIMARY SCHOOL, USELU II - IV",USELU I,EGOR,6.36945911,5.62521189,632579
12,02,07,041,12/02/07/041,"PARAMOUNT NUR/PRIMARY SCHOOL, USELU II - V",USELU I,EGOR,6.36943845,5.62519681,632580
12,02,08,001,12/02/08/001,"USELU SEC. SCHOOL , USELU II-I",USELU II,EGOR,6.37399153,5.61093232,34310
12,02,08,002,12/02/08/002,"USELU SEC. SCHOOL,  USELU II-II",USELU II,EGOR,6.37395420,5.61092212,34311
12,02,08,003,12/02/08/003,"USELU SEC. SCHOOL, USELU II-III",USELU II,EGOR,6.37490169,5.61260999,34312
12,02,08,004,12/02/08/004,"USELU SEC. SCHOOL,  USELU II-IV",USELU II,EGOR,6.37399657,5.61093072,34313
12,02,08,005,12/02/08/005,"USELU SEC. SCHOOL,  USELU II-V",USELU II,EGOR,6.37398631,5.61092016,34314
12,02,08,006,12/02/08/006,"USELU SEC. SCHOOL,  USELU II-VI",USELU II,EGOR,6.37399000,5.61092749,34315
12,02,08,007,12/02/08/007,"USELU SEC. SCHOOL,  USELU II-VII",USELU II,EGOR,6.37398623,5.61093388,34316
12,02,08,008,12/02/08/008,"GOLDEN TOUCH SEC. SCH. , EDAIKEN I",USELU II,EGOR,6.37627129,5.61349799,34317
12,02,08,009,12/02/08/009,"GOLDEN TOUCH SEC. SCH.,  EDAIKEN II",USELU II,EGOR,6.37627446,5.61349188,34318
12,02,08,010,12/02/08/010,"GOLDEN TOUCH SEC. SCH. , EDAIKEN III",USELU II,EGOR,6.37628400,5.61348073,34319
12,02,08,011,12/02/08/011,"GOLDEN TOUCH SEC. SCH.,  EDAIKEN IV",USELU II,EGOR,6.37626980,5.61350254,34320
12,02,08,012,12/02/08/012,"EDAIKEN PRIMARY SCHOOL , EDAIKEN V",USELU II,EGOR,6.37054477,5.61795919,34321
12,02,08,013,12/02/08/013,"EDAIKEN PRIMARY SCHOOL , EDAIKEN I",USELU II,EGOR,6.37055015,5.61797604,34322
12,02,08,014,12/02/08/014,"EDAIKEN PRIMARY SCHOOL, EDAIKEN II",USELU II,EGOR,6.37054907,5.61798857,34323
12,02,08,015,12/02/08/015,"EDAIKEN PRIMARY SCHOOL,  EDAIKEN III",USELU II,EGOR,6.37054570,5.61799691,34324
12,02,08,016,12/02/08/016,"EDAIKEN PRIMARY SCHOOL,  EDAIKEN IV",USELU II,EGOR,6.37054894,5.61799184,34325
12,02,08,017,12/02/08/017,"EDAIKEN PRIMARY SCHOOL,  EDAIKEN V",USELU II,EGOR,6.37055323,5.61798891,34326
12,02,08,018,12/02/08/018,"UNIVERSAL COMM HALL/PUBLIC FIELD,  EDAIKEN I",USELU II,EGOR,6.37642972,5.63064386,34327
12,02,08,019,12/02/08/019,"UNIVERSAL COMM HALL/PUBLIC FIELD, EDAIKEN II",USELU II,EGOR,6.37643288,5.63064361,34328
12,02,08,020,12/02/08/020,"OPEN SPACE BY IYAHEN JUNCTION OFF IGBINOSA, MELA ROAD, USELU",USELU II,EGOR,6.37482204,5.62834700,632581
12,02,08,021,12/02/08/021,"OPEN SPACE,EAGLES EDUCATIONAL , 2ND SECTION",USELU II,EGOR,6.37481871,5.60832839,632582
12,02,08,022,12/02/08/022,OPEN FIELD BY ROSELUYI EXCEPTIONAL STUDENT ACADEMY,USELU II,EGOR,6.37476873,5.60831331,632583
12,02,08,023,12/02/08/023,OPEN SPACE BY NEW COVENANT GOSPEL CHURCH,USELU II,EGOR,6.37478206,5.60830995,632584
12,02,08,024,12/02/08/024,"OPEN SPACE BY ADONAI INTERNATIONAL SCHOOL,DOWN UWAGBOE STREET",USELU II,EGOR,6.37329197,5.60960814,632585
12,02,08,025,12/02/08/025,"OPEN SPACE BY JEHOVAH WITNESS CHURCH, UWAGBOE",USELU II,EGOR,6.37329197,5.60960810,632586
12,02,08,026,12/02/08/026,UWAGBOE DEMONSTRATION SCHOOL,USELU II,EGOR,6.37331696,5.60965132,632587
12,02,08,027,12/02/08/027,OPEN SPACE OPPOSITE EGOR COUNCIL,USELU II,EGOR,6.37332029,5.60960551,632588
12,02,08,028,12/02/08/028,OPEN SPACE BY SWORD OF GOD MINISTRY,USELU II,EGOR,6.37332029,5.60960513,632589
12,02,08,029,12/02/08/029,"USELU MARKET CAR PARK I, USELU I",USELU II,EGOR,6.37505162,5.61384670,632590
12,02,08,030,12/02/08/030,"USELU MARKET CAR PARK II, USELU II",USELU II,EGOR,6.37501863,5.61383832,632591
12,02,08,031,12/02/08/031,OPEN SPACE BY A.I.G. HOUSE,USELU II,EGOR,6.37503996,5.61384670,632592
12,02,08,032,12/02/08/032,OPEN SPACE BY CHRIST APOSTOLIC CHURCH OF GOD,USELU II,EGOR,6.37505162,5.61384670,632593
12,02,08,033,12/02/08/033,"USELU MARKET CAR PARK, USELU II - V",USELU II,EGOR,6.37505162,5.61384168,632594
12,02,08,034,12/02/08/034,"USELU MARKET CAR PARK, USELU II - VI",USELU II,EGOR,6.37505162,5.61384168,632595
12,02,08,035,12/02/08/035,OPEN SPACE BY TRADITIONAL GROUND,USELU II,EGOR,6.37500497,5.61386179,632596
12,02,08,036,12/02/08/036,OPEN SPACE OPPOSITE FOUNTAIN GROUP OF SCHOOLS,USELU II,EGOR,6.37500664,5.61385341,632597
12,02,08,037,12/02/08/037,"COMMAND CHILDREN SCH. S&T BARRACKS V, USELU II",USELU II,EGOR,6.37560873,5.61630998,632598
12,02,08,038,12/02/08/038,OPEN SPACE BY MEDICAL MISSIONARY OF MARY CLINIC,USELU II,EGOR,6.37562539,5.61630998,632599
12,02,08,039,12/02/08/039,"OPEN SPACE ,HIGHLAND COMPREHENSIVE SCHOOL, OPP. S&T BARRACK RD.",USELU II,EGOR,6.37562539,5.61630998,632600
12,02,08,040,12/02/08/040,OPEN SPACE BY S&T MOTOR PARK,USELU II,EGOR,6.37556708,5.61632339,632601
12,02,08,041,12/02/08/041,EDAIKEN PRY. SCH. EDAIKEN VII,USELU II,EGOR,6.37043940,5.61798669,632602
12,02,08,042,12/02/08/042,OPEN SPACE BY SOLUTION HIGH SCH,USELU II,EGOR,6.37041941,5.61798669,632603
12,02,08,043,12/02/08/043,OPEN SPACE OPPOSITE FLAMINGO HOTEL EDAIKEN PRY SCH ROAD,USELU II,EGOR,6.37041375,5.61798669,632604
12,02,08,044,12/02/08/044,"OPEN SPACE BY REDEEMED CHRISTIAN CHURCH, OFF EDAIKEN PRY SCH RD",USELU II,EGOR,6.37041375,5.61797664,632605
12,02,08,045,12/02/08/045,"OPEN SPACE BY ASSEMBLIES OF GOD, OHORDUA STREET",USELU II,EGOR,6.37042541,5.61795820,632606
12,02,08,046,12/02/08/046,OPEN SPACE BY CHRISTIAN PENTECOSTAL CHURCH OKIRI STREET,USELU II,EGOR,6.37042541,5.61795820,632607
12,02,08,047,12/02/08/047,"EGUA-EDAIKEN HEALTH CENTRE I, USELU II",USELU II,EGOR,6.37022945,5.61745830,632608
12,02,08,048,12/02/08/048,OPEN SPACE BY FIRE SANCTUARY MINISTRY. OKIRI STREET,USELU II,EGOR,6.37028780,5.61744824,632609
12,02,08,049,12/02/08/049,OPEN SPACE BY CHRIST APOSTOLIC CHURCH EDAIKEN PRY SCH ROAD,USELU II,EGOR,6.37017284,5.61680480,632610
12,02,08,050,12/02/08/050,"OPEN SPACE BY REDEEM CHRISTIAN CHURCH, EDAIKEN PRY SCH ROAD",USELU II,EGOR,6.37017251,5.61684340,632611
12,02,08,051,12/02/08/051,"EGUA-EDAIKEN TOWN HALL III, USELU II",USELU II,EGOR,6.37017451,5.61684173,632612
12,02,08,052,12/02/08/052,OPEN SPACE BY LIFE TRANSFORMING FAITH MIN. OGHOBAGHASE STREET,USELU II,EGOR,6.37630213,5.62831186,632613
12,02,08,053,12/02/08/053,OPEN SPACE- UNIVERSAL MARKET BY ATUPEC SERVICE STATION,USELU II,EGOR,6.37629546,5.62819183,632614
12,02,09,001,12/02/09/001,"EGHOSA ANG. SCH.,  OKHORO I -I",OKHORO,EGOR,6.35718100,5.62542795,34329
12,02,09,002,12/02/09/002,"EGHOSA GRAM SCH. , OKHORO I- II",OKHORO,EGOR,6.35718005,5.62543983,34330
12,02,09,003,12/02/09/003,"EGHOSA GRAM SCH.,  OKHORO I -III",OKHORO,EGOR,6.35718589,5.62542377,34331
12,02,09,004,12/02/09/004,"EGHOSA GRAM SCH.,  OKHORO I -IV",OKHORO,EGOR,6.35717879,5.62543865,34332
12,02,09,005,12/02/09/005,"EGHOSA GRAM SCH.,  OKHORO I-V",OKHORO,EGOR,6.35718312,5.62544020,34333
12,02,09,006,12/02/09/006,"EGHOSA GRAM SCH.,  OKHORO I-VI",OKHORO,EGOR,6.35717208,5.62546017,34334
12,02,09,007,12/02/09/007,"EGHOSA GRAM SCH. , OKHORO I-VII",OKHORO,EGOR,6.35718338,5.62541891,34335
12,02,09,008,12/02/09/008,"EGHOSA GRAM SCH., OKHORO I-VIII",OKHORO,EGOR,6.35712413,5.62531005,34336
12,02,09,009,12/02/09/009,"AYELA UWANGUE NUR/PRI. SCHOOL,  OKHORO II-I",OKHORO,EGOR,6.35998850,5.62622927,34337
12,02,09,010,12/02/09/010,"AYELA UWANGUE NUR/PRI. SCHOOL , OKHORO II-II",OKHORO,EGOR,6.35998784,5.62622621,34338
12,02,09,011,12/02/09/011,"OKHORO LIVESTOCK , OKHORO II-I",OKHORO,EGOR,6.36787110,5.63146866,34339
12,02,09,012,12/02/09/012,"OKHORO LIVESTOCK,  OKHORO II-II",OKHORO,EGOR,6.36787668,5.63149441,34340
12,02,09,013,12/02/09/013,"OKHORO LIVESTOCK , OKHORO II-III",OKHORO,EGOR,6.36787578,5.63147474,34341
12,02,09,014,12/02/09/014,"OKHORO LIVESTOCK,  OKHORO II-IV",OKHORO,EGOR,6.36725433,5.63102771,34342
12,02,09,015,12/02/09/015,"OKHORO LIVESTOCK , OKHORO II-V",OKHORO,EGOR,6.36787223,5.63148909,34343
12,02,09,016,12/02/09/016,"OKHORO POLICE STATION,  OKHORO II-I",OKHORO,EGOR,6.37650387,5.63844632,34344
12,02,09,017,12/02/09/017,"OKHORO POLICE POST, OKHORO II-II",OKHORO,EGOR,6.37649411,5.63845255,34345
12,02,09,018,12/02/09/018,"OKHORO POLICE POST,  OKHORO II-III",OKHORO,EGOR,6.37648886,5.63845510,34346
12,02,09,019,12/02/09/019,"OKHORO PRIMARY SCHOOL,  OKHORO II-I",OKHORO,EGOR,6.38286702,5.63397332,34347
12,02,09,020,12/02/09/020,"OKHORO PRIMARY SCHOOL,  OKHORO II-II",OKHORO,EGOR,6.38286613,5.63396306,34348
12,02,09,021,12/02/09/021,OPEN SPACE OPPOSITE OPP. OKHORO SAWMILL,OKHORO,EGOR,6.35732330,5.62538190,632441
12,02,09,022,12/02/09/022,OPEN SPACE FIRST FEDERAL ROAD JUNCTION BY OKHORO I-I,OKHORO,EGOR,6.35926550,5.62502870,632442
12,02,09,023,12/02/09/023,OPEN SPACE FIRST FEDERAL ROAD BY OKHORO I- I,OKHORO,EGOR,6.35925830,5.62503330,632443
12,02,09,024,12/02/09/024,OPEN SPACE SECOND FEDERAL JUNCTION BY OKHORO ROAD I-II,OKHORO,EGOR,6.36012330,5.62523500,632444
12,02,09,025,12/02/09/025,"OPEN SPACE SECOND FEDERAL JUNCTION BY REDEEMED CHURCH, OKHORO ROAD",OKHORO,EGOR,6.36014830,5.62521330,632445
12,02,09,026,12/02/09/026,OPEN SPACE CREATIVE LECTURES BY OKHORO ROAD,OKHORO,EGOR,6.36211670,5.62684330,632446
12,02,09,027,12/02/09/027,"OPEN SPACE- SECOND, OMOZOJIE OKHORO JUNCTION",OKHORO,EGOR,6.36212500,5.62691500,632447
12,02,09,028,12/02/09/028,"OPEN SPACE OKHORO, FIRST IYAYI SAWMILL OPPOSITE COMPASSION CHURCH, OKHORO I-I",OKHORO,EGOR,6.36493612,5.62851090,632448
12,02,09,029,12/02/09/029,"OPEN SPACE OKHORO,FIRST IYAYI SAWMILL OPPOSITE COMPASSION CHURCH, OKHORO I-II",OKHORO,EGOR,6.36487170,5.62848170,632449
12,02,09,030,12/02/09/030,"OPEN SPACE, MOTOR PARK OPP ST,THOMAS ANGLICAL CHURCH OKHORO ROAD.",OKHORO,EGOR,6.36043670,5.62434330,632450
12,02,09,031,12/02/09/031,"OPEN SPACE EKIOMADO, OPP CHURCH OF GOD MISSION. OKHORO",OKHORO,EGOR,6.36042330,5.62435000,632451
12,02,09,032,12/02/09/032,OPEN SPACE BY EDOWADIAGBON PALM-WINE JOINT OKHORO,OKHORO,EGOR,6.37725189,5.63984490,632452
12,02,09,033,12/02/09/033,"OPEN SPACE BY OKHORO, SECOND IYAYI SAWMILL JUNCTION, OKHORO",OKHORO,EGOR,6.36614500,5.62994170,632453
12,02,09,034,12/02/09/034,"OPEN SPACE BY AKENZUA STR, OFF OKHORO ROAD, OKHORO",OKHORO,EGOR,6.36610330,5.62989000,632454
12,02,09,035,12/02/09/035,"OPEN SPACE- BY OROSAYE JUNCTION , OKHORO",OKHORO,EGOR,6.36627830,5.63040170,632455
12,02,09,036,12/02/09/036,"OPEN SPACE BY  40, OKHORO ROAD JUNCTION OPPOSITE MOUNTAIN OF FIRE MINISTRIES",OKHORO,EGOR,6.36626830,5.63042670,632456
12,02,09,037,12/02/09/037,"OPEN SPACE BY AISOSA JUNCTION, OKHORO ROAD,",OKHORO,EGOR,6.36898670,5.63220000,632457
12,02,09,038,12/02/09/038,"OPEN SPACE AKPEGA ST, OKHORO ROAD",OKHORO,EGOR,6.36896840,5.63221830,632458
12,02,09,039,12/02/09/039,OPEN SPACE BY  OMOGIATE STREET OKHORO JUNCTION,OKHORO,EGOR,6.37725900,5.63981500,632459
12,02,09,040,12/02/09/040,"OPEN SPACE, UNIVERSAL STREET OKHORO ROAD BEHIND TRANSFORMER",OKHORO,EGOR,6.37727830,5.63983000,632460
12,02,09,041,12/02/09/041,OPEN SPACE BY IKPOBA DAM BY OKHORO POLICE STATION.,OKHORO,EGOR,6.37728670,5.63979830,632461
12,02,09,042,12/02/09/042,"OKHORO, IKPOBADAM BY POLICE STATION",OKHORO,EGOR,6.38306830,5.63402500,632462
12,02,09,043,12/02/09/043,"OPEN SPACE, EWEMADE STREET OPP CELESTIAL CHURCH. OKHORO",OKHORO,EGOR,6.38307000,5.63403670,632463
12,02,09,044,12/02/09/044,OPEN SPACE BY OSARO STREET OFF REDEEMED CHURCH OFF OKHORO ROAD,OKHORO,EGOR,6.38305670,5.63403170,632464
12,02,10,001,12/02/10/001,"POPEN SPACE, EGBON STREET(T. JUNCTION) (LGA COUNCIL SECT UGBOWO I-I)",UGBOWO,EGOR,6.37899553,5.61204992,34349
12,02,10,002,12/02/10/002,"POPEN SPACE, EGBON STREET(T. JUNCTION) (LGA COUNCIL SECT UGBOWO I-II)",UGBOWO,EGOR,6.37898642,5.61205863,34350
12,02,10,003,12/02/10/003,"BENIN TECHNICAL COLLEGE,  UGBOWO I",UGBOWO,EGOR,6.38267841,5.63206637,34351
12,02,10,004,12/02/10/004,"IYOBA COLLEGE,  UGBOWO I-I",UGBOWO,EGOR,6.38095051,5.62281038,34352
12,02,10,005,12/02/10/005,"IYOBA COLLEGE,  UGBOWO I-II",UGBOWO,EGOR,6.38095767,5.62282279,34353
12,02,10,006,12/02/10/006,"IYOBA COLLEGE, UGBOWO I-III",UGBOWO,EGOR,6.38088028,5.62257486,34354
12,02,10,007,12/02/10/007,"EWEKA GRAM SCH.,  UGBOWO I-I",UGBOWO,EGOR,6.38317677,5.63453846,34355
12,02,10,008,12/02/10/008,"EWEKA GRAM SCH.,  UGBOWO I-II",UGBOWO,EGOR,6.38316812,5.63453200,34356
12,02,10,009,12/02/10/009,"UGBOWO PRIMARY SCH.,  UGBOWO II-I",UGBOWO,EGOR,6.38198059,5.60519862,34357
12,02,10,010,12/02/10/010,"UGBOWO PRIMARY SCH., UGBOWO II-II",UGBOWO,EGOR,6.38161466,5.60531943,34358
12,02,10,011,12/02/10/011,"UGBOWO PRIMARY SCH.,  UGBOWO II-III",UGBOWO,EGOR,6.38267010,5.60511488,34359
12,02,10,012,12/02/10/012,"UGBOWO PRIMARY SCH.,  UGBOWO II-IV",UGBOWO,EGOR,6.38265544,5.60513528,34360
12,02,10,013,12/02/10/013,"ADOLOR COLLEGE,  UGBOWO II-I",UGBOWO,EGOR,6.38847301,5.60541967,34361
12,02,10,014,12/02/10/014,"ADOLOR COLLEGE,  UGBOWO II-II",UGBOWO,EGOR,6.38847393,5.60542397,34362
12,02,10,015,12/02/10/015,"ADOLOR COLLEGE,  UGBOWO II-III",UGBOWO,EGOR,6.38847352,5.60542791,34363
12,02,10,016,12/02/10/016,"ADOLOR COLLEGE, UGBOWO",UGBOWO,EGOR,6.38846374,5.60543134,34364
12,02,10,017,12/02/10/017,"ADOLOR COLLEGE,  UGBOWO II-IV",UGBOWO,EGOR,6.38847592,5.60542060,34365
12,02,10,018,12/02/10/018,"OHONRE GRAM SCH. , UGBOWO II-I",UGBOWO,EGOR,6.39995680,5.59087780,34366
12,02,10,019,12/02/10/019,"OHONRE GRAM SCH. , UGBOWO II-II",UGBOWO,EGOR,6.39996426,5.59087499,34367
12,02,10,020,12/02/10/020,"B.D.P.A.,  UGBOWO II-I",UGBOWO,EGOR,6.39845740,5.60850277,34368
12,02,10,021,12/02/10/021,"B.D.P.A. , UGBOWO II-II",UGBOWO,EGOR,6.39845855,5.60849944,34369
12,02,10,022,12/02/10/022,"UBTH POLICE POST,  UGBOWO II-I",UGBOWO,EGOR,6.39044351,5.61191031,34370
12,02,10,023,12/02/10/023,"UBTH POLICE POST,  UGBOWO II-II",UGBOWO,EGOR,6.39042082,5.61231254,34371
12,02,10,024,12/02/10/024,"OPEN SPACE - T. JUNCTION BY OSAKPOLOR STREET, OPPOSITE OKAN STREET, UGBOWO",UGBOWO,EGOR,6.38413998,5.61541848,632507
12,02,10,026,12/02/10/026,OPEN SPACE - ST. PATRICK CATHOLIC CHURCH BY UGBOWO ROAD I,UGBOWO,EGOR,6.38236537,5.61145853,632509
12,02,10,027,12/02/10/027,OPEN SPACE - T. JUNCTION BY OMOROGBE STREET OFF EGBON STREET UGBOWO,UGBOWO,EGOR,6.38195000,5.61234000,632510
12,02,10,028,12/02/10/028,"OPEN SPACE - 4.JUNCTION BY ABURIME STREET, ALONG UGBOWO BENIN TECHNICAL COLLEGE",UGBOWO,EGOR,6.38377580,5.61103541,632511
12,02,10,029,12/02/10/029,OPEN SPACE - QUALITY ROAD JUNCTION ALONG TECHNICAL ROAD UGBOWO,UGBOWO,EGOR,6.38240500,5.63099330,632512
12,02,10,030,12/02/10/030,OPEN SPACE - ANISO JUNCTION ALONG TECHNICAL SCHOOL ROAD,UGBOWO,EGOR,6.38063507,5.62106989,632513
12,02,10,031,12/02/10/031,OPEN SPACE - HOLY ROSARY CATHOLIC CHURCH JUNCTION ALONG TECHNICAL SCHOOL ROAD,UGBOWO,EGOR,6.38046680,5.62031854,632514
12,02,10,032,12/02/10/032,OBA EWUARE PRIMARY SCHOOL UGBOWO,UGBOWO,EGOR,6.38557506,5.62007681,632515
12,02,10,033,12/02/10/033,OPEN SPACE - ERUGIE STREET JUNCTION ALONG TECHNICAL ROAD UGBOWO,UGBOWO,EGOR,6.38010000,5.61893670,632516
12,02,10,034,12/02/10/034,OPEN SPACE - TECHNICAL JUNCTION ALONG UGBOWO ROAD,UGBOWO,EGOR,6.37887000,5.61287330,632517
12,02,10,035,12/02/10/035,"OPEN SPACE - FRONT OF ULTIMATE SCHOOL BY TECHNICAL ROAD, UGBOWO",UGBOWO,EGOR,6.38265660,5.63195330,632518
12,02,10,036,12/02/10/036,OPEN SPACE - UWASOTA JUNCTION BY UGBOWO ROAD UGBOWO,UGBOWO,EGOR,6.38287010,5.60995070,632519
12,02,10,037,12/02/10/037,OPEN SPACE - EREDIAUWA CLOSE JUNCTION BY ENINA GROUP OF SCHOOL ALONG UWASOTA ROAD UGBOWO,UGBOWO,EGOR,6.38149000,5.60685830,632520
12,02,10,038,12/02/10/038,OPEN SPACE - BY AGUEBOR/OSAGIENOMA STREET (T JUNCTION) OFF UWASOTA,UGBOWO,EGOR,6.37995630,5.60557010,632521
12,02,10,039,12/02/10/039,OPEN SPACE - EAGLE FURNITURE JUNCTION ALONG UWASOTA ROAD UGBOWO,UGBOWO,EGOR,6.38160101,5.60535517,632522
12,02,10,040,12/02/10/040,OPEN SPACE - IMUENTIYAN STREET JUNCTION BY TRANSFORMER ALONG UWASOTA UGBOWO,UGBOWO,EGOR,6.38022280,5.60453940,632523
12,02,10,041,12/02/10/041,OPEN SPACE - FRONT OF ST. AUGUSTINE MEDICAL CENTRE BY UWASOTA ROAD UGBOWO,UGBOWO,EGOR,6.38303177,5.68380030,632524
12,02,10,042,12/02/10/042,OPEN SPACE - REDEEM CHURCH BY AGHO STREET OFF EYEYE STREET UGBOWO,UGBOWO,EGOR,6.38016550,5.60370370,632525
12,02,10,043,12/02/10/043,OPEN SPACE - UBINI/AHAUWA STREET (T.JUNCTION) BY UWASOTA,UGBOWO,EGOR,6.38177500,5.60454500,632526
12,02,10,044,12/02/10/044,OPEN SPACE - OKAO STREET JUNCTION ALONG EYEYE STREET UGBOWO,UGBOWO,EGOR,6.38360020,5.60890373,632527
12,02,10,045,12/02/10/045,OPEN SPACE - OGBEIDE STREET JUNCTION OFF IGHOMO UWASOTA/UGBOWO,UGBOWO,EGOR,6.38221630,5.60300210,632528
12,02,10,046,12/02/10/046,OPEN SPACE - EHIOROGIE/OGBEVOEN JUNCTION BY CHURCH OF GOD MISSION ADOLOR AREA UGBOWO,UGBOWO,EGOR,6.38221630,5.60454715,632529
12,02,10,047,12/02/10/047,"OPEN SPACE BY OHENHEN STREET, UGBOWO",UGBOWO,EGOR,6.38892340,5.60025000,632530
12,02,10,048,12/02/10/048,"OPEN SPACE - EMMA OSAGIE/OMORUYI STREET (T.JUNCTION) OFF OHENHEN STREET OFF AHUNWAN, UGBOWO",UGBOWO,EGOR,6.38894217,5.59907170,632531
12,02,10,049,12/02/10/049,"OPEN SPACE - ADOLOR MARKET,OPP ODOLOR COLLEGE.",UGBOWO,EGOR,6.38785811,5.60650650,632532
12,02,10,050,12/02/10/050,"OPEN SPACE BY THE ARK HILLTOP ACADEMY  OPP MOYE STR., OFF ODOLOR RD, UGBOWO",UGBOWO,EGOR,6.38933830,5.60098000,632533
12,02,10,051,12/02/10/051,OPEN SPACE BY 2ND OTAKHOIGBONGIE STR JUNCTION,UGBOWO,EGOR,6.39192690,5.60291840,632534
12,02,10,052,12/02/10/052,OPEN SPACE - AHUNWAN JUNCTION ALONG ADOLOR ROAD UGBOWO I,UGBOWO,EGOR,6.39039672,5.60268335,632535
12,02,10,053,12/02/10/053,OPEN SPACE - BEN OKORO STREET JUNCTION BY LUCKY STREET OFF ADOLOR UGBOWO,UGBOWO,EGOR,6.39262830,5.60325670,632536
12,02,10,054,12/02/10/054,"OPEN SPACE  BY JEHOVAH WITNESS JUNCTION, ADOLOR RD,UGBOWO",UGBOWO,EGOR,6.39172549,5.59973292,632537
12,02,10,055,12/02/10/055,"OPEN SPACE - BLOSSOM BLOOMING GIFTED SCHOOLS OPP. LUCKY STR, OFF UGBOWO RD",UGBOWO,EGOR,6.39198960,5.60452310,632538
12,02,10,056,12/02/10/056,OPEN SPACE - IGHOMO/AIHIE JUNCTION ALONG AHUNWAN UGBOWO I,UGBOWO,EGOR,6.38841655,5.60091343,632539
12,02,10,057,12/02/10/057,"OPEN SPACE BY COVENANT LIFE BAPTIST CHURCH, UGBOWO",UGBOWO,EGOR,6.39084780,5.60646430,632540
12,02,10,058,12/02/10/058,OPEN SPACE - FRONT OF THE CHURCH OF JESUS CHRIST,UGBOWO,EGOR,6.38719500,5.60774830,632541
12,02,10,059,12/02/10/059,OPEN SPACE - IGBINOMWANYA STREET JUNCTION BY POWER LINE OHONRE VILLAGE,UGBOWO,EGOR,6.39786660,5.59336170,632542
12,02,10,060,12/02/10/060,OPEN SPACE - VOICE OF LIFE GOSPEL MISSION ALONG POWER LINE OHONRE,UGBOWO,EGOR,6.39244200,5.59432020,632543
12,02,10,061,12/02/10/061,OPEN SPACE - FELIX AGBONIFO STREET JUNCTION ALONG ESTATE ROAD BDPA UGBOWO,UGBOWO,EGOR,6.39505670,5.60670830,632544
12,02,10,062,12/02/10/062,OPEN SPACE - ELEVENTH (11TH)STREET JUNCTION BDPA UGBOWO,UGBOWO,EGOR,6.39453250,5.60468950,632545
12,02,10,063,12/02/10/063,B.D.P.A POLICE POST UGBOWO I,UGBOWO,EGOR,6.39575776,5.60555968,632546
12,02,10,064,12/02/10/064,OPEN SPACE - ESTATE JUNCTION OPPOSITE DOCTORS' HOUSE UGBOWO,UGBOWO,EGOR,6.39498490,5.60869360,632547
12,02,10,065,12/02/10/065,"OPEN SPACE - T. JUNCTION BY JONATHAN AKPOBURE STREET, OPPOSITE ESTATE ROAD B.D.P.A",UGBOWO,EGOR,6.39499976,5.60566664,632548
12,02,10,066,12/02/10/066,NIGERIA SECURITY AND CIVIL DEFENCE CORPS,UGBOWO,EGOR,6.38784978,5.61022203,632549
12,02,10,067,12/02/10/067,OPEN SPACE - AIKHIDELOR OMAGE  LINK JUNCTION BY FEDERAL ROAD UGBOWO,UGBOWO,EGOR,6.38745500,5.61241000,632550
12,02,10,068,12/02/10/068,OPEN SPACE - FRONT OF FOURSQUARE GOSPEL CHURCH BY FEDERAL ROAD UGBOWO,UGBOWO,EGOR,6.38772500,5.61378170,632551
12,02,10,069,12/02/10/069,U.B.T.H WATER BOARD BY FEDERAL GIRLS ROAD UGBOWO,UGBOWO,EGOR,6.38740597,5.61095294,632552
12,02,10,070,12/02/10/070,OPEN SPACE - BACK GATE BY UBTH UGBOWO,UGBOWO,EGOR,6.38842830,5.61660830,632553
12,02,10,071,12/02/10/071,OPEN SPACE - OSASOGIE JUNCTION UGBOWO,UGBOWO,EGOR,6.38850450,5.61798290,632554
12,02,10,072,12/02/10/072,OPEN SPACE - KEKE PARK BY FEDERAL GIRLS ROAD JUNCTION UGBOWO,UGBOWO,EGOR,6.38119260,5.60999110,632555
12,02,10,073,12/02/10/073,OPEN SPACE - UGBOWO MOTOR PACK UGBOWO,UGBOWO,EGOR,6.38832670,5.60974000,632556
12,02,10,074,12/02/10/074,OPEN FIELD -  OPPOSITE U.B.T.H POLICE POST UGBOWO I,UGBOWO,EGOR,6.38950276,5.61013218,632557
12,02,10,075,12/02/10/075,OPEN SPACE - LUCKY STREET JUNCTION BESIDE CONOIL PETROL STATION UGBOWO,UGBOWO,EGOR,6.39012670,5.60907830,632558
12,03,01,001,12/03/01/001,"IBORE PRIMARY SCHOOL , IBORE-I",UNEAH,ESAN CENTRAL,6.77974805,6.29013473,34372
12,03,01,002,12/03/01/002,"IBORE PRIMARY SCHOOL , IBORE-II",UNEAH,ESAN CENTRAL,6.77975250,6.29013516,34373
12,03,01,003,12/03/01/003,"IBORE PRIMARY SCHOOL , IBORE-III",UNEAH,ESAN CENTRAL,6.77975330,6.29013876,34374
12,03,01,004,12/03/01/004,"IBORE PRIMARY SCHOOL,  IBORE-IV",UNEAH,ESAN CENTRAL,6.78200690,6.29618111,34375
12,03,01,005,12/03/01/005,"UGBALO PRIMARY SCHOOL,  UGBALO",UNEAH,ESAN CENTRAL,6.79499414,6.31900045,34376
12,03,01,006,12/03/01/006,"ATUAGBO PRIMARY SCHOOL,  ATUAGBO",UNEAH,ESAN CENTRAL,6.80020796,6.32823203,34377
12,03,01,007,12/03/01/007,"ASSEMBLIES OF GOD MISS SCH.,  ATUAGBO I",UNEAH,ESAN CENTRAL,6.80644360,6.33442885,34378
12,03,01,008,12/03/01/008,"ASSEMBLIES OF GOD MISS SCH. , ATUAGBO II",UNEAH,ESAN CENTRAL,6.80643675,6.33442824,34379
12,03,01,009,12/03/01/009,OKHOROMI VILL. SQUARE/EKO-GUANLAN,UNEAH,ESAN CENTRAL,6.80681345,6.34947711,34380
12,03,01,010,12/03/01/010,EKILOR PRIMARY SCHOOL/EKILOR,UNEAH,ESAN CENTRAL,6.79547176,6.32101585,34381
12,03,01,011,12/03/01/011,WATER BOARD IKEKHALIA IBORE,UNEAH,ESAN CENTRAL,6.78242842,6.29722495,632663
12,03,01,012,12/03/01/012,OPEN SPACE- IBORE TOWN HALL,UNEAH,ESAN CENTRAL,6.77978995,6.29379842,632664
12,03,02,001,12/03/02/001,UDOMI PRIMARY SCHOOL/UDOMI- I,UWESSAN  I,ESAN CENTRAL,6.76620785,6.35490911,34382
12,03,02,002,12/03/02/002,UDOMI PRIMARY SCHOOL/UDOMI- II,UWESSAN  I,ESAN CENTRAL,6.76619621,6.35490427,34383
12,03,02,003,12/03/02/003,UDOMI PRIMARY SCHOOL/UDOMI-III,UWESSAN  I,ESAN CENTRAL,6.76618460,6.35490777,34384
12,03,02,004,12/03/02/004,UNOGBO PRIMARY SCHOOL/UNOGBO`,UWESSAN  I,ESAN CENTRAL,6.77053610,6.33869162,34385
12,03,02,005,12/03/02/005,UJABHOLE PRIMARY SCHOOL/UJABHOLE I,UWESSAN  I,ESAN CENTRAL,6.76296381,6.34137046,34386
12,03,02,006,12/03/02/006,UJABHOLE PRIMARY SCHOOL/UJABHOLE II,UWESSAN  I,ESAN CENTRAL,6.76297189,6.34136874,34387
12,03,02,007,12/03/02/007,UJABHOLE PRIMARY SCHOOL/UJABHOLE III,UWESSAN  I,ESAN CENTRAL,6.76296677,6.34136486,34388
12,03,02,008,12/03/02/008,UJABHOLE PRIMARY SCHOOL/UJABHOLE IV,UWESSAN  I,ESAN CENTRAL,6.76297056,6.34136853,34389
12,03,02,009,12/03/02/009,AFUDA PRIMARY SCHOOL/UJABHOLE I,UWESSAN  I,ESAN CENTRAL,6.80269735,6.36410092,34390
12,03,02,010,12/03/02/010,AFUDA PRIMARY SCHOOL/UJABHOLE II,UWESSAN  I,ESAN CENTRAL,6.75883045,6.23392247,34391
12,03,03,001,12/03/03/001,IDUMOZA PRIMARY SCHOOL/IDUMOZA I,UWESSAN II,ESAN CENTRAL,6.81340746,6.37275565,34392
12,03,03,002,12/03/03/002,IDUMOZA PRIMARY SCHOOL/IDUMOZA II,UWESSAN II,ESAN CENTRAL,6.81341255,6.37275458,34393
12,03,03,003,12/03/03/003,UWESSAN PRIMARY SCHOOL/UWESSAN I,UWESSAN II,ESAN CENTRAL,6.77458497,6.35749586,34394
12,03,03,004,12/03/03/004,UWESSAN PRIMARY SCHOOL/UWESSAN II,UWESSAN II,ESAN CENTRAL,6.77458800,6.35748690,34395
12,03,03,005,12/03/03/005,IDUMOGHODOR TOWN HALL/UWESSAN III,UWESSAN II,ESAN CENTRAL,6.77226215,6.35176274,34396
12,03,03,006,12/03/03/006,OHE PRIMARY SCHOOL/OHE I,UWESSAN II,ESAN CENTRAL,6.78553939,6.39251059,34397
12,03,03,007,12/03/03/007,OHE PRIMARY SCHOOL/OHE II,UWESSAN II,ESAN CENTRAL,6.78554831,6.39252635,34398
12,03,04,001,12/03/04/001,EKO-IYOBHEBHE PRY SCHOOL/EKO-IYOBHEBHE,IKEKATO,ESAN CENTRAL,6.73736635,6.24054008,34399
12,03,04,002,12/03/04/002,AGWA PRY. SCHOOL/AGWA,IKEKATO,ESAN CENTRAL,6.75626445,6.24143979,34400
12,03,04,003,12/03/04/003,UDOWO PRIMARY SCHOOL/UDOWO I,IKEKATO,ESAN CENTRAL,6.77331909,6.26495025,34401
12,03,04,004,12/03/04/004,UDOWO PRIMARY SCHOOL/UDOWO II,IKEKATO,ESAN CENTRAL,6.77331712,6.26495500,34402
12,03,04,005,12/03/04/005,IDINEGBON PRY. SCH./IDINEGBON I,IKEKATO,ESAN CENTRAL,6.76647226,6.25731069,34403
12,03,04,006,12/03/04/006,IDINEGBON PRY. SCH./IDINEGBON II,IKEKATO,ESAN CENTRAL,6.76646104,6.25731981,34404
12,03,04,007,12/03/04/007,IKEKATO SEC. SCHOOL/IKEKATO,IKEKATO,ESAN CENTRAL,6.77331186,6.26494443,34405
12,03,04,008,12/03/04/008,UGBOKHARE PRIMARY SCHOOL/UGBOKHARE I,IKEKATO,ESAN CENTRAL,6.77582545,6.27975687,34406
12,03,04,009,12/03/04/009,UGBOKHARE PRIMARY SCHOOL/UGBOKHARE II,IKEKATO,ESAN CENTRAL,6.77582242,6.27976468,34407
12,03,05,001,12/03/05/001,AKHO PRY. SCHOL/AKHO I,OTORUWO I,ESAN CENTRAL,6.74031150,6.22232531,34408
12,03,05,002,12/03/05/002,AKHO PRY. SCHOL/AKHO II,OTORUWO I,ESAN CENTRAL,6.74031580,6.22232250,34409
12,03,05,003,12/03/05/003,EGUARE PRI. SCHOOL/EGUARE I,OTORUWO I,ESAN CENTRAL,6.73335621,6.21881203,34410
12,03,05,004,12/03/05/004,EGUARE PRI. SCHOOL/EGUARE II,OTORUWO I,ESAN CENTRAL,6.73335554,6.21880151,34411
12,03,05,005,12/03/05/005,EGUARE PRI. SCHOOL/EGUARE III,OTORUWO I,ESAN CENTRAL,6.73335722,6.21880079,34412
12,03,05,006,12/03/05/006,USENU PRY. SCHOOL/USENU,OTORUWO I,ESAN CENTRAL,6.73732203,6.21392673,34413
12,03,05,007,12/03/05/007,IDIDIGBA PRY. SCHOOL/IDIDIGBA I,OTORUWO I,ESAN CENTRAL,6.70765756,6.23713523,34414
12,03,05,008,12/03/05/008,IDIDIGBA PRY. SCHOOL/IDIDIGBA II,OTORUWO I,ESAN CENTRAL,6.70239344,6.23922454,34415
12,03,05,009,12/03/05/009,OPEN SPACE MOMODU ROAD BY AGWA JUNCTION,OTORUWO I,ESAN CENTRAL,6.74720816,6.22689005,632647
12,03,05,010,12/03/05/010,ANNUNCIATION CATHOLIC COLLEGE IRRUA,OTORUWO I,ESAN CENTRAL,6.73979488,6.22568674,632648
12,03,05,011,12/03/05/011,OPEN SPACE-IRRUA MARKET BY MOMODU ROAD,OTORUWO I,ESAN CENTRAL,6.73633176,6.21990323,632649
12,03,05,012,12/03/05/012,OPEN SPACE - IRRUA MARKET BY ABDUMALIKI STREET,OTORUWO I,ESAN CENTRAL,6.73780112,6.21840421,632650
12,03,05,013,12/03/05/013,MODEL PRIMARY HEALTH CENTER IRRUA,OTORUWO I,ESAN CENTRAL,6.73184675,6.21683344,632651
12,03,05,014,12/03/05/014,IRRUA POST OFFICE,OTORUWO I,ESAN CENTRAL,6.74117899,6.21756569,632652
12,03,05,015,12/03/05/015,"USENU COMMUNITY HALL,USENU",OTORUWO I,ESAN CENTRAL,6.73833985,6.21414654,632653
12,03,06,001,12/03/06/001,USUGBENU PRY. SCHOOL/USUGBENU I,OTORUWO II,ESAN CENTRAL,6.71450576,6.23703644,34416
12,03,06,002,12/03/06/002,USUGBENU PRY. SCHOOL/USUGBENU II,OTORUWO II,ESAN CENTRAL,6.71452944,6.23702859,34417
12,03,06,003,12/03/06/003,USUGBENU PRY. SCHOOL/USUGBENU III,OTORUWO II,ESAN CENTRAL,6.71453666,6.23703178,34418
12,03,06,004,12/03/06/004,IRRUA GIRLS' SEC. SCH./IRRUA,OTORUWO II,ESAN CENTRAL,6.73825593,6.20818262,34419
12,03,06,005,12/03/06/005,IDUMEBO PRY. SCH./IDUMEBO I,OTORUWO II,ESAN CENTRAL,6.73186092,6.20694487,34420
12,03,06,006,12/03/06/006,IDUMEBO PRY. SCH./IDUMEBO II,OTORUWO II,ESAN CENTRAL,6.73185445,6.20695513,34421
12,03,06,007,12/03/06/007,UWENUJIE PRY SCHOOL/UWENUJIE,OTORUWO II,ESAN CENTRAL,6.73283055,6.21241578,34422
12,03,06,008,12/03/06/008,IDUMABI SQUARE/ IDUMABI,OTORUWO II,ESAN CENTRAL,6.72794630,6.20850914,34423
12,03,06,009,12/03/06/009,"OKOUGHELE NODION, IRRUA",OTORUWO II,ESAN CENTRAL,6.72946900,6.22148090,632654
12,03,06,010,12/03/06/010,OPEN SPACE - IRRUA SPECIALIST HOSPITAL,OTORUWO II,ESAN CENTRAL,6.73289710,6.18981650,632655
12,03,06,011,12/03/06/011,"OPEN SPACE BY ASSEMBLIES OF GOD IKEKIALA USUGBENU, IRRUA",OTORUWO II,ESAN CENTRAL,6.72485170,6.21666000,632656
12,03,06,012,12/03/06/012,OPEN SPACE EIGBE STREET JUNCTION OFF IDUMUABOKHAE QTRS,OTORUWO II,ESAN CENTRAL,6.72949170,6.21666000,632657
12,03,06,013,12/03/06/013,"OPEN SPACE IN FRONT OF MUDIAME UNIVERSITY, IRRUA",OTORUWO II,ESAN CENTRAL,6.72825080,6.21288650,632658
12,03,07,001,12/03/07/001,UZOGHOLO PRY. SCH./UZOGHOLO I,EWU I,ESAN CENTRAL,6.78912150,6.25145777,34424
12,03,07,002,12/03/07/002,UZOGHOLO PRY. SCH./UZOGHOLO II,EWU I,ESAN CENTRAL,6.78910713,6.25147398,34425
12,03,07,003,12/03/07/003,UZOGHOLO PRY. SCH./UZOGHOLO  III,EWU I,ESAN CENTRAL,6.78909960,6.25147354,34426
12,03,07,004,12/03/07/004,EHANLEN PRY. SCH./EHANLEN I,EWU I,ESAN CENTRAL,6.80223134,6.25188343,34427
12,03,07,005,12/03/07/005,EHANLEN PRY. SCH./EHANLEN II,EWU I,ESAN CENTRAL,6.80223827,6.25188511,34428
12,03,07,006,12/03/07/006,EHANLEN PRY. SCH./EHANLEN  III,EWU I,ESAN CENTRAL,6.80224618,6.25188058,34429
12,03,07,007,12/03/07/007,EGBOR CAMP/EGBOR,EWU I,ESAN CENTRAL,6.82663785,6.25734579,34430
12,03,07,008,12/03/07/008,EKO PRY. SCHOOL/EKO,EWU I,ESAN CENTRAL,6.76310644,6.23698128,34431
12,03,07,009,12/03/07/009,"OPEN SPACE- SMALL MARKET EHANLEN, EWU I",EWU I,ESAN CENTRAL,6.79935730,6.25184420,632638
12,03,07,010,12/03/07/010,"OPEN SPACE - PAX EWU RETREAT CENTRE, EWU",EWU I,ESAN CENTRAL,6.81826665,6.25460163,632639
12,03,07,011,12/03/07/011,EWU GRAMMAR SCHOOL EWU,EWU I,ESAN CENTRAL,6.79381682,6.24964155,632640
12,03,08,001,12/03/08/001,IDUNWELE PRY. SCH./IDUNWELE   I,EWU II,ESAN CENTRAL,6.78803128,6.23845470,34432
12,03,08,002,12/03/08/002,IDUNWELE PRY. SCH./IDUNWELE   II,EWU II,ESAN CENTRAL,6.78799801,6.23848275,34433
12,03,08,003,12/03/08/003,IDUNWELE PRY. SCH./IDUNWELE   III,EWU II,ESAN CENTRAL,6.78798653,6.23848511,34434
12,03,08,004,12/03/08/004,"IDUNWELE TOWN HALL, IDUNWELE I",EWU II,ESAN CENTRAL,6.78800457,6.23851726,34435
12,03,08,005,12/03/08/005,IDUNWELE TOWN HALL  IDUNWELE II,EWU II,ESAN CENTRAL,6.79215938,6.23969181,34436
12,03,08,006,12/03/08/006,OGHODOGBOR CAMP/OGHODOGBOR,EWU II,ESAN CENTRAL,6.76912861,6.22642319,34437
12,03,08,007,12/03/08/007,IHENWEN TOWN HALL/IHENWEN,EWU II,ESAN CENTRAL,6.80802700,6.24390004,34438
12,03,08,008,12/03/08/008,UKHIODO PRY SCH./UKHIODO,EWU II,ESAN CENTRAL,6.80600568,6.23453411,34439
12,03,08,009,12/03/08/009,EGUARE PRY. SCH./EGUARE I,EWU II,ESAN CENTRAL,6.80405634,6.24226782,34440
12,03,08,010,12/03/08/010,OPEN SPACE - IDUNWELE ELDERS' COUNCIL HALL,EWU II,ESAN CENTRAL,6.79215820,6.23967681,632641
12,03,09,001,12/03/09/001,"EGUARE, PRY. SCH./EGUARE II",OPOJI,ESAN CENTRAL,6.69558299,6.19817699,34441
12,03,09,002,12/03/09/002,EGUARE GRAMMAR SCH./OPOJI,OPOJI,ESAN CENTRAL,6.69498804,6.20283257,34442
12,03,09,003,12/03/09/003,IKI PRY. SCH./IKI- I,OPOJI,ESAN CENTRAL,6.70567936,6.20554941,34443
12,03,09,004,12/03/09/004,IKI PRY. SCH./IKI- II,OPOJI,ESAN CENTRAL,6.70567893,6.20554522,34444
12,03,09,005,12/03/09/005,OGHAGBO PRY. SCHOOL/OGHAGBO I,OPOJI,ESAN CENTRAL,6.71327801,6.18753294,34445
12,03,09,006,12/03/09/006,OGHAGBO PRY. SCHOOL/OGHAGBO II,OPOJI,ESAN CENTRAL,6.71327850,6.18753492,34446
12,03,09,007,12/03/09/007,OKHORE PRY. SCH./OKHORE,OPOJI,ESAN CENTRAL,6.68948714,6.19964245,34447
12,03,09,008,12/03/09/008,IKIENWANLEN PRY SCH./IKIEWANLEN,OPOJI,ESAN CENTRAL,6.67943164,6.20331499,34448
12,03,09,009,12/03/09/009,UJOSANLEN PRY SCH. /UJOSANLEN,OPOJI,ESAN CENTRAL,6.69078280,6.21237363,34449
12,03,09,010,12/03/09/010,"OPOJI SECONDARY SCHOOL,OKHORE,OPOJI",OPOJI,ESAN CENTRAL,6.68638390,6.19742460,632645
12,03,09,011,12/03/09/011,"IKIEWALEN TOWN HALL, OPOJI",OPOJI,ESAN CENTRAL,6.67590000,6.20411330,632646
12,03,10,001,12/03/10/001,EGUARE PRY. SCHOOL/EGUARE I,UGBEGUN,ESAN CENTRAL,6.64682029,6.23581383,34450
12,03,10,002,12/03/10/002,EGUARE PRY. SCHOOL/EGUARE II,UGBEGUN,ESAN CENTRAL,6.64683130,6.23580790,34451
12,03,10,003,12/03/10/003,EGUARE PRY. SCHOOL/EGUARE III,UGBEGUN,ESAN CENTRAL,6.64683042,6.23580814,34452
12,03,10,004,12/03/10/004,IKEKOGBE PRY. SCHOOL/IKEKOGBE,UGBEGUN,ESAN CENTRAL,6.65505661,6.24100119,34453
12,03,10,005,12/03/10/005,UKPUGHELE PRY. SCH/ UKPUGHELE,UGBEGUN,ESAN CENTRAL,6.64953586,6.23816644,34454
12,03,10,006,12/03/10/006,UMENLEN PRY. SCH./UMENLEN EHOR EHONOR AND ENVIRONS I,UGBEGUN,ESAN CENTRAL,6.64674452,6.24955610,34455
12,03,10,007,12/03/10/007,UMENLEN PRY. SCH./UMENLEN EHOR EHONOR AND ENVIRONS II,UGBEGUN,ESAN CENTRAL,6.64672600,6.24955369,34456
12,03,10,008,12/03/10/008,FORMER L.A. PRY. SCH. IDUMU-IYALA AND ENVIRONS,UGBEGUN,ESAN CENTRAL,6.64231673,6.25017879,34457
12,03,10,009,12/03/10/009,"ADULT SCHOOL, IDUMU-UGHULU, ODOGHE, IDUMU-OLI AND ENVIRONS",UGBEGUN,ESAN CENTRAL,6.64125142,6.24742400,34458
12,03,10,010,12/03/10/010,EBUDIN PRY. SCH./EBUDIN I,UGBEGUN,ESAN CENTRAL,6.59572394,6.17972165,34459
12,03,10,011,12/03/10/011,EBUDIN PRY. SCH./EBUDIN II,UGBEGUN,ESAN CENTRAL,6.59573434,6.17971963,34460
12,03,10,012,12/03/10/012,EBUDIN PRY. SCH./IGUIZI,UGBEGUN,ESAN CENTRAL,6.59573590,6.17971958,34461
12,03,10,013,12/03/10/013,HEALTH CENTER UGBEGUN,UGBEGUN,ESAN CENTRAL,6.64469846,6.23941831,632659
12,03,10,014,12/03/10/014,EBUDIN GRAMMAR SCHOOL,UGBEGUN,ESAN CENTRAL,6.58993661,6.17146488,632660
12,03,10,015,12/03/10/015,EBUDIN HEALTH CENTRE,UGBEGUN,ESAN CENTRAL,6.59856515,6.17536012,632661
12,03,10,016,12/03/10/016,"ODOGBE PRIMARY SCHOOL, ODOGBE",UGBEGUN,ESAN CENTRAL,6.59770487,6.18424997,632662
12,04,01,001,12/04/01/001,UROMI- EGBELE PRY SCHOOL I,EGBELE,ESAN NORTH EAST,6.72651805,6.31534130,34462
12,04,01,002,12/04/01/002,UROMI-EGBELE  PRIMARY SCHOOL II,EGBELE,ESAN NORTH EAST,6.72653109,6.31535419,34463
12,04,01,003,12/04/01/003,UROMI-EGBELE  PRIMARY SCHOOL III,EGBELE,ESAN NORTH EAST,6.72647977,6.31532878,34464
12,04,01,004,12/04/01/004,UROMI- AFUDA PRIMARY SCHOOL I,EGBELE,ESAN NORTH EAST,6.73063476,6.32275652,34465
12,04,01,005,12/04/01/005,UROMI- AFUDA PRIMARY SCHOOL II,EGBELE,ESAN NORTH EAST,6.73063310,6.32275202,34466
12,04,01,006,12/04/01/006,UROMI- AFUDA PRIMARY SCHOOL III,EGBELE,ESAN NORTH EAST,6.73062696,6.32275628,34467
12,04,01,007,12/04/01/007,UROMI- UNUWAZI PRIMARY SCHOOL I,EGBELE,ESAN NORTH EAST,6.75019867,6.31973922,34468
12,04,01,008,12/04/01/008,UROMI UNUWAZI PRIMARY SCHOOL II,EGBELE,ESAN NORTH EAST,6.75023623,6.31975441,34469
12,04,01,009,12/04/01/009,UROMI-UTAKO PRIMARY SCHOOL I,EGBELE,ESAN NORTH EAST,6.73476823,6.33577134,34470
12,04,01,010,12/04/01/010,UROMI-UTAKO PRIMARY SCHOOL II,EGBELE,ESAN NORTH EAST,6.73477155,6.33578194,34471
12,04,01,011,12/04/01/011,OPEN SPACE BY ORIERE STREET JUNCTION,EGBELE,ESAN NORTH EAST,6.72793870,6.32052310,632685
12,04,01,012,12/04/01/012,NATIONAL INSTITUTE OF CONSTRUCTION TECHNOLOGY PRIMARY SCHOOL,EGBELE,ESAN NORTH EAST,6.72957560,6.31643670,632686
12,04,01,013,12/04/01/013,NATIONAL INSTITUTE OF CONSTRUCTION TECHNOLOGY,EGBELE,ESAN NORTH EAST,6.72860710,6.31863370,632687
12,04,01,014,12/04/01/014,OPEN SPACE BY IDUMU EKHUERE JUNCTION,EGBELE,ESAN NORTH EAST,6.72361530,6.33014010,632688
12,04,02,001,12/04/02/001,UROMI-OBEIDU PRY SCHOOL I,OBEIDU,ESAN NORTH EAST,6.73050370,6.26184341,34472
12,04,02,002,12/04/02/002,UROMI-OBEIDU PRY SCHOOL II,OBEIDU,ESAN NORTH EAST,6.73050507,6.26185062,34473
12,04,02,003,12/04/02/003,UROMI-OBEIDU PRY SCHOOL III,OBEIDU,ESAN NORTH EAST,6.73050678,6.26185184,34474
12,04,02,004,12/04/02/004,UROMI-OBEIDU PRY SCHOOL IV,OBEIDU,ESAN NORTH EAST,6.73050100,6.26185340,34475
12,04,02,005,12/04/02/005,UROMI - OBEIDU PRY SCHOOL V,OBEIDU,ESAN NORTH EAST,6.73051827,6.26185951,34476
12,04,02,006,12/04/02/006,UROMI - IVUE PRIMARY SCHOOL I,OBEIDU,ESAN NORTH EAST,6.73742883,6.27445347,34477
12,04,02,007,12/04/02/007,UROMI - IVUE PRIMARY SCHOOL II,OBEIDU,ESAN NORTH EAST,6.73742738,6.27445239,34478
12,04,02,008,12/04/02/008,UROMI - IVUE PRIMARY SCHOOL III,OBEIDU,ESAN NORTH EAST,6.73743798,6.27444683,34479
12,04,02,009,12/04/02/009,UROMI - IVUE PRIMARY SCHOOL IV,OBEIDU,ESAN NORTH EAST,6.73743213,6.27445353,34480
12,04,02,010,12/04/02/010,OBEIDU PRIMARY HEALTH CENTER,OBEIDU,ESAN NORTH EAST,6.73566500,6.26989890,632704
12,04,03,001,12/04/03/001,UROMI-EROH PRIMARY SCHOOL I,ARUE,ESAN NORTH EAST,6.73373750,6.28673432,34481
12,04,03,002,12/04/03/002,UROMI-EROH PRIMARY SCHOOL II,ARUE,ESAN NORTH EAST,6.73373526,6.28673988,34482
12,04,03,003,12/04/03/003,UROMI-EROH PRIMARY SCHOOL III,ARUE,ESAN NORTH EAST,6.73373948,6.28673333,34483
12,04,03,004,12/04/03/004,UROMI- ARUE PRIMARY SCHOOL I,ARUE,ESAN NORTH EAST,6.73658641,6.29772321,34484
12,04,03,005,12/04/03/005,UROMI- ARUE PRIMARY SCHOOL II,ARUE,ESAN NORTH EAST,6.73659138,6.29773240,34485
12,04,03,006,12/04/03/006,UROMI- ARUE PRIMARY SCHOOL III,ARUE,ESAN NORTH EAST,6.73660848,6.29774688,34486
12,04,03,007,12/04/03/007,UROMI- UZENEMA PRIMARY SCHOOL I,ARUE,ESAN NORTH EAST,6.74776007,6.31060362,34487
12,04,03,008,12/04/03/008,UROMI- UZENEMA PRIMARY SCHOOL II,ARUE,ESAN NORTH EAST,6.74776150,6.31060003,34488
12,04,03,009,12/04/03/009,UROMI- UZENEMA PRIMARY SCHOOL III,ARUE,ESAN NORTH EAST,6.74776652,6.31058713,34489
12,04,03,010,12/04/03/010,UROMI- UZENEMA PRIMARY SCHOOL IV,ARUE,ESAN NORTH EAST,6.74778242,6.31060946,34490
12,04,03,011,12/04/03/011,ARUE SECONDARY SCHOOL,ARUE,ESAN NORTH EAST,6.73706830,6.30348930,632672
12,04,03,012,12/04/03/012,ARUE MARKET SQUARE,ARUE,ESAN NORTH EAST,6.73381250,6.29710450,632673
12,04,03,013,12/04/03/013,"OPEN SPACE BY OKOGBENI JUNCTION, ARUE",ARUE,ESAN NORTH EAST,6.73309450,6.30175700,632674
12,04,04,001,12/04/04/001,UROMI-EGUARE PRIMARY SCHOOL,UELEN/ OKUGBE,ESAN NORTH EAST,6.71951588,6.32794129,34491
12,04,04,002,12/04/04/002,UROMI- OKPUJIE PRIMARY SCHOOL I,UELEN/ OKUGBE,ESAN NORTH EAST,6.71459123,6.32832108,34492
12,04,04,003,12/04/04/003,UROMI- OKPUJIE PRIMARY SCHOOL II,UELEN/ OKUGBE,ESAN NORTH EAST,6.71458840,6.32831756,34493
12,04,04,004,12/04/04/004,UROMI- OKPUJIE PRIMARY SCHOOL III,UELEN/ OKUGBE,ESAN NORTH EAST,6.71459066,6.32831994,34494
12,04,04,005,12/04/04/005,UROM- OKPUJIE PRIMARY SCHOOL IV,UELEN/ OKUGBE,ESAN NORTH EAST,6.71459598,6.32831907,34495
12,04,04,006,12/04/04/006,UROMI- OKPUJIE PRIMARY SCHOOL V,UELEN/ OKUGBE,ESAN NORTH EAST,6.71459556,6.32832370,34496
12,04,04,007,12/04/04/007,UROM- OKPUJIE PRIMARY SCHOOL VI,UELEN/ OKUGBE,ESAN NORTH EAST,6.71459415,6.32832120,34497
12,04,04,008,12/04/04/008,UROMI-OPEN SPACE I,UELEN/ OKUGBE,ESAN NORTH EAST,6.70985850,6.32831330,34498
12,04,04,009,12/04/04/009,UROMI-OPEN SPACE II,UELEN/ OKUGBE,ESAN NORTH EAST,6.70984981,6.32831126,34499
12,04,04,010,12/04/04/010,UROMI-OPEN SPACE III,UELEN/ OKUGBE,ESAN NORTH EAST,6.70985510,6.32832522,34500
12,04,04,011,12/04/04/011,UROMI-OPEN SPACE IV,UELEN/ OKUGBE,ESAN NORTH EAST,6.70985922,6.32831975,34501
12,04,04,012,12/04/04/012,UROMI-OPEN SPACE V,UELEN/ OKUGBE,ESAN NORTH EAST,6.70986443,6.32833406,34502
12,04,04,013,12/04/04/013,UROMI-OPEN SPACE VI,UELEN/ OKUGBE,ESAN NORTH EAST,6.70985689,6.32829117,34503
12,04,04,014,12/04/04/014,UROMI TOWN HALL,UELEN/ OKUGBE,ESAN NORTH EAST,6.71918840,6.32989730,632708
12,04,04,015,12/04/04/015,AGBA GRAMMAR SCHOOL,UELEN/ OKUGBE,ESAN NORTH EAST,6.72508190,6.32097880,632709
12,04,04,016,12/04/04/016,"OPEN SPACE BY BACK OF CATHOLIC CHURCH, OKPUJIE COMMUNITY",UELEN/ OKUGBE,ESAN NORTH EAST,6.71569780,6.32676640,632710
12,04,04,017,12/04/04/017,NIPOST OFFICE OPPOSITE CUSTOMARY COURT UROMI,UELEN/ OKUGBE,ESAN NORTH EAST,6.71886510,6.32786490,632711
12,04,04,018,12/04/04/018,OPEN SPACE BY UDO STREET JUNCTION,UELEN/ OKUGBE,ESAN NORTH EAST,6.71205070,6.33219890,632712
12,04,04,019,12/04/04/019,OPEN SPACE NITEL JUNCTION BESIDE AFUSCO PETROLEUM,UELEN/ OKUGBE,ESAN NORTH EAST,6.72106490,6.32586220,632713
12,04,04,020,12/04/04/020,OPEN SPACE BY ODION LANE JUNCTION,UELEN/ OKUGBE,ESAN NORTH EAST,6.70634360,6.33188390,632714
12,04,04,022,12/04/04/022,OPEN SPACE BY ADA OKARE JUNCTION,UELEN/ OKUGBE,ESAN NORTH EAST,6.71256330,6.33408170,632716
12,04,04,023,12/04/04/023,OPEN SPACE BY OKHELEN - UZEA ROAD JUNCTION,UELEN/ OKUGBE,ESAN NORTH EAST,6.71626520,6.33995350,632717
12,04,04,024,12/04/04/024,OJUROMI ULTRA MODERN MARKET,UELEN/ OKUGBE,ESAN NORTH EAST,6.71119090,6.32860680,632718
12,04,04,025,12/04/04/025,"NATIONAL OPEN UNIVERSITY  OF NIGERIA,  UROMI",UELEN/ OKUGBE,ESAN NORTH EAST,6.70599190,6.33425670,632719
12,04,04,026,12/04/04/026,OPEN SPACE BY TIPPER GARRAGE /HAUSA CATTLE MARKET,UELEN/ OKUGBE,ESAN NORTH EAST,6.72166130,6.33328780,632720
12,04,04,027,12/04/04/027,OPEN SPACE ALONG OYOMON ROAD,UELEN/ OKUGBE,ESAN NORTH EAST,6.71562330,6.33445670,632721
12,04,04,028,12/04/04/028,OPEN SPACE BY LUGARD STREET JUNCTION,UELEN/ OKUGBE,ESAN NORTH EAST,6.71292810,6.32848140,632722
12,04,04,029,12/04/04/029,OPEN SPACE OPPOSITE MARY THE QUEEN,UELEN/ OKUGBE,ESAN NORTH EAST,6.70602940,6.33000200,632723
12,04,04,030,12/04/04/030,OPEN SPACE BY CENTRAL ROAD JUNCTION,UELEN/ OKUGBE,ESAN NORTH EAST,6.71018170,6.32922650,632724
12,04,05,001,12/04/05/001,UROMI-UROMI GIRL'S PRIMARY SCHOOL I,IDUMU-OKOJIE,ESAN NORTH EAST,6.71227189,6.32461312,34504
12,04,05,002,12/04/05/002,UROMI-UROMI GIRL'S PRIMARY SCHOOL II,IDUMU-OKOJIE,ESAN NORTH EAST,6.71226715,6.32459474,34505
12,04,05,003,12/04/05/003,UROMI-UROMI GIRL'S PRIMARY SCHOOL III,IDUMU-OKOJIE,ESAN NORTH EAST,6.71225502,6.32454933,34506
12,04,05,004,12/04/05/004,UROMI-UROMI GIRL'S PRIMARY SCHOOL IV,IDUMU-OKOJIE,ESAN NORTH EAST,6.71224565,6.32455881,34507
12,04,05,005,12/04/05/005,UROMI-(IDUMU-OKOJIE) / UROMI GIRL'S PRIMARY,IDUMU-OKOJIE,ESAN NORTH EAST,6.71225968,6.32456442,34508
12,04,05,006,12/04/05/006,UROMI- (UWALOR -OKE  / IGBO) UROMI GIRL'S PRY. SCH. (UWALOR - OKE / IGBO) I,IDUMU-OKOJIE,ESAN NORTH EAST,6.71226613,6.32457281,34509
12,04,05,007,12/04/05/007,UROMI-(UWALOR - OKE / IGBO)UROMI GIRL'S PRY. SCH. (UWALOR - OKE / IGBO) II,IDUMU-OKOJIE,ESAN NORTH EAST,6.71226190,6.32457321,34510
12,04,05,008,12/04/05/008,UROMI-(EWOYI) UROMI GIRL'S PRIMARY SCH.,IDUMU-OKOJIE,ESAN NORTH EAST,6.71225532,6.32456134,34511
12,04,05,009,12/04/05/009,"OPEN SPACE, UROMI MOTOR PARK",IDUMU-OKOJIE,ESAN NORTH EAST,6.71011860,6.32816790,632698
12,04,05,010,12/04/05/010,OPEN SPACE BY OKOJIE N'OJIE STREET JUNCTION,IDUMU-OKOJIE,ESAN NORTH EAST,6.70869780,6.32629020,632699
12,04,05,011,12/04/05/011,OPEN SPACE GENERAL HOSPITAL ROAD BY CONVENT JUNCTION,IDUMU-OKOJIE,ESAN NORTH EAST,6.71231980,6.31874500,632700
12,04,05,012,12/04/05/012,OPEN SPACE BY OBONIYE LANE JUNCTION,IDUMU-OKOJIE,ESAN NORTH EAST,6.70740250,6.32370310,632701
12,04,05,013,12/04/05/013,OPEN SPACE IYERE STREET BY AFUDA ROAD JUNCTION,IDUMU-OKOJIE,ESAN NORTH EAST,6.71003220,6.32489520,632702
12,04,05,014,12/04/05/014,OPEN SPACE BY UZOYA STREET JUNCTION OFF CONVENT ROAD,IDUMU-OKOJIE,ESAN NORTH EAST,6.71253920,6.32085640,632703
12,04,06,001,12/04/06/001,UZEA- IDINEGBON PRIMARY SCHOOL I,UZEA,ESAN NORTH EAST,6.86578944,6.44912115,34512
12,04,06,002,12/04/06/002,UZEA- IDINEGBON PRIMARY SCHOOL II,UZEA,ESAN NORTH EAST,6.86576119,6.44914536,34513
12,04,06,003,12/04/06/003,UZEA-EWOIKI PRIMARY SCHOOL I,UZEA,ESAN NORTH EAST,6.83971069,6.50654282,34514
12,04,06,004,12/04/06/004,UZEA-OLINLIN PRIMAY SCHOOL II,UZEA,ESAN NORTH EAST,6.81277448,6.41013802,34515
12,04,06,005,12/04/06/005,UZEA-OLINLIN PRIMAY SCHOOL III,UZEA,ESAN NORTH EAST,6.81278223,6.41013815,34516
12,04,06,006,12/04/06/006,UZEA-OLINLIN PRIMAY SCHOOL IV,UZEA,ESAN NORTH EAST,6.81277931,6.41013835,34517
12,04,06,007,12/04/06/007,UZEA-OLINLIN PRIMAY SCHOOL V,UZEA,ESAN NORTH EAST,6.81278463,6.41015481,34518
12,04,06,008,12/04/06/008,UZEA-EBULEN PRY SCHOOL,UZEA,ESAN NORTH EAST,6.81019610,6.42437255,34519
12,04,06,009,12/04/06/009,UZEA - COURT HALL (EKO-IGENE),UZEA,ESAN NORTH EAST,6.80723530,6.41564097,34520
12,04,06,010,12/04/06/010,UZEA-UROH PRIMARY SCHOOL I,UZEA,ESAN NORTH EAST,6.79942385,6.43001998,34521
12,04,06,011,12/04/06/011,UZEA-UROH PRIMARY SCHOOL II,UZEA,ESAN NORTH EAST,6.79942362,6.43001474,34522
12,04,06,012,12/04/06/012,UZEA-UROH PRIMARY SCHOOL III,UZEA,ESAN NORTH EAST,6.79941545,6.43003018,34523
12,04,06,013,12/04/06/013,IDINEGBON PRIMARY SCH III,UZEA,ESAN NORTH EAST,6.86574580,6.44987610,632730
12,04,06,014,12/04/06/014,EWOIKI PRIMARY SCHOOL. II,UZEA,ESAN NORTH EAST,6.83983940,6.50634690,632731
12,04,06,015,12/04/06/015,UZEA MODERN MARKET OLINLIN,UZEA,ESAN NORTH EAST,6.81836300,6.41422590,632732
12,04,07,001,12/04/07/001,UROMI-ONEWA PRIMARY SCHOOL I,AMEDOKHIAN,ESAN NORTH EAST,6.73648497,6.34840733,34524
12,04,07,002,12/04/07/002,UROMI-ONEWA PRIMARY SCHOOL II,AMEDOKHIAN,ESAN NORTH EAST,6.73547134,6.34859159,34525
12,04,07,003,12/04/07/003,UROMI-IRUELE PRIMARY SCHOOL,AMEDOKHIAN,ESAN NORTH EAST,6.72436436,6.37785548,34526
12,04,07,004,12/04/07/004,UROMI - AWO PRIMARY SCHOOL I,AMEDOKHIAN,ESAN NORTH EAST,6.72994580,6.36989134,34527
12,04,07,005,12/04/07/005,UROMI - AWO PRIMARY SCHOOL II,AMEDOKHIAN,ESAN NORTH EAST,6.72994613,6.36988639,34528
12,04,07,006,12/04/07/006,UROMI-UKONI PRIMARY SCHOOL I,AMEDOKHIAN,ESAN NORTH EAST,6.71468391,6.35770969,34529
12,04,07,007,12/04/07/007,UROMI-UKONI PRIMARY SCHOOL II,AMEDOKHIAN,ESAN NORTH EAST,6.71468529,6.35769600,34530
12,04,07,008,12/04/07/008,UROMI-UKONI PRIMARY SCHOOL III,AMEDOKHIAN,ESAN NORTH EAST,6.71470765,6.35770169,34531
12,04,07,009,12/04/07/009,UROMI-UKONI PRIMARY SCHOOL IV,AMEDOKHIAN,ESAN NORTH EAST,6.71470783,6.35769885,34532
12,04,07,010,12/04/07/010,UROMI- AMEDOKHIAN PRIMARY SCHOOL I,AMEDOKHIAN,ESAN NORTH EAST,6.71967121,6.36822567,34533
12,04,07,011,12/04/07/011,UROMI- AMEDOKHIAN PRIMARY SCHOOL II,AMEDOKHIAN,ESAN NORTH EAST,6.71967639,6.36821904,34534
12,04,07,012,12/04/07/012,UROMI- AMEDOKHIAN PRIMARY SCHOOL III,AMEDOKHIAN,ESAN NORTH EAST,6.71966796,6.36821860,34535
12,04,07,013,12/04/07/013,UROMI- AMEDOKHIAN PRIMARY SCHOOL IV,AMEDOKHIAN,ESAN NORTH EAST,6.71967160,6.36821926,34536
12,04,07,014,12/04/07/014,UROMI-IKEKEN PRIMARY SCHOOL,AMEDOKHIAN,ESAN NORTH EAST,6.71475859,6.36429088,34537
12,04,07,015,12/04/07/015,OPEN SPACE IN FRONT OF IRUELE OKO-UGHELE HALL,AMEDOKHIAN,ESAN NORTH EAST,6.72803840,6.37985160,632665
12,04,07,016,12/04/07/016,IMIOMUZA MARKET AWO,AMEDOKHIAN,ESAN NORTH EAST,6.72996000,6.36968330,632666
12,04,07,017,12/04/07/017,OPEN SPACE BY IDUMU ISOKE COMMUNITY JUNCTION,AMEDOKHIAN,ESAN NORTH EAST,6.71446840,6.36023530,632667
12,04,07,018,12/04/07/018,OPEN SPACE BY IDUMHIN-IHAMA QUARTER JUNCTION,AMEDOKHIAN,ESAN NORTH EAST,6.71794240,6.36588510,632668
12,04,07,019,12/04/07/019,"AMEDOKHIAN MARKET, BESIDE AMEDOKHIAN PRY SCHOOL",AMEDOKHIAN,ESAN NORTH EAST,6.71878020,6.36757700,632669
12,04,07,020,12/04/07/020,OPEN SPACE BY OKHEN JUNCTION,AMEDOKHIAN,ESAN NORTH EAST,6.72335160,6.34996830,632670
12,04,07,021,12/04/07/021,OPEN SPACE BY IDUMU-ESOGBAN JUNCTION,AMEDOKHIAN,ESAN NORTH EAST,6.71537210,6.36650900,632671
12,04,08,001,12/04/08/001,EFANDION -OLD ONIHA PRIMARY SCHOOL,EFANDION,ESAN NORTH EAST,6.69270164,6.33148874,34538
12,04,08,002,12/04/08/002,EFANDION - ID. AGUE PRIMARY SCHOOL I,EFANDION,ESAN NORTH EAST,6.69892518,6.33566434,34539
12,04,08,003,12/04/08/003,EFANDION - ID. AGUE PRIMARY SCHOOL II,EFANDION,ESAN NORTH EAST,6.69894275,6.33567700,34540
12,04,08,004,12/04/08/004,EFANDION-ID OBODO PRIMARY SCHOOL I,EFANDION,ESAN NORTH EAST,6.70088045,6.34012361,34541
12,04,08,005,12/04/08/005,EFANDION-ID OBODO PRIMARY SCHOOL II,EFANDION,ESAN NORTH EAST,6.70201673,6.34073281,34542
12,04,08,006,12/04/08/006,EFANDION-ATANI PRIMARY SCHOOL,EFANDION,ESAN NORTH EAST,6.68827849,6.34724442,34543
12,04,08,007,12/04/08/007,OPEN SPACE BY THE TRANSFORMER IDUMU-ONIHA,EFANDION,ESAN NORTH EAST,6.69515020,6.33237580,632675
12,04,08,008,12/04/08/008,IDUMU-AGUE TOWN HALL,EFANDION,ESAN NORTH EAST,6.69747560,6.33318940,632676
12,04,08,009,12/04/08/009,EKODIN TOWN HALL IDUMU- OBODO,EFANDION,ESAN NORTH EAST,6.69996330,6.33577020,632677
12,04,08,010,12/04/08/010,"EFANDION MARKET, OPPOSITE IDUMU-OBODO PRY SCHOOL",EFANDION,ESAN NORTH EAST,6.70036900,6.34004420,632678
12,04,08,011,12/04/08/011,"OPEN SPACE BY IDUMU-OBODO STREET JUNCTION, ALONG UROMI UBIAJA ROAD",EFANDION,ESAN NORTH EAST,6.70348860,6.33765350,632679
12,04,08,012,12/04/08/012,EFANDION PRIMARY SCHOOL,EFANDION,ESAN NORTH EAST,6.70260370,6.34055380,632680
12,04,08,013,12/04/08/013,UZEGUA COMMUNITY HALL,EFANDION,ESAN NORTH EAST,6.69884330,6.34225460,632681
12,04,08,014,12/04/08/014,OPEN SPACE BY EPAMA STREET JUNCTION,EFANDION,ESAN NORTH EAST,6.69646140,6.34286700,632682
12,04,08,015,12/04/08/015,OPEN SPACE BY COCONUT JUNCTION EFANDION,EFANDION,ESAN NORTH EAST,6.69072930,6.34586650,632683
12,04,08,016,12/04/08/016,OKOGHE TOWN HALL ATANI EFANDION,EFANDION,ESAN NORTH EAST,6.68444840,6.35011540,632684
12,04,09,001,12/04/09/001,UWALOR-UWALOR PRIMARY SCHOOL I,UWALOR,ESAN NORTH EAST,6.68127288,6.32042363,34544
12,04,09,002,12/04/09/002,UWALOR-UWALOR PRIMARY SCHOOL II,UWALOR,ESAN NORTH EAST,6.68127421,6.32042876,34545
12,04,09,003,12/04/09/003,UWALOR-ID EGBIREMONLEN PRIMARY SCHOOL I,UWALOR,ESAN NORTH EAST,6.69925931,6.30691648,34546
12,04,09,004,12/04/09/004,UWALOR-ID EGBIREMONLEN PRIMARY SCHOOL II,UWALOR,ESAN NORTH EAST,6.69925795,6.30691281,34547
12,04,09,005,12/04/09/005,UWALOR- EWOYI PRIAMARY SCHOOL I,UWALOR,ESAN NORTH EAST,6.70431417,6.31166958,34548
12,04,09,006,12/04/09/006,UWALOR- EWOYI PRIAMARY SCHOOL II,UWALOR,ESAN NORTH EAST,6.70431270,6.31166648,34549
12,04,09,007,12/04/09/007,EWOYI COMMUNITY HALL,UWALOR,ESAN NORTH EAST,6.69829400,6.30456210,632725
12,04,09,008,12/04/09/008,UKPEKO IMIOKOLO PRIMARY SCHOOL EBHOIYI,UWALOR,ESAN NORTH EAST,6.69117590,6.29977600,632726
12,04,09,009,12/04/09/009,EKO - OMONUA PRIMARY SCHOOL,UWALOR,ESAN NORTH EAST,6.70424640,6.31191850,632727
12,04,09,010,12/04/09/010,UWALOR - OKE MODERN MARKET,UWALOR,ESAN NORTH EAST,6.68147730,6.32072980,632728
12,04,09,011,12/04/09/011,OPEN SPACE BY ANGLICAN CHURCH EKO OMONUA COMMUNITY,UWALOR,ESAN NORTH EAST,6.69996610,6.31162620,632729
12,04,10,001,12/04/10/001,EWOYI - EWOYI PRIMARY SCHOOL UROMI -I,EWOYI,ESAN NORTH EAST,6.70488066,6.31366564,34550
12,04,10,002,12/04/10/002,EWOYI - EWOYI PRIMARY SCHOOL II,EWOYI,ESAN NORTH EAST,6.70487991,6.31367007,34551
12,04,10,003,12/04/10/003,EWOY - EWOYI PRIMARY SCHOOL III,EWOYI,ESAN NORTH EAST,6.70488675,6.31366414,34552
12,04,10,004,12/04/10/004,EWOY - EWOYI PRIMARY SCHOOL IV,EWOYI,ESAN NORTH EAST,6.70489246,6.31366870,34553
12,04,10,005,12/04/10/005,EWOYI- A FUDA PRIMARY SCHOOL V,EWOYI,ESAN NORTH EAST,6.70785810,6.31294529,34554
12,04,10,006,12/04/10/006,EWOYI - AFUDA PRIMARY SCHOOL VI,EWOYI,ESAN NORTH EAST,6.70785153,6.31293824,34555
12,04,10,007,12/04/10/007,EWOYI - AFUDA PRIMARY SCHOOL VII,EWOYI,ESAN NORTH EAST,6.70785713,6.31294146,34556
12,04,10,008,12/04/10/008,EWOYI - EWOYI PRIMARY SCHOOL VIII,EWOYI,ESAN NORTH EAST,6.70488579,6.31366458,34557
12,04,10,009,12/04/10/009,EWOYI - EWOYI PRIMARY SCHOOL IX,EWOYI,ESAN NORTH EAST,6.70488336,6.31367027,34558
12,04,10,010,12/04/10/010,EWOYI PRIMARY HEALTH CENTER,EWOYI,ESAN NORTH EAST,6.70282800,6.30975157,632689
12,04,10,011,12/04/10/011,EBHEBE COMMUNITY TOWN HALL,EWOYI,ESAN NORTH EAST,6.70194050,6.31792700,632690
12,04,10,012,12/04/10/012,OUR LADY OF LOURDES GIRLS' SEC SCH,EWOYI,ESAN NORTH EAST,6.71243950,6.31622890,632691
12,04,10,013,12/04/10/013,EKOHIE MARKET EWOYI,EWOYI,ESAN NORTH EAST,6.70487500,6.31862830,632692
12,04,10,014,12/04/10/014,AFUDA MARKET EWOYI,EWOYI,ESAN NORTH EAST,6.70825370,6.31431010,632693
12,04,10,015,12/04/10/015,IDUMENGENLAN PRIMARY SCHOOL,EWOYI,ESAN NORTH EAST,6.71016000,6.30752670,632694
12,04,10,016,12/04/10/016,IDIKHALA COMMUNITY  HALL,EWOYI,ESAN NORTH EAST,6.70757900,6.30991800,632695
12,04,10,017,12/04/10/017,OPEN SPACE BY IDUMU - IKHALA ROUNDABOUT,EWOYI,ESAN NORTH EAST,6.70773690,6.31002030,632696
12,04,10,018,12/04/10/018,AFUDA IDIGUN PRIMARY SCHOOL,EWOYI,ESAN NORTH EAST,6.70882570,6.31298260,632697
12,04,11,001,12/04/11/001,UBIERUMU-ID NAMA PRIMARY SCHOOL I,UBIERUMU,ESAN NORTH EAST,6.67287456,6.28625819,34559
12,04,11,002,12/04/11/002,UBIERUMU-  ID ISABA PRIMAY SCHOOL II,UBIERUMU,ESAN NORTH EAST,6.67287266,6.28626913,34560
12,04,11,003,12/04/11/003,UBIERUMU- UBIERUMU - UWA PRY. SCHOOL,UBIERUMU,ESAN NORTH EAST,6.67947947,6.28962467,34561
12,04,11,004,12/04/11/004,UBIEUMU - IDUMOZA PRIMARY SCHOOL I,UBIERUMU,ESAN NORTH EAST,6.71087754,6.29987858,34562
12,04,11,005,12/04/11/005,UBIERUMU - IDUMOZA PRIMARY SCHOOL II,UBIERUMU,ESAN NORTH EAST,6.71111403,6.29387592,34563
12,04,11,006,12/04/11/006,UBIERUMU-IDUMOZA PRIMARY SCHOOL III,UBIERUMU,ESAN NORTH EAST,6.71112051,6.29387285,34564
12,04,11,007,12/04/11/007,UBIERUMU - EKO- IBADIN PRIMARY SCHOOL,UBIERUMU,ESAN NORTH EAST,6.71112185,6.29388319,34565
12,04,11,008,12/04/11/008,UBIERUMU OKE PRIMARY HEALTH CARE CENTRE,UBIERUMU,ESAN NORTH EAST,6.67537720,6.28817710,632705
12,04,11,009,12/04/11/009,"OPEN SPACE BY IDUMOKOKO EBHOIJIE, UBIERUMU",UBIERUMU,ESAN NORTH EAST,6.70814670,6.29799690,632706
12,04,11,010,12/04/11/010,OPEN SPACE IN FRONT OF EKO-IBADIN COMMUNITY TOWN HALL,UBIERUMU,ESAN NORTH EAST,6.64350670,6.28233830,632707
12,05,01,001,12/05/01/001,OHAEKPEN/OMHEN/OLENOKHUA-EGUARE P/S I,EWOHIMI I,ESAN SOUTH EAST,6.47935382,6.32174425,34566
12,05,01,002,12/05/01/002,"OGBE/ID OGHO-ID,  OGBE PRIMARY SCHOOL",EWOHIMI I,ESAN SOUTH EAST,6.47237355,6.32393498,34567
12,05,01,003,12/05/01/003,IDIRIO - IDIRIO P/SCH.,EWOHIMI I,ESAN SOUTH EAST,6.48484814,6.33834239,34568
12,05,01,004,12/05/01/004,ID. AGHO I- OKAIGBEN P/SCHOOL,EWOHIMI I,ESAN SOUTH EAST,6.48193181,6.33511110,34569
12,05,01,005,12/05/01/005,ID. AGHO II -  OKAIGBEN P/SCH.,EWOHIMI I,ESAN SOUTH EAST,6.48192305,6.33509219,34570
12,05,01,006,12/05/01/006,ISELU QRTS/IKEMHEN/UHIE OLOGHE P/SCHOOL,EWOHIMI I,ESAN SOUTH EAST,6.48073003,6.33400587,34571
12,05,01,007,12/05/01/007,EHO/AKHA/OLOGHE-OLOGHE P/SCHOOL,EWOHIMI I,ESAN SOUTH EAST,6.48072201,6.33400410,34572
12,05,01,008,12/05/01/008,OPEN SPACE UGUOKHA PRIMARY SCHOOL,EWOHIMI I,ESAN SOUTH EAST,6.46453858,6.32936075,34573
12,05,01,009,12/05/01/009,UZEBU -UZEBU P/SCHOOL,EWOHIMI I,ESAN SOUTH EAST,6.47086548,6.35647878,34574
12,05,01,010,12/05/01/010,IDUMOBOH-OKAIGBEN SECONDARY SCHOOL,EWOHIMI I,ESAN SOUTH EAST,6.47429009,6.34751594,34575
12,05,01,011,12/05/01/011,IDUMIJIE - IDUMIJIE PRIMARY SCHOOL I,EWOHIMI I,ESAN SOUTH EAST,6.48528109,6.32342501,34576
12,05,01,012,12/05/01/012,"EGUARE P/S II, OPPOSITE PALACE ROAD, EWOHIMI",EWOHIMI I,ESAN SOUTH EAST,6.47571824,6.32123675,632747
12,05,01,013,12/05/01/013,"DISTRICT CUSTOMARY COURT, EWOHIMI.",EWOHIMI I,ESAN SOUTH EAST,6.47997408,6.32292185,632748
12,05,01,014,12/05/01/014,AGBADO MARKET EWOHIMI ALONG PALACE ROAD EWOHIMI,EWOHIMI I,ESAN SOUTH EAST,6.48298394,6.32143792,632749
12,05,01,015,12/05/01/015,IDIRIO TOWN HALL  BESIDE  IDIRIO P/SCH,EWOHIMI I,ESAN SOUTH EAST,6.48520826,6.33857992,632750
12,05,01,016,12/05/01/016,"IDUMAGHO COMMUNITY HALL, OKAIGBEN, EWOHIMI",EWOHIMI I,ESAN SOUTH EAST,6.47587085,6.34201583,632751
12,05,01,017,12/05/01/017,"IDUMU AGHO PRIMARY HEALTH CARE CENTRE, IDUMU AGHO, OKAIGBEN",EWOHIMI I,ESAN SOUTH EAST,6.47619533,6.34190384,632752
12,05,01,018,12/05/01/018,"ISELU PRIMARY SCHOOL, ISELU,  EWOHIMI",EWOHIMI I,ESAN SOUTH EAST,6.49953068,6.32823432,632753
12,05,02,001,12/05/02/001,OZOGUA/ID. OLIHA OGHU PRIMARY SCHOOL I,EWOHIMI II,ESAN SOUTH EAST,6.49251244,6.31829957,34577
12,05,02,002,12/05/02/002,IZUMEN / ID ISABA/IKHEKHE OGHU PRIMARY SCHOOL,EWOHIMI II,ESAN SOUTH EAST,6.49251113,6.31833921,34578
12,05,02,003,12/05/02/003,IZUMEN/ID.ISABA/IKHEKHE - EDO LIB. BUILDING,EWOHIMI II,ESAN SOUTH EAST,6.48594278,6.32013545,34579
12,05,02,004,12/05/02/004,ID. AGBOR I/II - ID AGBOR PRIMARY SCHOOL,EWOHIMI II,ESAN SOUTH EAST,6.50207020,6.31478676,34580
12,05,02,005,12/05/02/005,OKEDE OMON I / II-OKEDE PRIMARY SCHOOL,EWOHIMI II,ESAN SOUTH EAST,6.50848562,6.31420713,34581
12,05,02,006,12/05/02/006,OKEDE UDOH- OKEDE PRIMARY SCHOOL,EWOHIMI II,ESAN SOUTH EAST,6.50848462,6.31419831,34582
12,05,02,007,12/05/02/007,ODEDEGHE/IKEKEN/ AZAGBA / IKEKEN PRI. SCH.,EWOHIMI II,ESAN SOUTH EAST,6.50565414,6.33294568,34583
12,05,02,008,12/05/02/008,ID. IKEPIDEN/IKEKEN/ID.UGBOKA/IKEKE II-IKEKEN P/S,EWOHIMI II,ESAN SOUTH EAST,6.50566623,6.33295829,34584
12,05,02,009,12/05/02/009,ID.OGHE/ID. EDOHE/ID.EIKEN/ID.EGHE-AGADADA SEC.SCHOOL I,EWOHIMI II,ESAN SOUTH EAST,6.51611913,6.31263662,34585
12,05,02,010,12/05/02/010,ID. OGHE/ID.EDOHE/ID.EIKEN/ID.EGHE-AGADADA SEC. SCHOOL II,EWOHIMI II,ESAN SOUTH EAST,6.51612635,6.31265202,34586
12,05,02,011,12/05/02/011,OZOGUA/ ID OLIHA - OGHU PRY/SCHOOL II,EWOHIMI II,ESAN SOUTH EAST,6.49230190,6.31753094,632755
12,05,02,012,12/05/02/012,OPEN SPACE OPPOSITE AGBOR PARK. ALONG EWOHIMI AGBOR ROAD,EWOHIMI II,ESAN SOUTH EAST,6.48587719,6.31917749,632756
12,05,02,013,12/05/02/013,"OKEDE MARKET, OKEDE",EWOHIMI II,ESAN SOUTH EAST,6.50866611,6.31289475,632757
12,05,02,014,12/05/02/014,"OKEDE HEALTH CENTRE, OKEDE",EWOHIMI II,ESAN SOUTH EAST,6.50821141,6.31258998,632758
12,05,02,015,12/05/02/015,"IDUMU AGHO TOWNHALL, AGADAGA",EWOHIMI II,ESAN SOUTH EAST,6.51766348,6.31258998,632759
12,05,02,016,12/05/02/016,"AGADAGA PRIMARY SCHOOL, AGADAGA",EWOHIMI II,ESAN SOUTH EAST,6.51367914,6.31393880,632760
12,05,03,001,12/05/03/001,EGUARE/IDUMIJIE-EGUARE P/SCHOOL,EWATTO,ESAN SOUTH EAST,6.51617599,6.35536176,34587
12,05,03,002,12/05/03/002,IDINSELU/IDINEGBON-EGUARE PRI/SCHOOL I,EWATTO,ESAN SOUTH EAST,6.51618326,6.35536806,34588
12,05,03,003,12/05/03/003,IDINSELU/IDINEGBON - EGUARE PRI. SCHOOL II,EWATTO,ESAN SOUTH EAST,6.51620877,6.35536162,34589
12,05,03,004,12/05/03/004,IDUMU-IYASELE/ID. UROMI-ID. IYASELE PRI. SCHOOL I,EWATTO,ESAN SOUTH EAST,6.52917819,6.34308222,34590
12,05,03,005,12/05/03/005,UWABHURU/ABHURU/KWALE CAMP-ABHURU PR.SCH,EWATTO,ESAN SOUTH EAST,6.53775512,6.35460142,34591
12,05,03,006,12/05/03/006,IDINWE I/II - IDINWE PRI. SCHOOL,EWATTO,ESAN SOUTH EAST,6.52419708,6.35657967,34592
12,05,03,007,12/05/03/007,ID. AGBOR/OGBOKPA-ID AGBOR PRI. SCHOOL,EWATTO,ESAN SOUTH EAST,6.52236310,6.35644841,34593
12,05,03,008,12/05/03/008,EGUA-OLIHA I/EGUA  II/IDUMOBO/UHOMOEBHO- UHOMOEBHO PRIMARY SCHOOL,EWATTO,ESAN SOUTH EAST,6.50254604,6.36522525,34594
12,05,03,009,12/05/03/009,OKPO/IKHEKHE - UHOMOEBHO PRIMARY SCHOOL,EWATTO,ESAN SOUTH EAST,6.50253574,6.36523012,34595
12,05,03,010,12/05/03/010,IDUMAN/ID. EKA - EWATTO GRAMM. SCHOOL,EWATTO,ESAN SOUTH EAST,6.51610430,6.35616931,34596
12,05,03,011,12/05/03/011,IDUMU - IYASELE/ ID UROMI- IYASELE PRY SCHOOL II,EWATTO,ESAN SOUTH EAST,6.52911031,6.34381089,632745
12,05,03,012,12/05/03/012,"IDUMUAHU - IDUMU-AHU TOWN HALL, UHOMHOEBHO",EWATTO,ESAN SOUTH EAST,6.50311538,6.36493631,632746
12,05,04,001,12/05/04/001,EGUARE-UOKHUEN/ODOGBO I/II- EGUARE PRI. SCH.,OHORDUA,ESAN SOUTH EAST,6.51810922,6.40815866,34597
12,05,04,002,12/05/04/002,OGBENEKHUA I/II - EGUARE PRI. SCHOOL,OHORDUA,ESAN SOUTH EAST,6.51811549,6.40819840,34598
12,05,04,003,12/05/04/003,ID. ABIEBHOR/ID EMU/INIGUN I/II- UOKHUEN PR.SCH,OHORDUA,ESAN SOUTH EAST,6.52822941,6.41167888,34599
12,05,04,004,12/05/04/004,ABUMERE I/II/AKPOZA- SHADE IN ABUMERE ARENA,OHORDUA,ESAN SOUTH EAST,6.51589702,6.41415454,34600
12,05,04,005,12/05/04/005,OZENYEN I/II AND III- FORMER NOD SCHOOL,OHORDUA,ESAN SOUTH EAST,6.50481417,6.40745612,34601
12,05,04,006,12/05/04/006,ID. OKELA / IKUGBE/ OREKHIEBHIE ODUA PRI. SCH.,OHORDUA,ESAN SOUTH EAST,6.50149344,6.40807664,34602
12,05,04,007,12/05/04/007,URINA I / II - FORMER L.A. SCHOOL,OHORDUA,ESAN SOUTH EAST,6.49147394,6.41323595,34603
12,05,04,008,12/05/04/008,ID. OKUN/IBHIEDU/ID. OTIE I/II - IBHIEDU PRI. SCH. I,OHORDUA,ESAN SOUTH EAST,6.49220372,6.40985150,34604
12,05,04,009,12/05/04/009,IKUGBE - IBHIEDU PRI. SCHOOL,OHORDUA,ESAN SOUTH EAST,6.49221808,6.40987515,34605
12,05,04,010,12/05/04/010,"IBHIEDU, BHIEDU PRIMARY SCHOOL",OHORDUA,ESAN SOUTH EAST,6.49222954,6.40987361,34606
12,05,04,011,12/05/04/011,"OLOGUA I AND II,  OLOGUA PRIMARY SCHOOL",OHORDUA,ESAN SOUTH EAST,6.48569711,6.42844224,34607
12,05,04,012,12/05/04/012,ID OKUN/ IBHIEDU/ ID OTIE 1/11 - IBHIEDU PRI SCHOOL II -  OPPOSITE MARKET,OHORDUA,ESAN SOUTH EAST,6.49279292,6.40998267,632772
12,05,05,001,12/05/05/001,EKO-INYEDILEN/UGBOLO-INYENLEN PRI. SCHOOL I,EMU,ESAN SOUTH EAST,6.50618355,6.57196063,34608
12,05,05,002,12/05/05/002,OROWA - OROWA PRI. SCHOOL I,EMU,ESAN SOUTH EAST,6.50649612,6.53839848,34609
12,05,05,003,12/05/05/003,IBHIO/EKE/OBODOGUN/EKO - OJIEMUEHIN / OBODIGBO-EMUNEKHUA PRI. SCHOOL I,EMU,ESAN SOUTH EAST,6.50495769,6.47278945,34610
12,05,05,004,12/05/05/004,IDUMAGALE/UNEMEN/EMUA/AUMAN EGUARE P/SCH I,EMU,ESAN SOUTH EAST,6.55960530,6.46525975,34611
12,05,05,005,12/05/05/005,EGUARE I/II - EGUARE PRI. SCHOOL,EMU,ESAN SOUTH EAST,6.55955384,6.46529947,34612
12,05,05,006,12/05/05/006,ID.OGBE/INEMEN/AKHIOMEN UGUN/OBOLO-USOLO PRI. SCHOOL,EMU,ESAN SOUTH EAST,6.54894205,6.43309858,34613
12,05,05,007,12/05/05/007,ID-OSE/ODOGBE/OKEDE I/II - IBHIADA PRI. SCHOOL I,EMU,ESAN SOUTH EAST,6.54209357,6.43100480,34614
12,05,05,008,12/05/05/008,EGUARE - OKHUESAN- FORMER L.A. SCHOOL  I,EMU,ESAN SOUTH EAST,6.60890959,6.40476901,34615
12,05,05,009,12/05/05/009,EGUARE - OKHUESAN- FORMER L.A. SCHOOL    II,EMU,ESAN SOUTH EAST,6.60851535,6.40500977,34616
12,05,05,010,12/05/05/010,IKIALA I/II/IDEKHUAN I/II - OKHUESAN PRI. SCHOOL I,EMU,ESAN SOUTH EAST,6.61380549,6.40375559,34617
12,05,05,011,12/05/05/011,ID. OGUA/ID.ISO-IKEKEN PRI. SCHOOL I,EMU,ESAN SOUTH EAST,6.62760837,6.47030914,34618
12,05,05,012,12/05/05/012,EKO-INYEDILEN/ UGBOLO-  INYENLEN PRI SCHOOL II,EMU,ESAN SOUTH EAST,6.50501797,6.57178055,632733
12,05,05,013,12/05/05/013,OROWA - OROWA PRY SCHOOL II,EMU,ESAN SOUTH EAST,6.50618610,6.53854050,632734
12,05,05,014,12/05/05/014,IBHIO/EKE/OBODOGUN/EKO-OJIEMUEHIN/OBODIGBO- EMUNEKHUA PRY SCHOOL II,EMU,ESAN SOUTH EAST,6.50542556,6.47337969,632735
12,05,05,015,12/05/05/015,IDUMAGBALE/INEMEN/EMUA/AUMAN EGUARE P/SCH II - ALONG EGUARE ROAD,EMU,ESAN SOUTH EAST,6.56090251,6.46567237,632736
12,05,05,016,12/05/05/016,"ORAKHUAN HEALTH CENTRE, EGUARE EMU",EMU,ESAN SOUTH EAST,6.55928240,6.46306124,632737
12,05,05,017,12/05/05/017,EGUARE TOWN HALL  EMU,EMU,ESAN SOUTH EAST,6.55731389,6.46120012,632738
12,05,05,018,12/05/05/018,"UGUN MARKET, EMU",EMU,ESAN SOUTH EAST,6.49279292,6.40998267,632739
12,05,05,019,12/05/05/019,"EMU PRIMARY HEALTH CENTRE, EMU",EMU,ESAN SOUTH EAST,6.55488871,6.33065760,632740
12,05,05,020,12/05/05/020,"ID OSE/ODOGBE/OKEDE I/II - IBHIADA PRY SCHOOL II, IBHIADA",EMU,ESAN SOUTH EAST,6.54215606,6.43142726,632741
12,05,05,021,12/05/05/021,"IBHIADA MARKET, IBHIADA ALONG IBHIADA ROAD",EMU,ESAN SOUTH EAST,6.53992600,6.43405080,632742
12,05,05,022,12/05/05/022,IKHIALA 1/II/IDEKHUAN I/II- OKHUESAN PRY SCHOOL II (12/05/05/022) OKHUESAN/ UBIAJA ROAD,EMU,ESAN SOUTH EAST,6.61255926,6.40437618,632743
12,05,05,023,12/05/05/023,ID OGUA/ID ISO - IKEKEN PRY SCHOOL II,EMU,ESAN SOUTH EAST,6.62786647,6.47133853,632744
12,05,06,001,12/05/06/001,"EGUARE, IKOGBE I/II - CENTRAL PRIMARY SCHOOL",UBIAJA I,ESAN SOUTH EAST,6.65284007,6.38675826,34619
12,05,06,002,12/05/06/002,MAIN EGUARE- CENTRAL PRIMARY SCHOOL,UBIAJA I,ESAN SOUTH EAST,6.65284298,6.38677865,34620
12,05,06,003,12/05/06/003,"EGUARE, IKOGBE I/II - CENTRAL PRI. SCHOOL MAIN EGUARE",UBIAJA I,ESAN SOUTH EAST,6.65284165,6.38676137,34621
12,05,06,004,12/05/06/004,MAIN EGUARE II/UKPOLE- CENTRAL PRI. SCHOOL,UBIAJA I,ESAN SOUTH EAST,6.65284649,6.38675328,34622
12,05,06,005,12/05/06/005,EGUARE I/II - CENTRAL PRI. SCHOOL,UBIAJA I,ESAN SOUTH EAST,6.65283226,6.38676876,34623
12,05,06,006,12/05/06/006,"GRA, - COUNCIL HALL, GRA",UBIAJA I,ESAN SOUTH EAST,6.64146767,6.39023936,34624
12,05,06,007,12/05/06/007,MAIN EBHURU I/II/COMM AVENUE/-EDO LIB BUILDING I,UBIAJA I,ESAN SOUTH EAST,6.64648851,6.38734454,34625
12,05,06,008,12/05/06/008,UKOHA/ORHUEN- ORHUEN PRIMARY SCHOOL,UBIAJA I,ESAN SOUTH EAST,6.65923726,6.38124059,34626
12,05,06,009,12/05/06/009,OGBENI I/II -OBIAZA GIRL'S SCHOOL I,UBIAJA I,ESAN SOUTH EAST,6.65080072,6.37068678,34627
12,05,06,010,12/05/06/010,OYOMON I/II - SACRED HEART DEM. SCHOOL I,UBIAJA I,ESAN SOUTH EAST,6.65925862,6.37070219,34628
12,05,06,011,12/05/06/011,"OYOMON I AND II, SACRED HEART DEM",UBIAJA I,ESAN SOUTH EAST,6.65924233,6.37071778,34629
12,05,06,012,12/05/06/012,ID. OWEME/ID.OGBEBOR/IGUISI/ID EHAN/ID OSODIN - OGHENYEN PRIMARY SCHOOL I,UBIAJA I,ESAN SOUTH EAST,6.65895715,6.39113281,34630
12,05,06,013,12/05/06/013,ID. OWEME/ID.OGBEBOR/IGUISI/ID. EHAN/ID. OSODIN OGHENYEN PRIMARY SCHOOL II,UBIAJA I,ESAN SOUTH EAST,6.65894377,6.39110925,34631
12,05,06,014,12/05/06/014,"JUDICIARY, AREA CUSTOMARY COURT, UBIAJA  MISSION ROAD",UBIAJA I,ESAN SOUTH EAST,6.65570934,6.38502203,632773
12,05,06,015,12/05/06/015,"UBIAJA PRIMARY HEALTH CENTRE , UBIAJA",UBIAJA I,ESAN SOUTH EAST,6.65585826,6.38453387,632774
12,05,06,016,12/05/06/016,"OLD DSS BUILDING, GRA COUNCIL HALL. GRA II",UBIAJA I,ESAN SOUTH EAST,6.64472510,6.38696998,632775
12,05,06,017,12/05/06/017,EDO LIB BUILDING II,UBIAJA I,ESAN SOUTH EAST,6.64639654,6.38791177,632776
12,05,06,018,12/05/06/018,SAINT JOHN BOSCO SECONDARY SCHOOL UBIAJA,UBIAJA I,ESAN SOUTH EAST,6.66197444,6.38294533,632777
12,05,06,019,12/05/06/019,OBIAZA GIRLS SCH. II,UBIAJA I,ESAN SOUTH EAST,6.65022496,6.36979513,632778
12,05,06,020,12/05/06/020,OYOMON SACRED HEART DEM PRI SCH II,UBIAJA I,ESAN SOUTH EAST,6.65968498,6.37067355,632779
12,05,06,021,12/05/06/021,"OGHENYEN PRY SCHOOL III, OGBENYEN",UBIAJA I,ESAN SOUTH EAST,6.65815045,6.39061879,632780
12,05,07,001,12/05/07/001,ID. OGHU/UHE/ID. EBON OGHEYEN PRIMARY SCHOOL I,UBIAJA II,ESAN SOUTH EAST,6.65895153,6.39113176,34632
12,05,07,002,12/05/07/002,ID. OGHU/UHE/ID. EBON OGHEYEN PRIMARY SCHOOL II,UBIAJA II,ESAN SOUTH EAST,6.65894165,6.39113466,34633
12,05,07,003,12/05/07/003,"ID. OHANLEN/HAUSA QRTS/UKPAJA, UKPAJA PRIMARY SCHOOL I",UBIAJA II,ESAN SOUTH EAST,6.65104433,6.39927195,34634
12,05,07,004,12/05/07/004,"ID. OHANLEN/HAUSA QRTS/UKPAJA,  UKPAJA PRI MARY SCHOOL II",UBIAJA II,ESAN SOUTH EAST,6.65105889,6.39926882,34635
12,05,07,005,12/05/07/005,"UKHUAN LEN,  UKHUANLEN PRIMARY SCHOOL",UBIAJA II,ESAN SOUTH EAST,6.64816308,6.43664064,34636
12,05,07,006,12/05/07/006,"AHIA , AHIA PRIMARY SCHOOL I",UBIAJA II,ESAN SOUTH EAST,6.64550765,6.45386636,34637
12,05,07,007,12/05/07/007,"AHIA,  AHIA PRIMARY SCHOOL II",UBIAJA II,ESAN SOUTH EAST,6.64552911,6.45386871,34638
12,05,07,008,12/05/07/008,"UDAKPA,  UDAKPA PRIMARY SCHOOL I",UBIAJA II,ESAN SOUTH EAST,6.64813000,6.46398677,34639
12,05,07,009,12/05/07/009,"EKO-OGHENYEN, EKO-OGHENYEN PRIMARY SCHOOL",UBIAJA II,ESAN SOUTH EAST,6.62828459,6.45935686,34640
12,05,07,010,12/05/07/010,"EKO-OBEKOR,  EKO-OBEKOR PRIMARY SCHOOL",UBIAJA II,ESAN SOUTH EAST,6.68100365,6.42683803,34641
12,05,07,011,12/05/07/011,ID OGHU/UHE /ID EBON OGHENYEN PRY SCH FIELD III,UBIAJA II,ESAN SOUTH EAST,6.65943655,6.39177576,632781
12,05,07,012,12/05/07/012,"UKPAJA PRIMARY HEALTH CARE CENTRE, UKPAJA ROAD",UBIAJA II,ESAN SOUTH EAST,6.65055632,6.40264783,632782
12,05,07,013,12/05/07/013,ESAN SOUTH EAST LOCAL GOVERNMENT EDUCATION AUTHORITY,UBIAJA II,ESAN SOUTH EAST,6.64893850,6.39551651,632783
12,05,07,014,12/05/07/014,"UBIAJA COMMUNITY SECONDARY SCHOOL I, UBIAJA, UKPAJA ROAD",UBIAJA II,ESAN SOUTH EAST,6.64928384,6.40123830,632784
12,05,07,015,12/05/07/015,"UBIAJA COMMUNITY SECONDARY SCHOOL II, UBIAJA",UBIAJA II,ESAN SOUTH EAST,6.64925156,6.40202153,632785
12,05,07,016,12/05/07/016,UDAKPA PRY SCHOOL II,UBIAJA II,ESAN SOUTH EAST,6.64907837,6.46375492,632786
12,05,08,001,12/05/08/001,"EGUARE/IGOH/UHOLE,  ORIA PRIMARY SCHOOL",ILLUSHI I,ESAN SOUTH EAST,6.67873710,6.50893147,34642
12,05,08,002,12/05/08/002,"OGBOKPA I AND II,  ORIA PRIMARY SCHOOL",ILLUSHI I,ESAN SOUTH EAST,6.67873099,6.50896615,34643
12,05,08,003,12/05/08/003,OMAKUN/ASIN/ALFRED OKOYOMON/UGBOHA CAMPS/EKO-ORIA PRIMARY SCHOOL,ILLUSHI I,ESAN SOUTH EAST,6.69874237,6.54923029,34644
12,05,08,004,12/05/08/004,"EGUARE ONOGHOLO/ID. OSOGBO/ID. EWELE/IBO CAMPS, ONOGHOLO PRIMARY SCHOOL I",ILLUSHI I,ESAN SOUTH EAST,6.65991590,6.49790494,34645
12,05,08,005,12/05/08/005,"EGUARE ONOGHOLO/ID. OSOGBO/ID. EWELE/IBO CAMPS,  ONOGHOLO PRIMARY SCHOOL II",ILLUSHI I,ESAN SOUTH EAST,6.65993223,6.49791526,34646
12,05,08,006,12/05/08/006,IDIEKE/EFUEFE/OCHECHE/AJAM UROH PRIMARY SCHOOL I,ILLUSHI I,ESAN SOUTH EAST,6.55341136,6.60929114,34647
12,05,08,007,12/05/08/007,ATOWO SHADE OPPOSITE ELDER MAIL,ILLUSHI I,ESAN SOUTH EAST,6.52503785,6.66232132,34648
12,05,08,008,12/05/08/008,IDEGWUME/OKPULIU OKPOKPORO PRIMARY SCHOOL I,ILLUSHI I,ESAN SOUTH EAST,6.58309018,6.65686410,34649
12,05,08,009,12/05/08/009,"EGUARE ONOGHOLO/ID.OSOGBO ID.EWELE/IBO CAMPS, ONOGHOLO PRIMARY SCHOOL III, ONOGHOLO",ILLUSHI I,ESAN SOUTH EAST,6.65986014,6.49244514,632761
12,05,08,010,12/05/08/010,IDIEKE/EFUEF/OCHECHE/AJAM UROH PRIMARY SCHOOL II,ILLUSHI I,ESAN SOUTH EAST,6.55359001,6.60944179,632762
12,05,08,011,12/05/08/011,IDIEKE/ EFUEFE/CHECHE/AJAM UROH PRIMARY SCHOOL III,ILLUSHI I,ESAN SOUTH EAST,6.55376488,6.60962183,632763
12,05,08,012,12/05/08/012,ID. GWUME / OKPULIU OKPOKPORO PRIMARY SCHOOL II,ILLUSHI I,ESAN SOUTH EAST,6.58527341,6.65569011,632764
12,05,09,001,12/05/09/001,OKWOSHIMILI/ONYMA/ADAGU/IYEGBI/OWON IFEKU ISLAND PRIMARY SCHOOL I,ILLUSHI II,ESAN SOUTH EAST,6.75326828,6.61795823,34650
12,05,09,002,12/05/09/002,UKPODO/ALLAH SHADE IN ALLAN I,ILLUSHI II,ESAN SOUTH EAST,6.75611520,6.62744589,34651
12,05,09,003,12/05/09/003,"OKPATAWOH, OKPATOWO TOWN HALL I",ILLUSHI II,ESAN SOUTH EAST,6.78169848,6.62209813,34652
12,05,09,004,12/05/09/004,ESAN QRTS I AND II/OZIGONO OLD COURT HALL,ILLUSHI II,ESAN SOUTH EAST,6.67091023,6.62896612,34653
12,05,09,005,12/05/09/005,NIGER BANK PRY SCHOOL,ILLUSHI II,ESAN SOUTH EAST,6.66553078,6.63123230,34654
12,05,09,006,12/05/09/006,"ESAN QRTS I AND II,  NIGER BANK PRIMARY SCHOOL I",ILLUSHI II,ESAN SOUTH EAST,6.67158595,6.62856835,34655
12,05,09,010,12/05/09/010,"OZIGONO MARKET, OZIGONO",ILLUSHI II,ESAN SOUTH EAST,6.67115817,6.62886500,632768
12,05,09,011,12/05/09/011,"ILLUSHI SECONDARY SCHOOL, ILLUSHI",ILLUSHI II,ESAN SOUTH EAST,6.67059020,6.61981640,632769
12,05,09,012,12/05/09/012,"AKPALAGI MARKET, ILLUSHI",ILLUSHI II,ESAN SOUTH EAST,6.67229140,6.61971730,632770
12,05,09,013,12/05/09/013,"ESAN QTR, I&II NIGER BANK PRIMARY SCHOOL II",ILLUSHI II,ESAN SOUTH EAST,6.66503015,6.63096685,632771
12,05,10,001,12/05/10/001,"EGUARE UKATO, COURT HALL EGUARE",UGBOHA,ESAN SOUTH EAST,6.73323898,6.45791855,34656
12,05,10,002,12/05/10/002,"EGUARE NONKHUA/EGUARE NONKOTOR,  OLD LA. SCH. EGUARE I",UGBOHA,ESAN SOUTH EAST,6.73800369,6.46482637,34657
12,05,10,003,12/05/10/003,IDUMU ABEKHAE/ID.ENEMAN IZENEBI/AFUDA/ID. OSO/ID.IHAZA EMAUDO PRIMARY SCHOOL I,UGBOHA,ESAN SOUTH EAST,6.74086547,6.46179125,34658
12,05,10,004,12/05/10/004,"IDASUN/ID.ABU, ADAVA PRIMARY SCHOOL I",UGBOHA,ESAN SOUTH EAST,6.75343911,6.45950999,34659
12,05,10,005,12/05/10/005,OHUMEDE/ID. ANENI/UKBOKE EGBENE/UION ST. FRANCIS CATHOLIC SCHOOL I,UGBOHA,ESAN SOUTH EAST,6.74926360,6.46632621,34660
12,05,10,006,12/05/10/006,"ODAGBOR/OYOMON,  OLD L.A. SCHOOL",UGBOHA,ESAN SOUTH EAST,6.74587146,6.46844351,34661
12,05,10,007,12/05/10/007,"AKUBOR ESOGBA,  OLD L.A. SCHOOL",UGBOHA,ESAN SOUTH EAST,6.74587579,6.46852502,34662
12,05,10,008,12/05/10/008,"AMALO/ANEMENE/EKO-ODOMU, AMAL PRIMARY SCHOOL",UGBOHA,ESAN SOUTH EAST,6.72798741,6.44091518,34663
12,05,10,009,12/05/10/009,"ABUGHO/ID.OLOGHO/ID.OKE/IDEGUN,  UZOGBON PRIMARY SCHOOL I",UGBOHA,ESAN SOUTH EAST,6.75343437,6.45954817,34664
12,05,10,010,12/05/10/010,ID. ESAN/EGHE/EMULE/ID NEKA/EKO-OGBEIDE MAIN OTOKHIMHIN PRY. SCHOOL I,UGBOHA,ESAN SOUTH EAST,6.75653858,6.46019983,34665
12,05,10,011,12/05/10/011,EQUARE PRI. SCH (OLD LA SCH EGUARE) II,UGBOHA,ESAN SOUTH EAST,6.73799091,6.46430846,632787
12,05,10,012,12/05/10/012,IDUMU ABEKHAE/ ID ENEMAN IZENEBI/ AFUDA/ IDI OSO/ ID IHAZA EMUADO PRIMARY SCHOOL II,UGBOHA,ESAN SOUTH EAST,6.74101518,6.46018524,632788
12,05,10,013,12/05/10/013,"IDASUN/ ID ABU, ADAVA PRIMARY SCHOOL II, ADAVA",UGBOHA,ESAN SOUTH EAST,6.74919356,6.46113239,632789
12,05,10,014,12/05/10/014,OHUMEDE/ID AND I/ UGBOKE EVBENE/ UNION ST FRANCIS CATHOLIC SCHOOL.II,UGBOHA,ESAN SOUTH EAST,6.74863653,6.46607906,632790
12,05,10,015,12/05/10/015,ABUGHO/ ID OLOGHO/ ID OKE/ IDEGUN UZOGBON PRIMARY SCHOOL II,UGBOHA,ESAN SOUTH EAST,6.75338842,6.45873886,632791
12,05,10,016,12/05/10/016,"ID ESAN/ EGHE/ EMULE/ ID NEKA / EKO- OGBEIDE MAIN OTOKHINMHIN PRY SCHOOL II, UGBOHA",UGBOHA,ESAN SOUTH EAST,6.75671823,6.45164388,632792
12,06,01,001,12/06/01/001,OGWA - UKPOGO PRIMARY SCHOOL I,OGWA,ESAN WEST,6.50812504,6.21374040,34666
12,06,01,002,12/06/01/002,OGWA -UKPOGO PRIMARY SCHOOL II,OGWA,ESAN WEST,6.50811358,6.21376623,34667
12,06,01,003,12/06/01/003,OGWA - UGHE SQUARE,OGWA,ESAN WEST,6.50544147,6.22110383,34668
12,06,01,004,12/06/01/004,OGWA - APOSTOLIC SCHOOL,OGWA,ESAN WEST,6.50366583,6.21749615,34669
12,06,01,005,12/06/01/005,OGWA - EGUARE PRIMARY SCHOOL I,OGWA,ESAN WEST,6.50546698,6.21013694,34670
12,06,01,006,12/06/01/006,OGWA - EGUARE PRIMARY SCHOOL II,OGWA,ESAN WEST,6.50546953,6.21014612,34671
12,06,01,007,12/06/01/007,OGWA- IDUMIGIE UGHE,OGWA,ESAN WEST,6.50906166,6.20488132,34672
12,06,01,008,12/06/01/008,OGWA - LOWER - IZOGEN I,OGWA,ESAN WEST,6.50095407,6.20646506,34673
12,06,01,009,12/06/01/009,OGWA- UPPER - IZOGEN II,OGWA,ESAN WEST,6.57239545,6.15300436,34674
12,06,01,010,12/06/01/010,OGWA - COURT HALL,OGWA,ESAN WEST,6.50826834,6.20662355,34675
12,06,02,001,12/06/02/001,UJIOGBA - UJIOGBA SEC. SECHOOL,UJIOGBA,ESAN WEST,6.52500781,6.13832579,34676
12,06,02,002,12/06/02/002,UJIOGBA - EGUARE PRIMARY SCHOOL I,UJIOGBA,ESAN WEST,6.52833356,6.14720131,34677
12,06,02,003,12/06/02/003,UJIOGBA - EGUARE PRIMARY SCHOOL II,UJIOGBA,ESAN WEST,6.52833473,6.14720546,34678
12,06,02,004,12/06/02/004,UJIOGBA - UKPATO PRIMARY SCHOOL I,UJIOGBA,ESAN WEST,6.53226533,6.14749603,34679
12,06,02,005,12/06/02/005,UJIOGBA - UKPATO PRIMARY SCHOOL II,UJIOGBA,ESAN WEST,6.53226008,6.14751024,34680
12,06,02,006,12/06/02/006,UJIOGBA - ID OBOH UNIOGBA  I,UJIOGBA,ESAN WEST,6.53077926,6.15015631,34681
12,06,02,007,12/06/02/007,UJIOGBA - ID OBOH UNIOGBA  II,UJIOGBA,ESAN WEST,6.53413264,6.14866685,34682
12,06,02,008,12/06/02/008,UJIOGBA - OAKHINA CAMP,UJIOGBA,ESAN WEST,6.51906096,6.10886768,34683
12,06,02,009,12/06/02/009,UJIOGBA - EBUTTE (UJIOGBA),UJIOGBA,ESAN WEST,6.46601587,6.11101955,34684
12,06,03,001,12/06/03/001,IDOA-IDOA PRIMARY SCHOOL,EGORO/IDOA/UKHUN,ESAN WEST,6.81143148,6.22317264,34685
12,06,03,002,12/06/03/002,UKHUN - UKHUN PRIMARY SCHOOL,EGORO/IDOA/UKHUN,ESAN WEST,6.80559712,6.17572775,34686
12,06,03,003,12/06/03/003,UKHUN - FARM SETTLEMENT,EGORO/IDOA/UKHUN,ESAN WEST,6.81938597,6.13943210,34687
12,06,03,004,12/06/03/004,EGORO- EGORO NAOKA PRIMARY SCHOOL I,EGORO/IDOA/UKHUN,ESAN WEST,6.61518299,6.15945470,34688
12,06,03,005,12/06/03/005,EGORO - EGORO NAOKA PRIMARY SCHOOL II,EGORO/IDOA/UKHUN,ESAN WEST,6.61517651,6.15943983,34689
12,06,03,006,12/06/03/006,EGORO -EGUARE PRIMARY SCHOOL I,EGORO/IDOA/UKHUN,ESAN WEST,6.77261936,6.07925259,34690
12,06,03,007,12/06/03/007,EGORO - AMEDE PRIMARY SCHOOL II,EGORO/IDOA/UKHUN,ESAN WEST,6.77866716,6.10466823,34691
12,06,03,008,12/06/03/008,EGORO - IKHIDUE HALL,EGORO/IDOA/UKHUN,ESAN WEST,6.75662339,6.08874133,34692
12,06,03,009,12/06/03/009,EGORO - ORE EDE-OLE,EGORO/IDOA/UKHUN,ESAN WEST,6.77926157,6.06433024,34693
12,06,04,001,12/06/04/001,EKPOMA - EMIALA PRIMARY SCHOOL I,EMAUDO/ EGUARE/ EKPOMA,ESAN WEST,6.73421245,6.14846393,34694
12,06,04,002,12/06/04/002,EKPOMA - EMIALA PRIMARY SCHOOL II,EMAUDO/ EGUARE/ EKPOMA,ESAN WEST,6.73421684,6.14846433,34695
12,06,04,003,12/06/04/003,EKPOMA - EMIALA PRIMARY SCHOOL III,EMAUDO/ EGUARE/ EKPOMA,ESAN WEST,6.73421399,6.14846898,34696
12,06,04,004,12/06/04/004,EKPOMA - UWENLEBO TOWN HALL,EMAUDO/ EGUARE/ EKPOMA,ESAN WEST,6.73766264,6.14727818,34697
12,06,04,005,12/06/04/005,EKPOMA EGUARE PRIMARY SCHOOL I,EMAUDO/ EGUARE/ EKPOMA,ESAN WEST,6.74322754,6.14378762,34698
12,06,04,006,12/06/04/006,EKPOMA EGUARE PRIMARY SCHOOL II,EMAUDO/ EGUARE/ EKPOMA,ESAN WEST,6.74316398,6.14379846,34699
12,06,04,007,12/06/04/007,EKPOMA EGUARE PRIMARY SCHOOL III,EMAUDO/ EGUARE/ EKPOMA,ESAN WEST,6.74319375,6.14382462,34700
12,06,04,008,12/06/04/008,EKPOMA EGUARE PRIMARY SCHOOL IV,EMAUDO/ EGUARE/ EKPOMA,ESAN WEST,6.74317936,6.14382282,34701
12,06,04,009,12/06/04/009,EKPOMA - UWENDOVA PRIMARY SCHOOL I,EMAUDO/ EGUARE/ EKPOMA,ESAN WEST,6.74258984,6.13926431,34702
12,06,04,010,12/06/04/010,EKPOMA - UWENDOVA PRIMARY SCHOOL II,EMAUDO/ EGUARE/ EKPOMA,ESAN WEST,6.74259894,6.13924288,34703
12,06,04,011,12/06/04/011,EKPOMA - UWENDOVA PRIMARY SCHOOL III,EMAUDO/ EGUARE/ EKPOMA,ESAN WEST,6.74259761,6.13925156,34704
12,06,04,012,12/06/04/012,EKPOMA - UKPUGHELE PRIMARY SCHOOL IV,EMAUDO/ EGUARE/ EKPOMA,ESAN WEST,6.74418490,6.13747088,34705
12,06,04,013,12/06/04/013,EKPOMA - SCHOOL OF AGRIC,EMAUDO/ EGUARE/ EKPOMA,ESAN WEST,6.74510331,6.13035907,34706
12,06,04,014,12/06/04/014,EKPOMA - EMAUDO PRIMARY SCHOOL I,EMAUDO/ EGUARE/ EKPOMA,ESAN WEST,6.74787144,6.13654209,34707
12,06,04,015,12/06/04/015,EKPOMA- EMAUDO PRIMARY SCHOL II,EMAUDO/ EGUARE/ EKPOMA,ESAN WEST,6.74788633,6.13653174,34708
12,06,04,016,12/06/04/016,EKPOMA - EMAUDO PRIMARY SCHOOL III,EMAUDO/ EGUARE/ EKPOMA,ESAN WEST,6.74787727,6.13654528,34709
12,06,05,001,12/06/05/001,IHUMUDUMU - IHUMUDUMU PRIMARY SCHOOL I,IHUNMUDUMU/IDUMEBO/UKE/UJEMEN,ESAN WEST,6.74599708,6.10962285,34710
12,06,05,002,12/06/05/002,IHUMUDUMU -  IHUMUDUMU PRIMARY SCHOOL II,IHUNMUDUMU/IDUMEBO/UKE/UJEMEN,ESAN WEST,6.74600823,6.10963049,34711
12,06,05,003,12/06/05/003,IHUMUDUMU -  IHUMUDUMU PRIMARY SCHOOL III,IHUNMUDUMU/IDUMEBO/UKE/UJEMEN,ESAN WEST,6.74600755,6.10963347,34712
12,06,05,004,12/06/05/004,UKE - UKE PRIMARY SCHOOL,IHUNMUDUMU/IDUMEBO/UKE/UJEMEN,ESAN WEST,6.73334832,6.10111217,34713
12,06,05,005,12/06/05/005,IDUMEBO - IDUMEBO PRIMARY SCHOOL I,IHUNMUDUMU/IDUMEBO/UKE/UJEMEN,ESAN WEST,6.75044003,6.09136121,34714
12,06,05,006,12/06/05/006,IDUMEBO - IDUMEBO PRIMARY SCHOOL II,IHUNMUDUMU/IDUMEBO/UKE/UJEMEN,ESAN WEST,6.75043121,6.09135713,34715
12,06,05,007,12/06/05/007,UJEME - UJEME PRIMARY SCHOOL I,IHUNMUDUMU/IDUMEBO/UKE/UJEMEN,ESAN WEST,6.75114870,6.08320695,34716
12,06,05,008,12/06/05/008,UJEME - UJEME PRIMARY SCHOOL II,IHUNMUDUMU/IDUMEBO/UKE/UJEMEN,ESAN WEST,6.75114279,6.08321001,34717
12,06,05,009,12/06/05/009,UJEME - UJEME PRIMARY SCHOOL III,IHUNMUDUMU/IDUMEBO/UKE/UJEMEN,ESAN WEST,6.75114040,6.08320579,34718
12,06,05,010,12/06/05/010,UJEME - UJEME PRIMARY SCHOOL IV,IHUNMUDUMU/IDUMEBO/UKE/UJEMEN,ESAN WEST,6.75114093,6.08321058,34719
12,06,06,001,12/06/06/001,IRUEKPEN - ABIA PRIMARY SCHOOL I,IRUEKPEN,ESAN WEST,6.75298825,6.06913658,34720
12,06,06,002,12/06/06/002,IRUEKPEN - ABIA PRIMARY SCHOOL II,IRUEKPEN,ESAN WEST,6.75298190,6.06913574,34721
12,06,06,003,12/06/06/003,IRUEKPEN- CENTRAL PRIMARY SCHOOL I,IRUEKPEN,ESAN WEST,6.75800692,6.05327751,34722
12,06,06,004,12/06/06/004,IRUEKPEN- CENTRAL PRIMARY SCHOOL II,IRUEKPEN,ESAN WEST,6.75800304,6.05325505,34723
12,06,06,005,12/06/06/005,IRUEKPEN- CENTRAL PRIMARY SCHOOL III,IRUEKPEN,ESAN WEST,6.75801386,6.05324545,34724
12,06,06,006,12/06/06/006,IRUEKPEN - OGBOMOIDE PRIMARY SCHOOL I,IRUEKPEN,ESAN WEST,6.75427203,6.04962359,34725
12,06,06,007,12/06/06/007,IRUEKPEN - OGBOMOIDE PRIMARY SCHOOL II,IRUEKPEN,ESAN WEST,6.75361208,6.04978764,34726
12,06,06,008,12/06/06/008,IRUEKPEN - OGBOMOIDE PRIMARY SCHOOL III,IRUEKPEN,ESAN WEST,6.75380304,6.04978859,34727
12,06,06,009,12/06/06/009,IRUEKPEN - UGHODIN PRIMARY SCHOOL I,IRUEKPEN,ESAN WEST,6.75365517,6.04599740,34728
12,06,06,010,12/06/06/010,IRUEKPEN - UGHODIN PRIMARY SCHOOL II,IRUEKPEN,ESAN WEST,6.75366242,6.04599297,34729
12,06,06,011,12/06/06/011,IRUEKPEN - IRUEKPEN GRAM. SCHOOL I,IRUEKPEN,ESAN WEST,6.76235945,6.04919729,34730
12,06,06,012,12/06/06/012,IRUEKPEN - IRUEKPEN GRAM. SCHOOL II,IRUEKPEN,ESAN WEST,6.76233685,6.04927277,34731
12,06,06,013,12/06/06/013,IRUEKPEN - IRUEKPEN GRAM. SCHOOL III,IRUEKPEN,ESAN WEST,6.76234188,6.04928579,34732
12,06,06,014,12/06/06/014,IRUEKPEN TOWN HALL,IRUEKPEN,ESAN WEST,6.75522600,6.05359700,632856
12,06,07,001,12/06/07/001,EMUHI - EMUHI PRIMARY SCHOOL,EMUHI/ UKPENU/ UJOELEN/IGOR,ESAN WEST,6.68526321,6.10557462,34733
12,06,07,002,12/06/07/002,EMUHI - UVUE TOWN HALL I,EMUHI/ UKPENU/ UJOELEN/IGOR,ESAN WEST,6.68921725,6.10264407,34734
12,06,07,003,12/06/07/003,EMUHI - UVUETOWN HALL II,EMUHI/ UKPENU/ UJOELEN/IGOR,ESAN WEST,6.68526260,6.10555811,34735
12,06,07,004,12/06/07/004,IGOR - IGOR PRIMARY SCHOOL,EMUHI/ UKPENU/ UJOELEN/IGOR,ESAN WEST,6.68795465,6.10345579,34736
12,06,07,005,12/06/07/005,EMUHI - UDO-EKI PRIMARY SCHOOL,EMUHI/ UKPENU/ UJOELEN/IGOR,ESAN WEST,6.68314498,6.09915154,34737
12,06,07,006,12/06/07/006,EMUHI - IDUMUNEGBON TOWN HALL,EMUHI/ UKPENU/ UJOELEN/IGOR,ESAN WEST,6.68825598,6.10606657,34738
12,06,07,007,12/06/07/007,UKPENU - UKPENU PRIMARY SCHOOL I,EMUHI/ UKPENU/ UJOELEN/IGOR,ESAN WEST,6.73125352,6.12397854,34739
12,06,07,008,12/06/07/008,UKPENU - UKPENU PRIMARY SCHOOL II,EMUHI/ UKPENU/ UJOELEN/IGOR,ESAN WEST,6.73125640,6.12397993,34740
12,06,07,009,12/06/07/009,UKPENU - UKPENU PRIMARY SCHOOL III,EMUHI/ UKPENU/ UJOELEN/IGOR,ESAN WEST,6.73125071,6.12397860,34741
12,06,07,010,12/06/07/010,UKPENU - UKPENU TOWN HALL,EMUHI/ UKPENU/ UJOELEN/IGOR,ESAN WEST,6.73906954,6.13196173,34742
12,06,07,011,12/06/07/011,UKPENU - COSMOPOLITAN SCHOOL,EMUHI/ UKPENU/ UJOELEN/IGOR,ESAN WEST,6.73442552,6.12711974,34743
12,06,07,012,12/06/07/012,UKPENU -UKPENU ESE TOWN HALL I,EMUHI/ UKPENU/ UJOELEN/IGOR,ESAN WEST,6.72854148,6.12129737,34744
12,06,07,013,12/06/07/013,UKPENU -UKPENU ESE TOWN HALL II,EMUHI/ UKPENU/ UJOELEN/IGOR,ESAN WEST,6.72985759,6.12256382,34745
12,06,07,014,12/06/07/014,UJOELEN - UJOELEN PRIMARY SCHOOL I,EMUHI/ UKPENU/ UJOELEN/IGOR,ESAN WEST,6.73898062,6.11752872,34746
12,06,07,015,12/06/07/015,UJOELEN - UJOELEN PRIMARY SCHOOL II,EMUHI/ UKPENU/ UJOELEN/IGOR,ESAN WEST,6.73899196,6.11752957,34747
12,06,07,016,12/06/07/016,UJOELEN - UGHA SQUARE (UKE. JUN.),EMUHI/ UKPENU/ UJOELEN/IGOR,ESAN WEST,6.73657349,6.11116737,34748
12,06,08,001,12/06/08/001,UROHI - EGUARE PRIMARY SCHOOL I,UROHI,ESAN WEST,6.60868666,6.10082264,34749
12,06,08,002,12/06/08/002,UROHI - EGUARE PRIMARY SCHOOL II,UROHI,ESAN WEST,6.60870429,6.10081598,34750
12,06,08,003,12/06/08/003,UROHI - UROHI PRIMARY SCHOOL,UROHI,ESAN WEST,6.62227466,6.10450896,34751
12,06,08,004,12/06/08/004,UROHI - OHON UROHI HALL,UROHI,ESAN WEST,6.61746658,6.10287551,34752
12,06,08,005,12/06/08/005,UROHI - EBHOKHURE HALL,UROHI,ESAN WEST,6.60142468,6.08835784,34753
12,06,08,006,12/06/08/006,UROHI - EBUTTE- METTA CAMP,UROHI,ESAN WEST,6.64452932,6.13133169,34754
12,06,08,007,12/06/08/007,UROHI - OHOGHO PRIMARY SCHOOL,UROHI,ESAN WEST,6.59441899,6.09190994,34755
12,06,08,008,12/06/08/008,UROHI - EKO - OMIGIE PRIMARY SCHOOL,UROHI,ESAN WEST,6.63476571,6.11303388,34756
12,06,08,009,12/06/08/009,UROHI - OKENUWA PRIMARY SCHOOL,UROHI,ESAN WEST,6.56920844,6.11121490,34757
12,06,08,010,12/06/08/010,UROHI - UROHI PRIMARY SCHOOL,UROHI,ESAN WEST,6.62227847,6.10452118,34758
12,06,09,001,12/06/09/001,"EBHOAKHUALE, EBHOKHU - EBHOAKUALE PRIMARY SCHOOL",UHIELE,ESAN WEST,6.74011924,6.15920537,34759
12,06,09,002,12/06/09/002,UHIELE -UHIELE GRAM. SCHOOL I,UHIELE,ESAN WEST,6.71729678,6.15661069,34760
12,06,09,003,12/06/09/003,UHIELE -UHIELE GAM. SCHOOL II,UHIELE,ESAN WEST,6.71729646,6.15660398,34761
12,06,09,004,12/06/09/004,UHIEL - UHIELE P/S EBHODIZA,UHIELE,ESAN WEST,6.71147162,6.15360759,34762
12,06,09,005,12/06/09/005,UHIELE - EHALEN PRIMARY SCHOL,UHIELE,ESAN WEST,6.72748013,6.16063748,34763
12,06,09,006,12/06/09/006,UHIELE - UKPOKE PRIMARY SCHOOL,UHIELE,ESAN WEST,6.70763253,6.14800318,34764
12,06,09,007,12/06/09/007,UHIELE - IDUMIGUN PRIMARY SCHOOL,UHIELE,ESAN WEST,6.70698569,6.14117366,34765
12,06,09,008,12/06/09/008,UHIELE - IDUMIGUN TOWN HALL I,UHIELE,ESAN WEST,6.70699874,6.14118608,34766
12,06,09,009,12/06/09/009,UHIELE - IDUMIGUN TOWN HALL II,UHIELE,ESAN WEST,6.70699764,6.14118484,34767
12,06,09,010,12/06/09/010,UHIELE -IKHIRO TOWN HALL,UHIELE,ESAN WEST,6.71501481,6.13509844,34768
12,06,09,011,12/06/09/011,UHIELE - EBHOAKHUALE PRIMARY SCHOOL,UHIELE,ESAN WEST,6.74012555,6.15919598,34769
12,06,10,001,12/06/10/001,ILLEH -ILLEH PRIMARY SCHOOL,ILLEH/EKO-INE,ESAN WEST,6.76373572,6.21240920,34770
12,06,10,002,12/06/10/002,ILLEH - UWENE TOWN HALL,ILLEH/EKO-INE,ESAN WEST,6.75943989,6.20417306,34771
12,06,10,003,12/06/10/003,ILLEH - IMULE PRIMARY SCHOOL I,ILLEH/EKO-INE,ESAN WEST,6.75071620,6.19388469,34772
12,06,10,004,12/06/10/004,ILLEH - IMULE PRIMARY SCHOOL II,ILLEH/EKO-INE,ESAN WEST,6.75072173,6.19388700,34773
12,06,10,005,12/06/10/005,ILLEH - IMULE PRIMARY SCHOOL III,ILLEH/EKO-INE,ESAN WEST,6.75071915,6.19389283,34774
12,06,10,006,12/06/10/006,ILLEH - IDIAMIAKUN TOWN HALL,ILLEH/EKO-INE,ESAN WEST,6.76097682,6.20759244,34775
12,06,10,007,12/06/10/007,ILLEH - EBHORUE TOWN HALL I,ILLEH/EKO-INE,ESAN WEST,6.75211288,6.19612563,34776
12,06,10,008,12/06/10/008,ILLEH - UKHIODO TOWN HALL II,ILLEH/EKO-INE,ESAN WEST,6.75180760,6.19561859,34777
12,06,10,009,12/06/10/009,ILLEH - ILLEH PRIMARY SCHOOL,ILLEH/EKO-INE,ESAN WEST,6.76373394,6.21240183,34778
12,06,10,010,12/06/10/010,EKO INE EHALEN - EKO INE TOWN HALL,ILLEH/EKO-INE,ESAN WEST,6.72441176,6.17180986,34779
12,07,01,001,12/07/01/001,"ST JOHN'S G/S,  IVIAVAI-I",FUGAR I,ETSAKO CENTRAL,7.08759777,6.50713317,34780
12,07,01,002,12/07/01/002,"ST JOHN'S G/S,  IVIAVAI -II",FUGAR I,ETSAKO CENTRAL,7.08762287,6.50712271,34781
12,07,01,003,12/07/01/003,"COURT HALL, OLOMOGHE",FUGAR I,ETSAKO CENTRAL,7.08512077,6.49884624,34782
12,07,01,004,12/07/01/004,"COURT HALL,  IVIOROMA",FUGAR I,ETSAKO CENTRAL,7.08498378,6.49849015,34783
12,07,01,005,12/07/01/005,"COURT HALL,  UGIOGWA I",FUGAR I,ETSAKO CENTRAL,7.08484942,6.49791615,34784
12,07,01,006,12/07/01/006,"COURT HALL,  UGIOGWA II",FUGAR I,ETSAKO CENTRAL,7.08485073,6.49792454,34785
12,07,01,007,12/07/01/007,"USAGBE PRIMARY SCHOOL,  IVIAGBANAKU I",FUGAR I,ETSAKO CENTRAL,7.08930552,6.49576139,34786
12,07,01,008,12/07/01/008,"USAGBE PRIMARY SCHOOL , IVIAGBANAKU II",FUGAR I,ETSAKO CENTRAL,7.08929984,6.49575412,34787
12,07,01,009,12/07/01/009,USAGBE PRIMARY SCHOOL IVIAGBANAKU III,FUGAR I,ETSAKO CENTRAL,7.08930701,6.49576014,34788
12,07,02,001,12/07/02/001,"OBE PRY SCHOOL FIELD,  IVIOKHILE I",FUGAR II,ETSAKO CENTRAL,7.09255466,6.50269426,34789
12,07,02,002,12/07/02/002,"OBE PRY SCHOOL FIELD,  IVIOKHILE II",FUGAR II,ETSAKO CENTRAL,7.09256601,6.50269084,34790
12,07,02,003,12/07/02/003,"OBE PRY SCHOOL,  IVIADOKO I",FUGAR II,ETSAKO CENTRAL,7.09257120,6.50269212,34791
12,07,02,004,12/07/02/004,"OBE PRY. SCHOOL,  IVIOKPO II",FUGAR II,ETSAKO CENTRAL,7.09256897,6.50268706,34792
12,07,02,005,12/07/02/005,"OBE PRY. SCHOOL,  IVIAVEH I",FUGAR II,ETSAKO CENTRAL,7.09256566,6.50269216,34793
12,07,02,006,12/07/02/006,"OBE PRY. SCHOOL,  IVIAVEH II",FUGAR II,ETSAKO CENTRAL,7.09256709,6.50269163,34794
12,07,02,007,12/07/02/007,"EBIDI PRY. SCHOOL , IVIUKASA I",FUGAR II,ETSAKO CENTRAL,7.09654132,6.49123578,34795
12,07,02,008,12/07/02/008,EBIDI PRY. SCHOOL IVIUKASA II,FUGAR II,ETSAKO CENTRAL,7.09654554,6.49123088,34796
12,07,03,001,12/07/03/001,"FUGAR MIXED S/S, IRURU",FUGAR III,ETSAKO CENTRAL,7.09661397,6.48574226,34797
12,07,03,002,12/07/03/002,"FUGAR MIXED S/S,  IVIAKPA",FUGAR III,ETSAKO CENTRAL,7.09662996,6.48572709,34798
12,07,03,003,12/07/03/003,"FRONTAGE OF CHIEF'S PALACE,  IVIOCHA",FUGAR III,ETSAKO CENTRAL,7.08594045,6.49466542,34799
12,07,03,004,12/07/03/004,"USAGBE PRY. SCHOOL,  IVIADACHI",FUGAR III,ETSAKO CENTRAL,7.08964583,6.49586493,34800
12,07,03,005,12/07/03/005,"USAGBE PRY. SCHOOL,  EBADI",FUGAR III,ETSAKO CENTRAL,7.08963554,6.49587178,34801
12,07,03,006,12/07/03/006,"USAGBE PRY. SCHOOL,  IVIEGWI- I",FUGAR III,ETSAKO CENTRAL,7.08964644,6.49586558,34802
12,07,03,007,12/07/03/007,"USAGBE PRY. SCHOOL , IVIEGWI -II",FUGAR III,ETSAKO CENTRAL,7.08954368,6.49585373,34803
12,07,04,001,12/07/04/001,"OBAREKPE PRY. SCHOOL,  IVIOCHE I",OGBONA,ETSAKO CENTRAL,7.12025778,6.44457467,34804
12,07,04,002,12/07/04/002,"OBAREKPE PRY. SCHOOL,  IVIOCHE II",OGBONA,ETSAKO CENTRAL,7.12025734,6.44457313,34805
12,07,04,003,12/07/04/003,"OBAREKPE PRY. SCHOOL,  IVIDO I",OGBONA,ETSAKO CENTRAL,7.12025717,6.44457787,34806
12,07,04,004,12/07/04/004,"OBAREKPE PRY. SCHOOL,  IVIDO II",OGBONA,ETSAKO CENTRAL,7.12026231,6.44459196,34807
12,07,04,005,12/07/04/005,"IMAKHENA PRY. SCHOOL , OKOTOR I",OGBONA,ETSAKO CENTRAL,7.11745325,6.45326602,34808
12,07,04,006,12/07/04/006,"IMAKHENA PRY. SCHOOL,  OKOTOR II",OGBONA,ETSAKO CENTRAL,7.11745712,6.45326802,34809
12,07,04,007,12/07/04/007,"IMAKHENA PRY. SCHOOL.,  IVIOREVBO",OGBONA,ETSAKO CENTRAL,7.11745554,6.45326565,34810
12,07,04,008,12/07/04/008,"OGBONA MARKET SQUARE, ALONG FUGAR ROAD",OGBONA,ETSAKO CENTRAL,7.11762042,6.44839659,632896
12,07,04,009,12/07/04/009,PRIMARY HEALTH CENTRE OGBONA,OGBONA,ETSAKO CENTRAL,7.11893189,6.34447250,632897
12,07,04,010,12/07/04/010,"OGBONA SECONDARY SCH, ALONG FUGAR ROAD, OGBONA",OGBONA,ETSAKO CENTRAL,7.11366169,6.43570505,632898
12,07,05,001,12/07/05/001,"URALO PRIMARY SCHOOL,  USOKWI/IVIA-GBOGIDI",IRAOKHOR,ETSAKO CENTRAL,7.12514981,6.43731509,34811
12,07,05,002,12/07/05/002,"URALO PRY SCHOOL, USOKWI / IVIAGBOGIDI-I",IRAOKHOR,ETSAKO CENTRAL,7.12515241,6.43733493,34812
12,07,05,003,12/07/05/003,"URALO PRY SCHOOL, USOKWI / IVIAGBOGIDI-II",IRAOKHOR,ETSAKO CENTRAL,7.12514553,6.43734006,34813
12,07,05,004,12/07/05/004,"URALO PRIMARY SCHOOL,  IVIUGELE",IRAOKHOR,ETSAKO CENTRAL,7.12513568,6.43732312,34814
12,07,06,001,12/07/06/001,"OGIDIGBA HALL , ADEABEBE",EKPERI I,ETSAKO CENTRAL,7.02645931,6.42728012,34815
12,07,06,002,12/07/06/002,"COURT HALL,  ADEOKHA",EKPERI I,ETSAKO CENTRAL,7.02519472,6.42722987,34816
12,07,06,003,12/07/06/003,"ABEBE PRY. SCH, . BLK. A. UGHEOGWA",EKPERI I,ETSAKO CENTRAL,7.02708833,6.43551401,34817
12,07,06,004,12/07/06/004,"ABEBE PRY. SCH. , BLK. B. IVIEKHEBE",EKPERI I,ETSAKO CENTRAL,7.02709159,6.43551526,34818
12,07,06,005,12/07/06/005,"IKHANOBA PRY. SCH. I,  IVIANAKE",EKPERI I,ETSAKO CENTRAL,7.03706240,6.43542474,34819
12,07,06,006,12/07/06/006,"IKHANOBA PRY. SCH. II,  IVIANAKE",EKPERI I,ETSAKO CENTRAL,7.03708949,6.43544787,34820
12,07,06,007,12/07/06/007,AZUKHALA IVIONIME (AZUKHALA/IVIONIME) PRY. SCH. I,EKPERI I,ETSAKO CENTRAL,7.02692073,6.45374642,34821
12,07,06,008,12/07/06/008,"AZUKHALA PRY. SCH., IVIAKPELA I",EKPERI I,ETSAKO CENTRAL,7.02670940,6.44482512,34822
12,07,06,009,12/07/06/009,"AZUKHALA PRY. SCH., IVIAKPELA II",EKPERI I,ETSAKO CENTRAL,7.02815463,6.44876356,34823
12,07,07,001,12/07/07/001,"OKPANAEDE VILLAGE,  OKPANAEDE I",EKPERI II,ETSAKO CENTRAL,6.99825368,6.50701693,34824
12,07,07,002,12/07/07/002,"OKPANAEDE VILLAGE,  OKPANAEDE II",EKPERI II,ETSAKO CENTRAL,6.99825275,6.50702025,34825
12,07,07,003,12/07/07/003,"IYAREKHU PRY. SCHOL ANNEX , DAME",EKPERI II,ETSAKO CENTRAL,6.98678420,6.36850927,34826
12,07,07,004,12/07/07/004,"ANERUAR PRIMARY SCHOOL,  OGOCHI - I",EKPERI II,ETSAKO CENTRAL,6.97914419,6.50431364,34827
12,07,07,005,12/07/07/005,"ANERUAR PRIMARY SCHOOL,  OGOCHI -II",EKPERI II,ETSAKO CENTRAL,6.97914841,6.50431476,34828
12,07,07,006,12/07/07/006,"OGBAGO VILLAGE SQUARE,  OGBAGO I",EKPERI II,ETSAKO CENTRAL,6.97134471,6.50584787,34829
12,07,07,007,12/07/07/007,"OGBAGO VILLAGE SQUARE,  OGBAGO II",EKPERI II,ETSAKO CENTRAL,6.97135900,6.50584461,34830
12,07,07,008,12/07/07/008,"OTSUKOLO VILLAGE,  OTSUKOLO",EKPERI II,ETSAKO CENTRAL,6.96077254,6.46582093,34831
12,07,07,009,12/07/07/009,"OGHOMERE PRY. SCHOOL , OGHOMERE I",EKPERI II,ETSAKO CENTRAL,6.96072258,6.50961824,34832
12,07,07,010,12/07/07/010,"OGHOMERE PRY. SCHOOL, OGHOMERE II",EKPERI II,ETSAKO CENTRAL,6.96072990,6.50965464,34833
12,07,08,001,12/07/08/001,"ALAOYE PRY. SCH. (OLD SITE),  UGBAGO/UDABA I",EKPERI III,ETSAKO CENTRAL,6.85540681,6.59569179,34834
12,07,08,002,12/07/08/002,"ALAOYE PRY. SCH. (OLD SITE),  UGBAGO/UDABA II",EKPERI III,ETSAKO CENTRAL,6.85275440,6.59310785,34835
12,07,08,003,12/07/08/003,"ALAOYE PRY. SCHOOL,  USEMOGOCHI",EKPERI III,ETSAKO CENTRAL,6.85243023,6.58855739,34836
12,07,08,004,12/07/08/004,"ALAOYE PRY. SCHOOL FIELD,  IKUIDI",EKPERI III,ETSAKO CENTRAL,6.85243250,6.58855776,34837
12,07,08,005,12/07/08/005,"ALAOYE PRY. SCHOOL (NEW SITE), OTOAKI",EKPERI III,ETSAKO CENTRAL,6.85242493,6.58856710,34838
12,07,08,006,12/07/08/006,"ESHIEBOR PRY. SCHOOL,  OFUKPO/OGWISI",EKPERI III,ETSAKO CENTRAL,6.87689132,6.62159937,34839
12,07,08,007,12/07/08/007,"ESHIEBOR PRY. SCH. , OFUKPO/OGWISI",EKPERI III,ETSAKO CENTRAL,6.87690879,6.62161953,34840
12,07,08,008,12/07/08/008,"AKUGBE PRY SCHOOL FIELD, OLUBI/APEIYANA",EKPERI III,ETSAKO CENTRAL,6.95228134,6.62240298,34841
12,07,08,009,12/07/08/009,"AKUGBE PRY SCH. FIELD,  OZIGBOLO",EKPERI III,ETSAKO CENTRAL,6.95227739,6.62239230,34842
12,07,08,010,12/07/08/010,"AKUGBE PRY. SCH FIELD,  APOKAME",EKPERI III,ETSAKO CENTRAL,6.95227701,6.62239462,34843
12,07,08,011,12/07/08/011,ESHIEBOR PRY. SCHOOL ANNEX.  AGBAZI,EKPERI III,ETSAKO CENTRAL,6.90582445,6.63501633,34844
12,07,08,012,12/07/08/012,"OPEN SPACE UDABA RICE MARKET, OPP. MOSQUE",EKPERI III,ETSAKO CENTRAL,6.85392676,6.58908684,632883
12,07,08,013,12/07/08/013,"OBEZE PRY. SCH., UDABA",EKPERI III,ETSAKO CENTRAL,6.86143868,6.58817489,632884
12,07,08,014,12/07/08/014,"UDABA COMMUNITY TOWN HALL, OTOAKI",EKPERI III,ETSAKO CENTRAL,6.85876515,6.58034686,632885
12,07,09,001,12/07/09/001,IMASABEMOH ANEGBETTE/IMASABEMOH / UNUEDO I,SOUTH UNEME I,ETSAKO CENTRAL,6.83466526,6.58592334,34845
12,07,09,002,12/07/09/002,IMASABEMOH ANEGBETTE/IMASABEMOH / UNUEDO  II,SOUTH UNEME I,ETSAKO CENTRAL,6.83466858,6.58592604,34846
12,07,09,003,12/07/09/003,"IMIAVA PRIMARY SCHOOL,  ANEGBETTE / IMIAGHELE I",SOUTH UNEME I,ETSAKO CENTRAL,6.83465535,6.58591263,34847
12,07,09,004,12/07/09/004,"IMIAVA PRIMARY SCHOOL, ANEGBETTE / MIAGHELE II",SOUTH UNEME I,ETSAKO CENTRAL,6.83465213,6.58590575,34848
12,07,09,005,12/07/09/005,"NABOYA PRI. SCHOOL,  IMIAVA",SOUTH UNEME I,ETSAKO CENTRAL,6.89894832,6.52663124,34849
12,07,09,006,12/07/09/006,"UGBATTO PLAYGROUND,  UKPEKO ORLE",SOUTH UNEME I,ETSAKO CENTRAL,6.83447712,6.57957245,34850
12,07,09,007,12/07/09/007,UGBATTO PLAYGROUND UKPOKWILI/UGBATTO,SOUTH UNEME I,ETSAKO CENTRAL,6.83311426,6.58156911,34851
12,07,10,001,12/07/10/001,"OSESIAME PRY SCHOOL,  UDOCHI VILLAGE I",SOUTH UNEME II,ETSAKO CENTRAL,6.94327604,6.65678503,34852
12,07,10,002,12/07/10/002,"OSESIAME PRY SCHOOL,  UDOCHI VILLAGE II",SOUTH UNEME II,ETSAKO CENTRAL,6.94328408,6.65679141,34853
12,07,10,004,12/07/10/004,"AKE , AKE",SOUTH UNEME II,ETSAKO CENTRAL,6.94929058,6.67307348,34855
12,07,10,005,12/07/10/005,"OGWA,  ABANA/OGWA",SOUTH UNEME II,ETSAKO CENTRAL,6.83754297,6.58209923,34856
12,07,10,006,12/07/10/006,"ANEGBETTE, OGWA/ABANA REFUGEES",SOUTH UNEME II,ETSAKO CENTRAL,6.83753176,6.58208753,34857
12,07,10,007,12/07/10/007,"IMIAVA PRIMARY SCHOOL,  IMIAVA",SOUTH UNEME II,ETSAKO CENTRAL,7.13624343,6.48992428,34858
12,07,10,008,12/07/10/008,"PRIMARY HEALTH CENTER, UDOCHI VILLAGE III",SOUTH UNEME II,ETSAKO CENTRAL,6.95091330,6.65041670,632903
12,08,01,001,12/08/01/001,"OFUKPO PRIMARY SCHOOL I,  AGENEBODE",AGENEBODE,ETSAKO EAST,7.09550492,6.68994472,34859
12,08,01,002,12/08/01/002,"OMOAZE PRIMARY SCHOOL I , AGENEBODE",AGENEBODE,ETSAKO EAST,7.11104654,6.67892358,34860
12,08,01,003,12/08/01/003,"OKPISA PRY. SCHOOL I,  EMOKWEME, AGENEBODE",AGENEBODE,ETSAKO EAST,7.08245882,6.66762564,34861
12,08,01,004,12/08/01/004,"WATERWORKS UPLAND,  AGENEBODE",AGENEBODE,ETSAKO EAST,7.11467608,6.66737055,34862
12,08,01,005,12/08/01/005,"OGBAKI PRY. SCHOOL  I, AGENEBODE",AGENEBODE,ETSAKO EAST,7.10826960,6.69109951,34863
12,08,01,006,12/08/01/006,"EGBADU PRY. SCHOOL I,  AGENEBODE",AGENEBODE,ETSAKO EAST,7.10342846,6.69377458,34864
12,08,01,007,12/08/01/007,"OPEN SPACE OTOUKWE AREA I, OTOUKWE, AGENEBODE",AGENEBODE,ETSAKO EAST,7.10796899,6.69823062,34865
12,08,01,008,12/08/01/008,"OTOUKWE AREA, POLICE STATION, AGENEBODE",AGENEBODE,ETSAKO EAST,7.11346320,6.69970238,34866
12,08,01,009,12/08/01/009,"EGBADU PRY. SCHOOL II, AGENEBODE",AGENEBODE,ETSAKO EAST,7.10339994,6.69365775,34867
12,08,01,010,12/08/01/010,"EGBADU PRY. SCHOOL III,  AGENEBODE",AGENEBODE,ETSAKO EAST,7.10341336,6.69378392,34868
12,08,01,011,12/08/01/011,OFUKPO P/S II AGENEBODE,AGENEBODE,ETSAKO EAST,7.09441328,6.68881673,632904
12,08,01,013,12/08/01/013,"OKPISA P/S II, EMOKWEME, AGENEBODE",AGENEBODE,ETSAKO EAST,7.08298184,6.66790321,632906
12,08,01,014,12/08/01/014,"OPEN SPACE IN FRONT OF GENERAL HOSPITAL, UPLAND, AGENEBODE",AGENEBODE,ETSAKO EAST,7.11493991,6.66550163,632907
12,08,01,015,12/08/01/015,OGBAKI P/S II AGENEBODE,AGENEBODE,ETSAKO EAST,7.10724828,6.69027317,632908
12,08,01,016,12/08/01/016,"OPEN SPACE EGBADU VILLAGE SQUARE, AGENEBODE",AGENEBODE,ETSAKO EAST,7.10099514,6.69230495,632909
12,08,01,017,12/08/01/017,"OPEN SPACE EGBADU, OPP CENTRAL MOSQUE, AGENEBODE",AGENEBODE,ETSAKO EAST,7.09979507,6.69115495,632910
12,08,01,018,12/08/01/018,"OPEN SPACE OTOUKWE AREA II, OTOUKWE, AGENEBODE",AGENEBODE,ETSAKO EAST,7.10814132,6.69829834,632911
12,08,01,019,12/08/01/019,"OPEN SPACE EWEA QUARTERS, OPP CHRIST THE KING GROUP OF SCH, AGENEBODE",AGENEBODE,ETSAKO EAST,7.11629164,6.69282328,632912
12,08,01,020,12/08/01/020,"OPEN SPACE OKUGBE QUARTERS JUNCTION, AGENEBODE",AGENEBODE,ETSAKO EAST,7.10641320,6.68233685,632913
12,08,01,021,12/08/01/021,"OPEN SPACE ENESEGBE QUARTERS JUNCTION, AGENEBODE",AGENEBODE,ETSAKO EAST,7.09897662,6.69633610,632914
12,08,02,001,12/08/02/001,"UKHUA PRIMARY SCHOOL,  IVIUKHUA I",WANNO I,ETSAKO EAST,7.13818317,6.58625088,34869
12,08,02,002,12/08/02/002,"UKHUA PRIMARY SCHOOL,  IVIUKHUA II",WANNO I,ETSAKO EAST,7.13818266,6.58624922,34870
12,08,02,003,12/08/02/003,"EGBEPUI PRY. SCHOOL I,  IVIEGBEPUI",WANNO I,ETSAKO EAST,7.12873061,6.58890367,34871
12,08,02,004,12/08/02/004,"OKPODI PRY. SCHOOL I , IVIANOKPODI",WANNO I,ETSAKO EAST,7.13967750,6.59811629,34872
12,08,02,005,12/08/02/005,"EBUA PRY. SCHOOL I,  IVIEBUA",WANNO I,ETSAKO EAST,7.13107732,6.62311617,34873
12,08,02,006,12/08/02/006,"UKHUA ANNEX PRY. SCHOOL , UKHO",WANNO I,ETSAKO EAST,7.13865382,6.50635721,34874
12,08,02,007,12/08/02/007,"EGORI-UGIE, EGORI-UGIE",WANNO I,ETSAKO EAST,7.13887445,6.66614420,34875
12,08,02,008,12/08/02/008,EGORI PRY. SCHOOL EGORI WATERSIDE,WANNO I,ETSAKO EAST,7.14515806,6.70545536,34876
12,08,02,009,12/08/02/009,EGBEPUI PRIMARY SCH IVIEGBEPUI II,WANNO I,ETSAKO EAST,7.12951834,6.58786844,632967
12,08,02,010,12/08/02/010,OKPODI PRIMARY SCH IVIANOKPODI II,WANNO I,ETSAKO EAST,7.13927818,6.59767829,632968
12,08,02,011,12/08/02/011,EBUA P/S II IVIEBUA,WANNO I,ETSAKO EAST,7.13154505,6.62304997,632969
12,08,03,001,12/08/03/001,"ATHEKHA PRY. SCHOOL, IVIUKWE/IVIOMOSI/SABO I",WANNO II,ETSAKO EAST,7.10160569,6.58992335,34877
12,08,03,002,12/08/03/002,"ATHEKHA PRY. SCHOOL, IVIUKWE/IVIOMOSI/SABO II",WANNO II,ETSAKO EAST,7.10159257,6.58993777,34878
12,08,03,003,12/08/03/003,"IVIOGHOME PRY. SCHOOL, IVIOGHOME",WANNO II,ETSAKO EAST,7.09942227,6.60269116,34879
12,08,03,004,12/08/03/004,"OKUGBE PRY. SCHOOL, IVIOGHE I",WANNO II,ETSAKO EAST,7.12513675,6.64133445,34880
12,08,03,005,12/08/03/005,"OKUGBE PRY. SCHOOL, IVIOGHE II",WANNO II,ETSAKO EAST,7.12513852,6.64131916,34881
12,08,03,006,12/08/03/006,"EDEGBE PRY. SCHOOL, EDEGBE",WANNO II,ETSAKO EAST,7.11467033,6.63147548,34882
12,08,03,007,12/08/03/007,"ALOAYE PRY. SCHOOL, IGIODE/ITOGBO ITHUEGBA/OKANAWA",WANNO II,ETSAKO EAST,7.14755152,6.65016197,34883
12,08,03,008,12/08/03/008,"IGIELE PRY. SCHOOL, UZANU",WANNO II,ETSAKO EAST,7.19265278,6.63493106,34884
12,08,03,009,12/08/03/009,"UKPEKO OPEN SPACE, UKPEKO",WANNO II,ETSAKO EAST,7.23938450,6.66296138,34885
12,08,03,010,12/08/03/010,"OTHAME PRY. SCHOOL ANNEX, OTHAME",WANNO II,ETSAKO EAST,7.09457086,6.55515773,34886
12,08,03,011,12/08/03/011,"IVIOKWE VILLAGE SQUARE, IVIOKWE",WANNO II,ETSAKO EAST,7.10234326,6.58500686,632970
12,08,03,012,12/08/03/012,"IVIOMOSI TOWN HALL, IVIOMOSI",WANNO II,ETSAKO EAST,7.10124168,6.58853665,632971
12,08,03,013,12/08/03/013,IFASHIE PRIMARY HEALTH CENTRE IVIOGHE,WANNO II,ETSAKO EAST,7.12805985,6.63728680,632972
12,08,03,014,12/08/03/014,IVIOKPO MKT /SQ IVIOGHE BY IVIOKPO,WANNO II,ETSAKO EAST,7.12825181,6.63505655,632973
12,08,03,015,12/08/03/015,IGIODE /ITOGBO MKT SQ,WANNO II,ETSAKO EAST,7.15113163,6.65270314,632974
12,08,03,016,12/08/03/016,IGIODE SEC SCH IGIODE.,WANNO II,ETSAKO EAST,7.14899324,6.65035989,632975
12,08,03,017,12/08/03/017,IGIODE ITHEVUGBE MKT SQ,WANNO II,ETSAKO EAST,7.14304673,6.64762169,632976
12,08,03,018,12/08/03/018,UDOCHI OKE/UDOCHINAOWA VILL. SQ,WANNO II,ETSAKO EAST,7.18393984,6.63544513,632977
12,08,04,001,12/08/04/001,"ADOSI PRY. SCHOOL, EKWOTSOR",WEPPA,ETSAKO EAST,7.05926505,6.58630876,34887
12,08,04,002,12/08/04/002,OKUGBE PRY. SCHOOL AVIODO,WEPPA,ETSAKO EAST,7.05083365,6.55725763,34888
12,08,04,003,12/08/04/003,"OVUEGBE PRY. SCHOOL, AGIERE I",WEPPA,ETSAKO EAST,7.05420912,6.56724868,34889
12,08,04,004,12/08/04/004,"OVUEGBE PRY. SCHOOL, AGIERE II",WEPPA,ETSAKO EAST,7.05420664,6.56726225,34890
12,08,04,005,12/08/04/005,"WEPPA MARKET SQUARE, OVAO/OTOAKWI",WEPPA,ETSAKO EAST,7.04006709,6.54412329,34891
12,08,04,006,12/08/04/006,"ARI, PRIMARY SCHOOL, IVIARI",WEPPA,ETSAKO EAST,7.03612820,6.53814741,34892
12,08,04,007,12/08/04/007,"UGIOKE PRIMARY SCHOOL, OWAI/UGUIOKE",WEPPA,ETSAKO EAST,7.03962098,6.54357603,34893
12,08,04,008,12/08/04/008,"OVOEGBE PRY. SCHOOL, ITSUKWI",WEPPA,ETSAKO EAST,7.05436860,6.56519942,34894
12,08,04,009,12/08/04/009,OSHOLO PRIMARY SCHOOL OSHOLO,WEPPA,ETSAKO EAST,7.07674937,6.63908593,34895
12,08,04,010,12/08/04/010,"EKWOTSOR - TOWN HALL, EKWOTSOR",WEPPA,ETSAKO EAST,7.06025667,6.58893999,632978
12,08,04,011,12/08/04/011,EKWOTSOR- PRIMARY HEALTH CARE,WEPPA,ETSAKO EAST,7.06205842,6.59431510,632979
12,08,04,012,12/08/04/012,IVIARI PRI HEALTH CARE,WEPPA,ETSAKO EAST,7.03606995,6.54027660,632980
12,08,05,001,12/08/05/001,"IKPOMAZA GRAMMAR SCHOOL I, OKPELLA",OKPELLA I,ETSAKO EAST,7.28073684,6.33121888,34896
12,08,05,002,12/08/05/002,"AFEGBUA PRY. SCHOOL, IMIETEMEGHE/ITEKUME/IMIADATSE I",OKPELLA I,ETSAKO EAST,7.28325978,6.32976159,34897
12,08,05,003,12/08/05/003,"UTAYOKHE PRY. SCHOOL, IMIOSUMU/IMOGIA I",OKPELLA I,ETSAKO EAST,7.29063672,6.32469724,34898
12,08,05,004,12/08/05/004,"COURT HALL,IMIAKHANA/IMIANOKO",OKPELLA I,ETSAKO EAST,7.29107523,6.32454490,34899
12,08,05,005,12/08/05/005,IMIAGBESE PRY. SCHOOL IMIAGBESE I,OKPELLA I,ETSAKO EAST,7.28460373,6.30209391,34900
12,08,05,006,12/08/05/006,IMIAGBESE PRY. SCHOOL IMIAGBESE II,OKPELLA I,ETSAKO EAST,7.28460388,6.30210853,34901
12,08,05,007,12/08/05/007,"PUBLIC SQUARE, IMIADATSE-ORERE",OKPELLA I,ETSAKO EAST,7.28966793,6.32307112,34902
12,08,05,008,12/08/05/008,"AFEGBUA PRY. SCHOOL, AWUYEMI - I",OKPELLA I,ETSAKO EAST,7.28326315,6.32975951,34903
12,08,05,009,12/08/05/009,"AFEGBUA PRY. SCHOOL, AWUYEMI - II",OKPELLA I,ETSAKO EAST,7.28325977,6.32975886,34904
12,08,05,010,12/08/05/010,"IKPOMAZA GRAMMAR SCH II, OKPELLA",OKPELLA I,ETSAKO EAST,7.28052008,6.32998511,632920
12,08,05,011,12/08/05/011,"AFEGBUA PRY. SCHOOL, IMIETEMEGHE/ITEKUME/IMIADATSE II",OKPELLA I,ETSAKO EAST,7.28400117,6.33246984,632921
12,08,05,012,12/08/05/012,"UTAYOKHE PRY SCH, IMIOSUMU/IMOGIA II",OKPELLA I,ETSAKO EAST,7.29015661,6.32382508,632922
12,08,05,013,12/08/05/013,"PRIMARY HEALTH CENTRE, IMIOGA, OKPELLA",OKPELLA I,ETSAKO EAST,7.29088992,6.32430486,632923
12,08,05,014,12/08/05/014,TOWN HALL IMIANOKO,OKPELLA I,ETSAKO EAST,7.28872159,6.32684659,632924
12,08,05,015,12/08/05/015,IMIAGBESE P/S IMIAGBESE III,OKPELLA I,ETSAKO EAST,7.28508266,6.30134314,632925
12,08,05,016,12/08/05/016,IMIAGBESE P/S IMIAGBESE IV,OKPELLA I,ETSAKO EAST,7.28523827,6.30110845,632926
12,08,05,017,12/08/05/017,UDIOKE VILLAGE SQ.,OKPELLA I,ETSAKO EAST,7.28793889,6.32488154,632927
12,08,05,018,12/08/05/018,AFEGBUA P/S AWUYEMI III,OKPELLA I,ETSAKO EAST,7.28176170,6.33262508,632928
12,08,05,019,12/08/05/019,AFEGBUA P/S AWUYEMI IV,OKPELLA I,ETSAKO EAST,7.28473010,6.33212317,632929
12,08,06,001,12/08/06/001,"UGBEDOGUN PRY. SCHOOL I, OGUTE",OKPELLA II,ETSAKO EAST,7.27992486,6.28236460,34905
12,08,06,002,12/08/06/002,"UGBEDOGUN PRY. SCHOOL I, UDIEGWA",OKPELLA II,ETSAKO EAST,7.27991814,6.28236634,34906
12,08,06,003,12/08/06/003,"EKURI PRY. SCHOOL, IGHIATSE/IMHIRHOKHO/IMANABA   I",OKPELLA II,ETSAKO EAST,7.24714516,6.27811590,34907
12,08,06,004,12/08/06/004,"EKURI PRY. SCHOOL, IGHIATSE/IMHIRHOKHO/IMANABA   II",OKPELLA II,ETSAKO EAST,7.24714320,6.27810938,34908
12,08,06,005,12/08/06/005,"ILEWURI PUBLIC SQUARE, ILEWURI",OKPELLA II,ETSAKO EAST,7.24124617,6.27597899,34909
12,08,06,006,12/08/06/006,"OFUOKHA PRY. SCHOOL I, OKHU/OFUOKHA",OKPELLA II,ETSAKO EAST,7.24890830,6.26514097,34910
12,08,06,007,12/08/06/007,"OFUOKHA PRY. SCHOOL I, ITUROGBE",OKPELLA II,ETSAKO EAST,7.25427875,6.27288193,34911
12,08,06,008,12/08/06/008,"UGBEDOGUN PRY. SCHOOL I, OKOKPETU",OKPELLA II,ETSAKO EAST,7.27992700,6.28237461,34912
12,08,06,009,12/08/06/009,"UDIOGIEGIE PRY. SCHOOL, IMIENEGWE",OKPELLA II,ETSAKO EAST,7.27750285,6.26582019,34913
12,08,06,010,12/08/06/010,UGBEDOGUN  P/S OGUTE II,OKPELLA II,ETSAKO EAST,7.27922837,6.28232326,632930
12,08,06,011,12/08/06/011,UGBEDOGUN P/S UDIEGWA II,OKPELLA II,ETSAKO EAST,7.27921174,6.28234338,632931
12,08,06,012,12/08/06/012,EKURI P/S IGHIATSE/IMIHIRHOKHO/IMANABA III,OKPELLA II,ETSAKO EAST,7.24668318,6.27823323,632932
12,08,06,013,12/08/06/013,"EKURI P/S IV, IGHATSE /IMHIRHOKHO /IMANABA",OKPELLA II,ETSAKO EAST,7.24692164,6.27881201,632933
12,08,06,014,12/08/06/014,OFUOKHA P/S OKHU/OFUOKHA  II,OKPELLA II,ETSAKO EAST,7.24919993,6.26518495,632934
12,08,06,016,12/08/06/016,UGBEDOGUN P/S OKOKPETU II,OKPELLA II,ETSAKO EAST,7.27905676,6.28218815,632936
12,08,06,017,12/08/06/017,UDIOGIEGIE P/S IMIENEGWE II,OKPELLA II,ETSAKO EAST,7.27847010,6.26252101,632937
12,08,07,001,12/08/07/001,"LOCAL GOVT. MATERNITY, IMIOMIME/IDANE/OKE  I",OKPELLA III,ETSAKO EAST,7.28906400,6.36842784,34914
12,08,07,002,12/08/07/002,"LOCAL GOVT. MATERNITY, IMIOMIME/IDANE/OKE  II",OKPELLA III,ETSAKO EAST,7.28906852,6.36842364,34915
12,08,07,003,12/08/07/003,"ERAMHE PRY SCHOOL I, IMIOKO/UTEGIE",OKPELLA III,ETSAKO EAST,7.29149902,6.37883537,34916
12,08,07,004,12/08/07/004,"OGODOR PRY. SCHOOL I, OGIRIGA ROAD",OKPELLA III,ETSAKO EAST,7.28176886,6.40151496,34917
12,08,07,005,12/08/07/005,"ERAMHE PRY. SCHOOL, MIETEKE/YELUWA",OKPELLA III,ETSAKO EAST,7.29149936,6.37883125,34918
12,08,07,006,12/08/07/006,"ERAMHE PRY. SCHOOL, IMIOMOKA",OKPELLA III,ETSAKO EAST,7.29149629,6.37885225,34919
12,08,07,007,12/08/07/007,"RHINOCEM, FACTORY CAMP",OKPELLA III,ETSAKO EAST,7.30896350,6.37149458,34920
12,08,07,008,12/08/07/008,"ERAMHE PRY. SCHOOL, KALABAR",OKPELLA III,ETSAKO EAST,7.29149200,6.37883627,34921
12,08,07,010,12/08/07/010,LGA MATERNITY IMIOMIME /IDANE/ OKE IV PRY HEALTH CENTER,OKPELLA III,ETSAKO EAST,7.29579940,6.36836015,632939
12,08,07,011,12/08/07/011,ERAMHE P/S IMIOKO/UTEGIE II,OKPELLA III,ETSAKO EAST,7.29167510,6.37967505,632940
12,08,07,012,12/08/07/012,ERAMHE P/S. IMIOKO UTEGIE III,OKPELLA III,ETSAKO EAST,7.29159894,6.37939341,632941
12,08,07,013,12/08/07/013,OGODOR P/S II OGIRIGA RD,OKPELLA III,ETSAKO EAST,7.28139001,6.40155566,632942
12,08,07,014,12/08/07/014,PRIMARY HEALTH CENTER OGIRIGA,OKPELLA III,ETSAKO EAST,7.28080011,6.39885380,632943
12,08,07,015,12/08/07/015,AFOKPELLA SEC/SCH I OGEDE,OKPELLA III,ETSAKO EAST,7.28769516,6.38378486,632944
12,08,07,016,12/08/07/016,"AFOKPELLA SEC/SCH II ,OGEDE",OKPELLA III,ETSAKO EAST,7.28815140,6.39320819,632945
12,08,07,017,12/08/07/017,EWO MARKET OFOMEGBE,OKPELLA III,ETSAKO EAST,7.27882163,6.35234669,632946
12,08,07,018,12/08/07/018,"KALABA COMMUNITY  CENTER, KALABAR",OKPELLA III,ETSAKO EAST,7.29479821,6.38661633,632947
12,08,08,001,12/08/08/001,"IDDO I PRY. SCHOOL, IDDO OLD SITE",OKPELLA IV,ETSAKO EAST,7.24713409,6.36140824,34922
12,08,08,002,12/08/08/002,"IDDO PRY. SCHOOL I, SABO",OKPELLA IV,ETSAKO EAST,7.25408050,6.34380264,34923
12,08,08,003,12/08/08/003,"IMIOKO QRTS/SHADE,  IMIOSHOGA I",OKPELLA IV,ETSAKO EAST,7.26512874,6.34714159,34924
12,08,08,004,12/08/08/004,"IMIOKO QRTS/SHADE,  IMIOSHOGA II",OKPELLA IV,ETSAKO EAST,7.26511787,6.34713324,34925
12,08,08,005,12/08/08/005,"IMIOKPE QRTS/SHADE, IMIOKPE",OKPELLA IV,ETSAKO EAST,7.26831804,6.34487103,34926
12,08,08,006,12/08/08/006,"EVEVA PRY. SCHOL, OKUGBE I",OKPELLA IV,ETSAKO EAST,7.27358673,6.34288428,34927
12,08,08,007,12/08/08/007,"EVEVA PRY. SCHOOL, IMIEKURI",OKPELLA IV,ETSAKO EAST,7.27329601,6.34238612,34928
12,08,08,008,12/08/08/008,"EVEVA PRY. SCHOOL, OKUGBE II",OKPELLA IV,ETSAKO EAST,7.27357609,6.34289026,34929
12,08,08,009,12/08/08/009,"OPEN SPACE OGUGU CAMP I, OGUGU",OKPELLA IV,ETSAKO EAST,7.20820863,6.33489420,34930
12,08,08,010,12/08/08/010,IDDO P/S SABO II,OKPELLA IV,ETSAKO EAST,7.25407842,6.34779230,632948
12,08,08,011,12/08/08/011,IMIOKO QTR/SHADE IMIOSHOGA III,OKPELLA IV,ETSAKO EAST,7.26448845,6.34771686,632949
12,08,08,012,12/08/08/012,"OPEN SPACE, ST MARGARET MARY HIGH SCHOOL",OKPELLA IV,ETSAKO EAST,7.26205159,6.34442680,632950
12,08,08,013,12/08/08/013,OPEN SPACE BY ELITE SEC SCH I IMIOKPE,OKPELLA IV,ETSAKO EAST,7.27184181,6.34595932,632951
12,08,08,014,12/08/08/014,OPEN SPACE BY ELITE SEC SCH II. IMIOKPE,OKPELLA IV,ETSAKO EAST,7.27186013,6.34591173,632952
12,08,08,015,12/08/08/015,EVEVA  P/S OKUGBE III OKUGBE,OKPELLA IV,ETSAKO EAST,7.27468339,6.34276517,632953
12,08,08,016,12/08/08/016,EVEVA P/S OKUGBE IV OKUGBE,OKPELLA IV,ETSAKO EAST,7.27513170,6.34262502,632954
12,08,08,017,12/08/08/017,EVEVA P/S IMIEKURI II OKUGBE,OKPELLA IV,ETSAKO EAST,7.27494845,6.34202488,632955
12,08,08,018,12/08/08/018,EVEVA P/ S OKUGBE III OKUGBE,OKPELLA IV,ETSAKO EAST,7.27446488,6.34275008,632956
12,08,08,019,12/08/08/019,EVEVA P/ S OKUGBE IV  OKUGBE,OKPELLA IV,ETSAKO EAST,7.27656665,6.34293515,632957
12,08,08,020,12/08/08/020,OGUGU CAMP OPEN SPACE II OGUGU,OKPELLA IV,ETSAKO EAST,7.20611336,6.33634496,632958
12,08,09,001,12/08/09/001,"EGWAKHIDE PRY. SCHOOL, IGODOR/ODOKIODE",THREE IBIES,ETSAKO EAST,7.17300487,6.43255304,34931
12,08,09,002,12/08/09/002,"ECHADAKWI PRY. SCHOOL, IKIOGE/EGABHE I",THREE IBIES,ETSAKO EAST,7.20868499,6.45314352,34932
12,08,09,003,12/08/09/003,"ECHADAKWI PRY. SCHOOL, IKIOGE/EGABHE II",THREE IBIES,ETSAKO EAST,7.20868612,6.45314074,34933
12,08,09,004,12/08/09/004,"ECHADAKWI PRY. SCHOOL,  SABO/OGODOR",THREE IBIES,ETSAKO EAST,7.20868430,6.45313990,34934
12,08,09,005,12/08/09/005,"FORMER L.E.A. SCHOOL I, UJIOGWA/UKHOMOGWA",THREE IBIES,ETSAKO EAST,7.20583581,6.45890138,34935
12,08,09,006,12/08/09/006,"IMIEGBA GRAM. SCHOOL,  ABORKPA MARKET SQUARE",THREE IBIES,ETSAKO EAST,7.19923507,6.45050657,34936
12,08,09,007,12/08/09/007,"AZAMANDU PRY. SCHOOL I, IMIEKEBU",THREE IBIES,ETSAKO EAST,7.22730121,6.44445186,34937
12,08,09,008,12/08/09/008,"AFEKHA PRY. SCHOOL I, ITSUKWI",THREE IBIES,ETSAKO EAST,7.21316788,6.44634317,34938
12,08,09,009,12/08/09/009,"AZAMANDU PRY. SCHOOL, I ANNEX, OKPA/IDEGBESUA",THREE IBIES,ETSAKO EAST,7.23877915,6.42724379,34939
12,08,09,010,12/08/09/010,ECHADAKWI P/S IKIOGE/EGABHE III,THREE IBIES,ETSAKO EAST,7.20922674,6.45347837,632959
12,08,09,011,12/08/09/011,ECHADAKWI P/S IKIOGE/EGABHE IV,THREE IBIES,ETSAKO EAST,7.20908671,6.45387164,632960
12,08,09,012,12/08/09/012,PRIMARY HEALTH CENTER BESIDE MARKET SQUARE,THREE IBIES,ETSAKO EAST,7.29479821,6.38661633,632961
12,08,09,013,12/08/09/013,FORMER L E A SCH  UJIOGWA/UKHOMOGWA II,THREE IBIES,ETSAKO EAST,7.20545842,6.45967495,632962
12,08,09,014,12/08/09/014,IMIEGBA GRAMM SCH II,THREE IBIES,ETSAKO EAST,7.19221827,6.44935180,632963
12,08,09,015,12/08/09/015,AZAMANDU P/S IMIEKEBU II,THREE IBIES,ETSAKO EAST,7.22788001,6.44461166,632964
12,08,09,016,12/08/09/016,AZAMANDU P/S IMIEKEBU III,THREE IBIES,ETSAKO EAST,7.22751846,6.44525003,632965
12,08,09,017,12/08/09/017,AFEKHA P/S ITSUKWI II,THREE IBIES,ETSAKO EAST,7.21775050,6.44514007,632966
12,08,10,001,12/08/10/001,"OTSELE PRY. SCHOOL, ODISHEMI/OKUGI/UFODOBO",OKPEKPE,ETSAKO EAST,7.19855047,6.46713735,34940
12,08,10,002,12/08/10/002,"OTSELE PRY. SCHOOL, OKIODE/IVIOKE/NEW SITE",OKPEKPE,ETSAKO EAST,7.19857211,6.46714553,34941
12,08,10,003,12/08/10/003,"OGWOKHA, OKWOKHA-OKPEKPE",OKPEKPE,ETSAKO EAST,7.19932225,6.47056131,34942
12,08,10,004,12/08/10/004,"AMUGE ANNEX, AMUGE-EBELLE",OKPEKPE,ETSAKO EAST,7.22033543,6.56048322,34943
12,08,10,005,12/08/10/005,"ODUBA PRY. SCHOOL, EBELLE TOWN",OKPEKPE,ETSAKO EAST,7.18693694,6.52688729,34944
12,08,10,006,12/08/10/006,"EDOKHA PRY. SCHOOL, UKHOMEDOKHA",OKPEKPE,ETSAKO EAST,7.17468302,6.54697161,34945
12,08,10,007,12/08/10/007,"IKPELLI PRY. SCHOOL, IKPELLI - EBELLE",OKPEKPE,ETSAKO EAST,7.18982735,6.56342830,34946
12,08,10,008,12/08/10/008,"OPEN SPACE, OKEKO/ACHITANYA/UJUOKPASA",OKPEKPE,ETSAKO EAST,7.16076220,6.51226376,34947
12,08,10,009,12/08/10/009,EKHALE P/S AFOMHE OKPEKPE,OKPEKPE,ETSAKO EAST,7.20304685,6.48728494,632915
12,08,10,010,12/08/10/010,OKUGI MARKET SQUARE OKUGI,OKPEKPE,ETSAKO EAST,7.20128410,6.48002990,632916
12,08,10,011,12/08/10/011,OGWA AGBIGE SQ,OKPEKPE,ETSAKO EAST,7.19772674,6.47001989,632917
12,08,10,012,12/08/10/012,PRIMARY HEALTH CENTRE EBELLE,OKPEKPE,ETSAKO EAST,7.18483998,6.53432015,632918
12,08,10,013,12/08/10/013,MARY MOTHER OF GOD P/S OTSATSA,OKPEKPE,ETSAKO EAST,7.19581342,6.47435334,632919
12,09,01,001,12/09/01/001,AFENOKHUA/OTARU PALACE - OPEN SPACE,AUCHI,ETSAKO  WEST,7.06537763,6.26206379,34948
12,09,01,002,12/09/01/002,ABU/IGBAFE - NEAR UGIEDANE MOSQUE,AUCHI,ETSAKO  WEST,7.06449057,6.26203241,34949
12,09,01,003,12/09/01/003,YELUWA - BOOTH,AUCHI,ETSAKO  WEST,7.06441506,6.26285038,34950
12,09,01,004,12/09/01/004,MOMOH ST. EGELEGOR - USOGUN P/S,AUCHI,ETSAKO  WEST,7.06164099,6.25719643,34951
12,09,01,005,12/09/01/005,IDALU ST OPPOSITE T.F. - USOGUN PRIMARY SCHOOL,AUCHI,ETSAKO  WEST,7.06135031,6.25708954,34952
12,09,01,006,12/09/01/006,KADIRI AREA - OPEN SPACE,AUCHI,ETSAKO  WEST,7.06594599,6.26051537,34953
12,09,01,007,12/09/01/007,IYOGAGA QRTS - BOOTH,AUCHI,ETSAKO  WEST,7.06715000,6.26329505,34954
12,09,01,008,12/09/01/008,CENTRAL MOSQUE/UGHELE MKT. AREA - BOOTH INUGHELE MKT.,AUCHI,ETSAKO  WEST,7.06648427,6.26223525,34955
12,09,01,009,12/09/01/009,OKOTO-IYETSE- OKOTO-IYETSE BOOTH,AUCHI,ETSAKO  WEST,7.06783982,6.26377139,34956
12,09,01,010,12/09/01/010,IDANE-IYETSE- IDANE-IYETSE BOOTH,AUCHI,ETSAKO  WEST,7.06827112,6.26407176,34957
12,09,01,011,12/09/01/011,OPEN SPACE -OPP.AFENOKHUA/OLD OTARU PALACE,AUCHI,ETSAKO  WEST,7.06540000,6.26210000,632985
12,09,01,012,12/09/01/012,OPEN SPACE - OPP.TOTAL FILLING STATION UGIEDANE,AUCHI,ETSAKO  WEST,7.09412000,6.26189824,632986
12,09,01,013,12/09/01/013,"OPEN SPACE - OPP.OLD ZENITH BANK BESIDES MOBIL OIL,UGIEDANE",AUCHI,ETSAKO  WEST,7.06633000,6.26215340,632987
12,09,01,014,12/09/01/014,OPEN SPACE -BESIDES TOTAL FILLING STATION UGIEDANE,AUCHI,ETSAKO  WEST,7.06440200,6.26207660,632988
12,09,01,015,12/09/01/015,"OPEN SPACE -ROYAL BLOCK,UGIEDANE",AUCHI,ETSAKO  WEST,7.06326989,6.26200010,632989
12,09,01,016,12/09/01/016,"OPEN SPACE, BEHIND IKARO MOSQUE,IKHARO STR. YELUWA.",AUCHI,ETSAKO  WEST,7.06456820,6.26323330,632990
12,09,01,017,12/09/01/017,OPEN SPACE - COMMUNITY BORE-HOLE YELUWA QUARTERS,AUCHI,ETSAKO  WEST,7.06456821,6.26325340,632991
12,09,01,019,12/09/01/019,"OPEN SPACE,BESIDE LIZBON CAR WASH/BAR, WARRAKE RD.",AUCHI,ETSAKO  WEST,7.05415595,6.25062961,632993
12,09,01,020,12/09/01/020,OPEN SPACE OLD IKELEBE SEC.SCH. WARRAKE RD,AUCHI,ETSAKO  WEST,7.05577964,6.25201128,632994
12,09,01,021,12/09/01/021,OPEN SPACE/MINISTRY OF PHYSICAL PLANNING/URBAN DEV. WARRAKE RD.,AUCHI,ETSAKO  WEST,7.06180488,6.25580829,632995
12,09,01,022,12/09/01/022,"OPEN SPACE,NURTW, OPP. UNIQUE MEDICAL CENTRE WARRAKE RD",AUCHI,ETSAKO  WEST,7.06145318,6.25565339,632996
12,09,01,023,12/09/01/023,"UPPER BLOCK,UCHI P/S USOGUN",AUCHI,ETSAKO  WEST,7.06519841,6.25963815,632997
12,09,01,024,12/09/01/024,TSANGAYA MODEL DAY P/S AUCHI,AUCHI,ETSAKO  WEST,7.06414831,6.25933380,632998
12,09,01,025,12/09/01/025,TSANGAYA MODEL DAY P/S LIBRARY HALL AUCHI,AUCHI,ETSAKO  WEST,7.06424680,6.25991475,632999
12,09,01,026,12/09/01/026,"OPEN SPACE,IYOGAGA/BAWA LANE",AUCHI,ETSAKO  WEST,7.06755313,6.26364000,633000
12,09,01,027,12/09/01/027,OPEN SPACE- AFEADOKHAI JUNCTION/UGHELE MKT,AUCHI,ETSAKO  WEST,7.06940610,6.26435146,633001
12,09,01,028,12/09/01/028,OPEN SPACE -OLELE JUNCTION BY IYETSE STR,AUCHI,ETSAKO  WEST,7.06940610,6.26435146,633002
12,09,01,029,12/09/01/029,"OPEN SPACE,IYETSE STR JUNCTION,OPP. AP FILLING STATION",AUCHI,ETSAKO  WEST,7.06887007,6.26296844,633003
12,09,02,001,12/09/02/001,"AUDU CLOSE - UCHI P/S, AUCHI",AUCHI I,ETSAKO  WEST,7.06551645,6.25951569,34958
12,09,02,002,12/09/02/002,AFESOKHAI QRTS -UCHI P/S,AUCHI I,ETSAKO  WEST,7.06553015,6.25953076,34959
12,09,02,003,12/09/02/003,HAUSA QRTS - UCHI P/S,AUCHI I,ETSAKO  WEST,7.06873788,6.26161582,34960
12,09,02,004,12/09/02/004,AFEKPOLOGHODO - MOMOH P/S,AUCHI I,ETSAKO  WEST,7.07009258,6.25914519,34961
12,09,02,005,12/09/02/005,EGBEADOKHAI/MOMOH STREET- MOMOH PRIMARY SCHOOL,AUCHI I,ETSAKO  WEST,7.07008428,6.25914072,34962
12,09,02,006,12/09/02/006,OTARU P/S AREA - OTARU P/S,AUCHI I,ETSAKO  WEST,7.07100247,6.25398645,34963
12,09,02,007,12/09/02/007,GRA/SPE. HOSPITAL AREA - COUNCIL HALL,AUCHI I,ETSAKO  WEST,7.07601082,6.26444085,34964
12,09,02,009,12/09/02/009,COMPREHENSIVE HIGH SCHOOL JUNCTION BY ILYASE DE TAILOR,AUCHI I,ETSAKO  WEST,7.06587185,6.26015045,633026
12,09,02,010,12/09/02/010,OPEN SPACE BY FUTURE BUILDERS MONTESSORI GROUP OF  SCHOOL WATER TANKER ROAD,AUCHI I,ETSAKO  WEST,7.05879630,6.25356294,633027
12,09,02,011,12/09/02/011,OPEN SPACE - HAUSA QTRS STREET JUNCTION BY WARRAKE RD,AUCHI I,ETSAKO  WEST,7.06666408,6.26154587,633028
12,09,02,012,12/09/02/012,"OPEN SPACE -FORMER UNION BANK, WARRAKE ROAD",AUCHI I,ETSAKO  WEST,7.06439453,6.25717655,633029
12,09,02,014,12/09/02/014,"OPEN SPACE -AFEKPOLOGHODO, INU UMORU STREET",AUCHI I,ETSAKO  WEST,7.06891233,6.26149725,633031
12,09,02,015,12/09/02/015,"MOMOH PRIMARY SCHOOL, EGBEDOKHAI STREET II",AUCHI I,ETSAKO  WEST,7.06938714,6.25892166,633032
12,09,02,016,12/09/02/016,OPEN SPACE BY ALHAJI NASIRU DODO ELAMAH,AUCHI I,ETSAKO  WEST,7.06971720,6.26027986,633033
12,09,02,017,12/09/02/017,OPEN SPACE ENGR.WAHAPI BELLO MOMOH BACK OF ZENITH BANK,AUCHI I,ETSAKO  WEST,7.07098755,6.21698753,633034
12,09,02,019,12/09/02/019,OPEN SPACE - AHMEED MOORE STREET BY GAMBO IBRAHIM HOUSE,AUCHI I,ETSAKO  WEST,7.07733226,6.24889657,633036
12,09,02,020,12/09/02/020,OTARU PRIMARY SCHOOL,AUCHI I,ETSAKO  WEST,7.07127402,6.25420600,633037
12,09,02,021,12/09/02/021,OPEN SPACE- GRA/SPE.HOSPITAL /AREA COUNCIL. NEW OTARU PALACE GRA,AUCHI I,ETSAKO  WEST,7.07615376,6.26313206,633038
12,09,02,022,12/09/02/022,"OPEN SPACE,PAULOSA STREET.OPP COSBY MEMORIAL SCHOOL EDUCATION CENTER",AUCHI I,ETSAKO  WEST,7.07587194,6.25411682,633039
12,09,03,001,12/09/03/001,AFAMANESI-EKHEI P/S,AUCHI II,ETSAKO  WEST,7.06362836,6.26787952,34965
12,09,03,002,12/09/03/002,AFOSIGWE - EKHEI P/S,AUCHI II,ETSAKO  WEST,7.06382515,6.26786136,34966
12,09,03,003,12/09/03/003,AFIGIEBOR/ AFEOLUOGBA-EKHEI P/S,AUCHI II,ETSAKO  WEST,7.06383391,6.26785612,34967
12,09,03,004,12/09/03/004,FED. POLY GOLAN HEIGHT - FED POLY. HOSTEL G   I,AUCHI II,ETSAKO  WEST,7.05737751,6.27330991,34968
12,09,03,005,12/09/03/005,FED. POLY GOLAN HEIGHT - FED POLY. HOSTEL G   II,AUCHI II,ETSAKO  WEST,7.05801816,6.27402014,34969
12,09,03,006,12/09/03/006,AFEASURE/IGBE- AIBOTSE/IGBE P/S I,AUCHI II,ETSAKO  WEST,7.06994352,6.27273731,34970
12,09,03,007,12/09/03/007,AFEOGIRI-IGBE/ AIBOTSE/IGBE P/S II,AUCHI II,ETSAKO  WEST,7.06994816,6.27274697,34971
12,09,03,008,12/09/03/008,EKHEI P/S I,AUCHI II,ETSAKO  WEST,7.06398328,6.26757514,633040
12,09,03,009,12/09/03/009,EKHEI P/S  II,AUCHI II,ETSAKO  WEST,7.06309921,6.26793657,633041
12,09,03,011,12/09/03/011,OPEN SPACE -ALH GIMBA BY  SHARP CORNER POLYTECHNIC RD,AUCHI II,ETSAKO  WEST,7.06312782,6.26205515,633043
12,09,03,012,12/09/03/012,IYEKHEI GIRLS SECONDARY SCHOOL,AUCHI II,ETSAKO  WEST,7.05521273,6.26240350,633044
12,09,03,014,12/09/03/014,"USOKWILI P/S RCCG, OPP PRIMARY HEALTH CARE",AUCHI II,ETSAKO  WEST,7.05030216,6.26311697,633046
12,09,03,015,12/09/03/015,"PRIMARY HEALTH CARE, USOKWILI. AUCHI",AUCHI II,ETSAKO  WEST,7.05074005,6.26350924,633047
12,09,03,018,12/09/03/018,"OPEN SPACE -OPP CAMPUS 2 GATE, AUCHI POLY",AUCHI II,ETSAKO  WEST,7.04645666,6.27022918,633050
12,09,03,019,12/09/03/019,OPEN SPACE -FED POLYTECHNIC  HOSTEL G -,AUCHI II,ETSAKO  WEST,7.05775284,6.27465516,633051
12,09,03,020,12/09/03/020,OPEN SPACE - BESIDE HOSTEL GATE,AUCHI II,ETSAKO  WEST,7.05760311,6.27477888,633052
12,09,03,021,12/09/03/021,"OPEN SPACE -ANGLE 90 (BESIDE ROAD SAFETY ), ALONG B/OKENE ROAD.",AUCHI II,ETSAKO  WEST,7.06525098,6.27833013,633053
12,09,03,022,12/09/03/022,MECHANIC VILLAGE - TOWN HALL,AUCHI II,ETSAKO  WEST,7.06364389,6.28024153,633054
12,09,03,023,12/09/03/023,"OPEN SPACE -AUCHI TRANSMISSION STATION, AKHARUMA",AUCHI II,ETSAKO  WEST,7.06752585,6.28430374,633055
12,09,03,024,12/09/03/024,"OPEN SPACE -OPP AL-MUKHTAR SEC, SCH WINNERS RD",AUCHI II,ETSAKO  WEST,7.07441129,6.28071159,633056
12,09,03,025,12/09/03/025,"OPEN SPACE -BESIDE FOUR SQUARE CHURCH (ALONG WINNER S RD, OFF B/OKENE RD, AUCHI",AUCHI II,ETSAKO  WEST,7.07537519,6.28327478,633057
12,09,03,026,12/09/03/026,"OPEN SPACE , BESIDE MOSQUE (OFF WINNERS RD, AKHARUMAH VIL,)",AUCHI II,ETSAKO  WEST,7.07483584,6.28348835,633058
12,09,03,028,12/09/03/028,"OPEN SPACE-BEHIND IGBE MKT SQ ,",AUCHI II,ETSAKO  WEST,7.06973782,6.27282087,633060
12,09,03,029,12/09/03/029,OPEN SPACE-BESIDE ASSEMBLIES OF GOD CHURCH (ALONG INU UMORU),AUCHI II,ETSAKO  WEST,7.06780834,6.27479263,633061
12,09,03,030,12/09/03/030,"OPEN SPACE - ALONG OGIRI ST.  - B/OKENE, AUCHI",AUCHI II,ETSAKO  WEST,7.07079656,6.27501994,633062
12,09,04,001,12/09/04/001,UDIANEGBE - OLD POST OFFICE,AUCHI  III,ETSAKO  WEST,7.07065228,6.26248649,34972
12,09,04,002,12/09/04/002,OKOTO UGUYI AND IDANE UGUYI - OLELE ST. BOOTH,AUCHI  III,ETSAKO  WEST,7.06986469,6.26488793,34973
12,09,04,003,12/09/04/003,I.C.. E ROAD AREA - I.C.E.,AUCHI  III,ETSAKO  WEST,7.06749923,6.26876302,34974
12,09,04,004,12/09/04/004,IYOFA/OKPOKWILI - NEAR IYOFA MOSQUE,AUCHI  III,ETSAKO  WEST,7.07050544,6.26472503,34975
12,09,04,005,12/09/04/005,AFOBOME - AFOBOME BOOTH,AUCHI  III,ETSAKO  WEST,7.07025311,6.26625468,34976
12,09,04,006,12/09/04/006,OUR LADY OF FATIMA AREAS - OUR LADY OF FATIMA COLLEGE,AUCHI  III,ETSAKO  WEST,7.07899558,6.28093604,34977
12,09,04,007,12/09/04/007,AFEAGBOKHAIKHUME. AIBOTSE - AIBOTSE/ IGBE P/S,AUCHI  III,ETSAKO  WEST,7.06993159,6.27272730,34978
12,09,04,008,12/09/04/008,AFEAGBOKHAIKHUME - AIBOTSE P/S,AUCHI  III,ETSAKO  WEST,7.06994111,6.27273935,34979
12,09,04,009,12/09/04/009,SCH. OF EME IGBIRA CAMP - IGBIRA CAMP BOOTH,AUCHI  III,ETSAKO  WEST,7.08910677,6.23416362,34980
12,09,04,010,12/09/04/010,NICOHO BARRACKS - MAIMI MKT. BOOTH,AUCHI  III,ETSAKO  WEST,7.12283878,6.23305660,34981
12,09,04,011,12/09/04/011,OPEN SPACE PICK UP GARAGE,AUCHI  III,ETSAKO  WEST,7.07202865,6.26270592,633004
12,09,04,012,12/09/04/012,OPEN SPACE BY ALHAJI IGUELAZOR UGIANAGBE,AUCHI  III,ETSAKO  WEST,7.07010782,6.26440175,633005
12,09,04,013,12/09/04/013,I.C.E  ROAD AREA - ICE,AUCHI  III,ETSAKO  WEST,7.06727996,6.26922939,633006
12,09,04,014,12/09/04/014,OPEN SPACE BY UGHUYE PALACE AKPEKPE,AUCHI  III,ETSAKO  WEST,7.06845583,6.26558695,633007
12,09,04,015,12/09/04/015,OPEN SPACE NEAR RISING STAR BAKARY UGHUYE AKPEKPE,AUCHI  III,ETSAKO  WEST,7.06696820,6.26699813,633008
12,09,04,016,12/09/04/016,OPEN SPACE OKPOKWILI SQUARE AKPEKPE,AUCHI  III,ETSAKO  WEST,7.07149229,6.26557153,633009
12,09,04,017,12/09/04/017,ETSAKO PRIMARY SCHOOL AKPEKPE,AUCHI  III,ETSAKO  WEST,7.07373885,6.26722846,633010
12,09,04,018,12/09/04/018,"OPEN SPACE BY DARISU ALIU, AFOBOME",AUCHI  III,ETSAKO  WEST,7.06987790,6.26697164,633011
12,09,04,019,12/09/04/019,"OPEN SPACE BY LATE ALHAJI SALAWE BEHIND UBA BANK, SALAWE.",AUCHI  III,ETSAKO  WEST,7.07125506,6.26770920,633012
12,09,04,020,12/09/04/020,OPEN SPACE GIMBA PALACE AFOBOME,AUCHI  III,ETSAKO  WEST,7.07028915,6.26634635,633013
12,09,04,021,12/09/04/021,NEPA OFFICE AIBOTSE,AUCHI  III,ETSAKO  WEST,7.07553389,6.27537835,633014
12,09,04,022,12/09/04/022,AIBOTSE SECONDARY SCHOOL I,AUCHI  III,ETSAKO  WEST,7.07312315,6.27431083,633015
12,09,04,023,12/09/04/023,AIBOTSE SECONDARY SCHOOL II,AUCHI  III,ETSAKO  WEST,7.07302017,6.27514265,633016
12,09,04,024,12/09/04/024,AIBOTSE TOWN HALL I,AUCHI  III,ETSAKO  WEST,7.07164268,6.27049875,633017
12,09,04,025,12/09/04/025,AIBOTSE YOUTH PRIMARY SCHOOL,AUCHI  III,ETSAKO  WEST,7.07322013,6.27609853,633018
12,09,04,026,12/09/04/026,AIBOTSE SECONDARY SCHOOL II,AUCHI  III,ETSAKO  WEST,7.07330398,6.27485264,633019
12,09,04,027,12/09/04/027,AIBOTSE TOWN HALL II,AUCHI  III,ETSAKO  WEST,7.07155152,6.27050109,633020
12,09,04,028,12/09/04/028,AIBOTSE YOUTH PRIMARY SCHOOL I,AUCHI  III,ETSAKO  WEST,7.07324109,6.27634864,633021
12,09,04,029,12/09/04/029,OPEN SPACE BRAIMAH PETRO STATION IGBIRA CAMP,AUCHI  III,ETSAKO  WEST,7.08918997,6.23431843,633022
12,09,04,030,12/09/04/030,OTARU PRIMARY ANNEX IGBIRA CAMP,AUCHI  III,ETSAKO  WEST,7.08687095,6.22935668,633023
12,09,04,031,12/09/04/031,HEALTH CENTRE IGBIRA CAMP,AUCHI  III,ETSAKO  WEST,7.08720433,6.22873776,633024
12,09,05,001,12/09/05/001,SABO-IYAKPI-EKHAIBHELE PRY. / SCH. I,SOUTH IBIE,ETSAKO  WEST,7.05936008,6.28156674,34982
12,09,05,002,12/09/05/002,SABO-IYAKPI-EKHAIBHELE PRY. / SCH. II,SOUTH IBIE,ETSAKO  WEST,7.05921990,6.28012991,34983
12,09,05,003,12/09/05/003,AFOGBE- IYAKPI - OSHIOZEKHAI P/S,SOUTH IBIE,ETSAKO  WEST,7.05224570,6.28911599,34984
12,09,05,004,12/09/05/004,ANWUOWELE IYAKPI-OSIOZEKHAI P/S,SOUTH IBIE,ETSAKO  WEST,7.05222733,6.28914038,34985
12,09,05,005,12/09/05/005,AFOMHE IYESIMU- OSHIOZEKHAI PRIMARY SCHOOL,SOUTH IBIE,ETSAKO  WEST,7.05223544,6.28915143,34986
12,09,05,006,12/09/05/006,ODIEBIE/EGBAI - OSHIOZEKHAI PRY. / SCH.,SOUTH IBIE,ETSAKO  WEST,7.05223103,6.28914209,34987
12,09,05,007,12/09/05/007,AFOKHOKHO AFOKHAI- NEAR AIDONOGIE PALACE (BOOTH),SOUTH IBIE,ETSAKO  WEST,7.05201836,6.28571830,34988
12,09,05,008,12/09/05/008,AFOME IYAKPAKWE - IBIENAFE TOWN HALL,SOUTH IBIE,ETSAKO  WEST,7.05517705,6.30330546,34989
12,09,05,009,12/09/05/009,ABHOME/UKPOLOGIE IBIE - IGEBO P/S,SOUTH IBIE,ETSAKO  WEST,7.05283659,6.30382791,34990
12,09,05,010,12/09/05/010,UGIEDA - UGIEDA P/S,SOUTH IBIE,ETSAKO  WEST,7.04458623,6.31924474,34991
12,09,05,011,12/09/05/011,IYEREKHU - IYEREKHU PRY.  / SCH. I,SOUTH IBIE,ETSAKO  WEST,7.02476343,6.33694291,34992
12,09,05,012,12/09/05/012,IYEREKHU - IYEREKHU PRY. /SCH. II,SOUTH IBIE,ETSAKO  WEST,7.02477354,6.33693257,34993
12,09,05,013,12/09/05/013,UGUEKHAI IKIRODA PRY SCH.,SOUTH IBIE,ETSAKO  WEST,7.03151148,6.35531097,34994
12,09,05,014,12/09/05/014,"AKUME PRY SCH, EGBOGIO",SOUTH IBIE,ETSAKO  WEST,7.03151202,6.35533282,34995
12,09,05,015,12/09/05/015,OPEN SPACE -FRONT OF AWA HOPE NUR/PRY SCH. BY HAYDAK HOTELS-SABO,SOUTH IBIE,ETSAKO  WEST,7.05338500,6.27388000,633085
12,09,05,016,12/09/05/016,OPEN SPACE - OSU VILLAGE SQUARE ALONG AMIDU IKIENU STREET,SOUTH IBIE,ETSAKO  WEST,7.02955330,6.27758380,633086
12,09,05,017,12/09/05/017,OPEN SPACE-OBA DANESI VILLAGE SQUARE OPPOSITE AUCHI POLY CAMPUS 2 GATE,SOUTH IBIE,ETSAKO  WEST,7.04459529,6.27117164,633087
12,09,05,018,12/09/05/018,SABO-EKHAIBVELE PRY SCH. III,SOUTH IBIE,ETSAKO  WEST,7.05847155,6.28050171,633088
12,09,05,019,12/09/05/019,SABO-EKHAIVBELE PRY. SCH. IV,SOUTH IBIE,ETSAKO  WEST,7.05895668,6.27960820,633089
12,09,05,020,12/09/05/020,SABO-EKHAIVBELE PRY SCH. V,SOUTH IBIE,ETSAKO  WEST,7.05826659,6.27976551,633090
12,09,05,021,12/09/05/021,"OPEN FIELD BY PASTORAL CENTRE, OPP. LEVIS GAS SABO",SOUTH IBIE,ETSAKO  WEST,7.06252059,6.28401004,633091
12,09,05,022,12/09/05/022,PRIMARY HEALTH CENTER-SABO I,SOUTH IBIE,ETSAKO  WEST,7.05479614,6.27968330,633092
12,09,05,023,12/09/05/023,OPEN SPACE 2ND POWERLINE FRONT OF DEEPER LIFE CHURCH-SABO,SOUTH IBIE,ETSAKO  WEST,7.05175691,6.28113672,633093
12,09,05,024,12/09/05/024,ANOGWELE BOREHOLE WATER OPEN SPACE I,SOUTH IBIE,ETSAKO  WEST,7.04903342,6.28490590,633094
12,09,05,025,12/09/05/025,"ANOGWELE BOREHOLE WATER OPEN SPACE II, OSOMEGBE",SOUTH IBIE,ETSAKO  WEST,7.07900847,6.28496323,633095
12,09,05,026,12/09/05/026,OPEN SPACE - OSOMEGBE GENERAL MOSQUE PREMISES,SOUTH IBIE,ETSAKO  WEST,7.04813069,6.29016034,633096
12,09,05,027,12/09/05/027,OPEN SPACE OGWODE QUARTER -IYAKPI,SOUTH IBIE,ETSAKO  WEST,7.05486003,6.28808984,633097
12,09,05,028,12/09/05/028,SOUTH-IBIE SEC. SCH. IYAKPI I,SOUTH IBIE,ETSAKO  WEST,7.05166730,6.29529510,633098
12,09,05,029,12/09/05/029,SOUTH-IBIE SEC. SCH. IYAKPI II,SOUTH IBIE,ETSAKO  WEST,7.05149404,6.29554970,633099
12,09,05,030,12/09/05/030,OPEN SPACE ODIBIE QTRS SQUARE BY THE MOSQUE-IYAKPI,SOUTH IBIE,ETSAKO  WEST,7.05073706,6.28637675,633100
12,09,05,031,12/09/05/031,OPEN SPACE -OLD COURT PREMISES  IYAKPI,SOUTH IBIE,ETSAKO  WEST,7.05188335,6.28791500,633101
12,09,05,032,12/09/05/032,OPEN SPACE- AFIDANESI PALACE OPEN SPACE  IYAKPI,SOUTH IBIE,ETSAKO  WEST,7.05239011,6.28526498,633102
12,09,05,033,12/09/05/033,AFOGBE/AFOKHAI VILLAGE SQUARE BY AFOGBE MOSQUE,SOUTH IBIE,ETSAKO  WEST,7.05217117,6.28392186,633103
12,09,05,034,12/09/05/034,OPEN SPACE -AFOMHE QUARTER  FRONT OF CHIEF'S PALACE-IBIENAFE,SOUTH IBIE,ETSAKO  WEST,7.05536379,6.30301349,633104
12,09,05,035,12/09/05/035,IBIENAFE SEC. SCHOOL  IBIENAFE I,SOUTH IBIE,ETSAKO  WEST,7.05056816,6.30273990,633105
12,09,05,036,12/09/05/036,OPEN SPACE- UKPOLOGE-OBEOMO- IBIENAFE,SOUTH IBIE,ETSAKO  WEST,7.05609182,6.30177330,633106
12,09,05,037,12/09/05/037,IBIENAFE SEC. SCHOOL  IBIENAFE II,SOUTH IBIE,ETSAKO  WEST,7.05216185,6.30302154,633107
12,09,05,038,12/09/05/038,"OPEN SPACE -IYONAMHE QUARTER BY THE MOSQUE, UGIEDA",SOUTH IBIE,ETSAKO  WEST,7.04732379,6.31325819,633108
12,09,05,039,12/09/05/039,"UGIEDA MARKET SQUARE II, BY CENTRAL MOSQUE",SOUTH IBIE,ETSAKO  WEST,7.04594880,6.31761510,633109
12,09,05,040,12/09/05/040,IYEREKHU VILLAGE MARKET SQUARE I,SOUTH IBIE,ETSAKO  WEST,7.02335002,6.33813668,633110
12,09,05,041,12/09/05/041,IYEREKHU VILLAGE MARKET SQUARE II,SOUTH IBIE,ETSAKO  WEST,7.02322823,6.33793987,633111
12,09,05,042,12/09/05/042,IYEREKHU PRY SCH III,SOUTH IBIE,ETSAKO  WEST,7.02442218,6.33720160,633112
12,09,05,043,12/09/05/043,UGIEKHAI TOWN HALL,SOUTH IBIE,ETSAKO  WEST,7.02477324,6.34580813,633113
12,09,05,044,12/09/05/044,AKHUME PRY SCH  EGBOGIO,SOUTH IBIE,ETSAKO  WEST,7.03079581,6.37130991,633114
12,09,06,001,12/09/06/001,IHILAME- ADULT SCH. HALL UPPER IHILAME I,JAGBE,ETSAKO  WEST,6.81926440,6.27748513,34996
12,09,06,002,12/09/06/002,IHILAME- ADULT SCH. HALL UPPER IHILAME II,JAGBE,ETSAKO  WEST,6.81925890,6.27749010,34997
12,09,06,003,12/09/06/003,IHILAME - ENIALIGIE P/S,JAGBE,ETSAKO  WEST,6.82327003,6.28595740,34998
12,09,06,004,12/09/06/004,IKHUA - EBESEMOBO P/S,JAGBE,ETSAKO  WEST,6.83008478,6.27631749,34999
12,09,06,005,12/09/06/005,EKO-EBOGIELE- DISPENSARY MATERNITY,JAGBE,ETSAKO  WEST,6.83374964,6.28306461,35000
12,09,06,006,12/09/06/006,IMIOKONO - AGBEN P/S,JAGBE,ETSAKO  WEST,6.81698576,6.29068787,35001
12,09,06,007,12/09/06/007,IMIOGIA - AGBEN P/S,JAGBE,ETSAKO  WEST,6.81698421,6.29067769,35002
12,09,07,001,12/09/07/001,EKIODE MOMUDU COL. AREA - MOMODU COLLEGE,AVIELE,ETSAKO  WEST,6.84494389,6.25456270,35003
12,09,07,002,12/09/07/002,AGAGA QTRS - OMOAKA P/S,AVIELE,ETSAKO  WEST,6.85019028,6.25610382,35004
12,09,07,003,12/09/07/003,HABEEB CAMP IYEZAMA - ATEBHEDA P/S,AVIELE,ETSAKO  WEST,6.85319837,6.25790338,35005
12,09,07,004,12/09/07/004,OSOMEGBE OKWALE - ATEBHEDA P/S,AVIELE,ETSAKO  WEST,6.85319283,6.25790026,35006
12,09,07,005,12/09/07/005,DODODAWA AREAS - BOOTH NEAR PALACE MARKET.,AVIELE,ETSAKO  WEST,6.86116016,6.26309525,35007
12,09,07,006,12/09/07/006,AFAZOBA/ABUMERE/IYEKHUAZU - AZEMOKAI P/S,AVIELE,ETSAKO  WEST,6.86402405,6.26601172,35008
12,09,07,007,12/09/07/007,YORUBA/IYELEKPIGIE/IYIOKO - AZEMOKHAI P/S,AVIELE,ETSAKO  WEST,6.86402385,6.26598810,35009
12,09,07,008,12/09/07/008,ODIGIE - IYEKERE JUNCTION,AVIELE,ETSAKO  WEST,6.86848183,6.28415536,35010
12,09,07,009,12/09/07/009,EGHO OLD SITE -BOOTH,AVIELE,ETSAKO  WEST,6.87597282,6.28232441,35011
12,09,07,010,12/09/07/010,EGHO NEW SITE EGHO P/S,AVIELE,ETSAKO  WEST,6.87046086,6.27629205,35012
12,09,07,011,12/09/07/011,OGUOLA - BOOTH AT OGUOLA,AVIELE,ETSAKO  WEST,6.84746779,6.32160422,35013
12,09,07,012,12/09/07/012,EGONO - EGONO P/S,AVIELE,ETSAKO  WEST,6.96289384,6.27047197,35014
12,09,07,013,12/09/07/013,OKOTO-UGHIOLI - UGHIOLI P/S I,AVIELE,ETSAKO  WEST,7.00940750,6.27781904,35015
12,09,07,014,12/09/07/014,OKOTO-UGHIOLI - UGHIOLI P/S II,AVIELE,ETSAKO  WEST,7.00947133,6.27780233,35016
12,09,07,015,12/09/07/015,IDANE UGHOLI - UGHIOLI P/S,AVIELE,ETSAKO  WEST,7.00945715,6.27780605,35017
12,09,07,016,12/09/07/016,ADETSE EKO UBIANE - ESIVUE P/S,AVIELE,ETSAKO  WEST,7.01175721,6.29600212,35018
12,09,07,017,12/09/07/017,AFANOKPI UBIANE - ESIVUE P/S,AVIELE,ETSAKO  WEST,7.01176481,6.29600719,35019
12,09,07,021,12/09/07/021,OPEN SPACE - DODODAWA BY YUSUF MOMODU,AVIELE,ETSAKO  WEST,6.85898285,6.62617745,633066
12,09,07,026,12/09/07/026,ZONGO ESTAKO WEST CATTLE MARKET AVIELE,AVIELE,ETSAKO  WEST,7.02857533,6.27469171,633071
12,09,07,027,12/09/07/027,ABC NURSERY AND PRIMARY EKE QUARTERS I,AVIELE,ETSAKO  WEST,7.01044174,6.27529118,633072
12,09,07,028,12/09/07/028,ABC NURSERY AND PRIMARY SCHOOL EKE QUARTERS II,AVIELE,ETSAKO  WEST,7.01052926,6.27480050,633073
12,09,07,029,12/09/07/029,OPEN SPACE UGHIOLI CAR PACK T-JUNCTION,AVIELE,ETSAKO  WEST,7.01236048,6.27766796,633074
12,09,07,030,12/09/07/030,OPEN SPACE LOCAL GOVERNMENT TRAILER PACK AVIELE,AVIELE,ETSAKO  WEST,7.01526687,6.27690788,633075
12,09,07,031,12/09/07/031,UGHIOLI SECONDARY SCHOOL,AVIELE,ETSAKO  WEST,7.02068594,6.28005221,633076
12,09,07,032,12/09/07/032,"OPEN SPACE,OPPOSITE CATHOLIC CHURCH,UGHIOLE.",AVIELE,ETSAKO  WEST,7.02456955,6.26857089,633077
12,09,07,033,12/09/07/033,"OPEN SPACE,FRONT OF UGHIOLE MARKET SQUARE",AVIELE,ETSAKO  WEST,7.01235982,6.27847563,633078
12,09,07,035,12/09/07/035,OPEN SPACE BY MALLAM YUSUF MUTALA UBIANE,AVIELE,ETSAKO  WEST,7.18836550,6.29250860,633080
12,09,07,036,12/09/07/036,HEALTH CENTRE UBIANE,AVIELE,ETSAKO  WEST,7.01089397,6.28578700,633081
12,09,07,037,12/09/07/037,OPEN SPACE BY EMOZOFU UBIANE MARKET SQUARE I,AVIELE,ETSAKO  WEST,7.01161907,6.28039576,633082
12,09,07,038,12/09/07/038,OPEN SPACE UBIANE MARKET II,AVIELE,ETSAKO  WEST,7.01199078,6.28023416,633083
12,09,08,001,12/09/08/001,IDEGUN / UKPEKO - AMAH - UNITY P/S  IDEGUN,ANWAIN,ETSAKO  WEST,6.90419739,6.41149352,35020
12,09,08,002,12/09/08/002,IDEGUN/UKEPKO - AMAH - UNITY  P/S IDEGUN,ANWAIN,ETSAKO  WEST,6.90419956,6.41148870,35021
12,09,08,003,12/09/08/003,"OVUGHU/ALIMOGIZA - OGIEMUDU  P/S, EWORA",ANWAIN,ETSAKO  WEST,6.89289393,6.35332325,35022
12,09,08,004,12/09/08/004,"OTTEH/IGHIRA - OGIEMUDU  P/S, EWORA",ANWAIN,ETSAKO  WEST,6.89289267,6.35332286,35023
12,09,08,005,12/09/08/005,"IBHIOBA - IBHIOBA PRMARY SCHOOL,  IBHIOBA",ANWAIN,ETSAKO  WEST,6.92739492,6.41632439,35024
12,09,08,006,12/09/08/006,"IMIEFOM/UMHEN - IYOKE  P/S, EWARE",ANWAIN,ETSAKO  WEST,6.92669164,6.44326714,35025
12,09,08,007,12/09/08/007,"IMIAMOBOR/IMIAIDA/UYAKI - IYOKE P/S,  EWARE",ANWAIN,ETSAKO  WEST,6.92668976,6.44326248,35026
12,09,08,008,12/09/08/008,"AMAH/IGBO/ORIAFO - IGHUKU  P/S, AMAH I",ANWAIN,ETSAKO  WEST,6.83093136,6.40536123,35027
12,09,08,009,12/09/08/009,"AMAH/IGBO/ORIAFO - IGHUKU P/S,  AMAH II",ANWAIN,ETSAKO  WEST,6.83088900,6.40540143,35028
12,09,08,010,12/09/08/010,OPEN SPACE BY ALH ABDUL-MUMIN JUBRI QTRS IDEGUN,ANWAIN,ETSAKO  WEST,6.90307737,6.41003122,632981
12,09,08,011,12/09/08/011,OPEN SPACE BY UGHELE/OARE PALACE QTRS,ANWAIN,ETSAKO  WEST,6.90398098,6.41732723,632982
12,09,08,012,12/09/08/012,OPEN SPACE UPPER AMAH AKPOLO/ IFELOA QTRS -,ANWAIN,ETSAKO  WEST,6.83051739,6.40558854,632983
12,09,08,013,12/09/08/013,"IGHUKU PRY SCH, AMAH - EKUOZOR CAMP",ANWAIN,ETSAKO  WEST,6.83142254,6.40614912,632984
12,09,09,001,12/09/09/001,"UGBENOR / IYUKU-UKU P/S,  IYUKU (JNR)",UZAIRUE NORTH WEST,ETSAKO  WEST,7.15517491,6.24741568,35029
12,09,09,002,12/09/09/002,OKPOKWILI- OLELE - BOOTH,UZAIRUE NORTH WEST,ETSAKO  WEST,7.16047649,6.24592204,35030
12,09,09,003,12/09/09/003,IYAKHALA I - UKU P/S (SNR.),UZAIRUE NORTH WEST,ETSAKO  WEST,7.16213985,6.24833980,35031
12,09,09,004,12/09/09/004,IYAKHALA II - ADULT EDU HALL,UZAIRUE NORTH WEST,ETSAKO  WEST,7.16128019,6.24896657,35032
12,09,09,005,12/09/09/005,OLELE - OPEN SPACE (MATERNITY),UZAIRUE NORTH WEST,ETSAKO  WEST,7.16001703,6.24234394,35033
12,09,09,006,12/09/09/006,IMEKE - IMEKE P/S,UZAIRUE NORTH WEST,ETSAKO  WEST,7.13282810,6.25830511,35034
12,09,09,007,12/09/09/007,IYOTSE - IMEKE P/S,UZAIRUE NORTH WEST,ETSAKO  WEST,7.13281324,6.25829762,35035
12,09,09,008,12/09/09/008,IMEKE/IYOTSE - IMEKE P/S,UZAIRUE NORTH WEST,ETSAKO  WEST,7.13279603,6.25830400,35036
12,09,09,009,12/09/09/009,ELELE I - INIGBI P/S,UZAIRUE NORTH WEST,ETSAKO  WEST,7.11278168,6.29444300,35037
12,09,09,010,12/09/09/010,ELELE  II - INIGBI P/S,UZAIRUE NORTH WEST,ETSAKO  WEST,7.11277856,6.29444038,35038
12,09,09,011,12/09/09/011,ELELE  III - INIGBI P/S,UZAIRUE NORTH WEST,ETSAKO  WEST,7.11276484,6.29444123,35039
12,09,09,012,12/09/09/012,AGHEDA/AYUA -IZUAGIE P/S,UZAIRUE NORTH WEST,ETSAKO  WEST,7.12034910,6.28512257,35040
12,09,09,013,12/09/09/013,IYAGBUGHIE - IZUAGIE P/S,UZAIRUE NORTH WEST,ETSAKO  WEST,7.12034386,6.28511284,35041
12,09,09,014,12/09/09/014,OPEN SPACE -UGBENOR JUNCTION IYUKU,UZAIRUE NORTH WEST,ETSAKO  WEST,7.15297628,6.25041244,633125
12,09,09,015,12/09/09/015,OPEN SPACE -IYUKU MARKET SQUARE,UZAIRUE NORTH WEST,ETSAKO  WEST,7.15907535,6.24849558,633126
12,09,09,016,12/09/09/016,"OPEN SPACE -IYOWU, BY THE PALACE",UZAIRUE NORTH WEST,ETSAKO  WEST,7.16062987,6.25106446,633127
12,09,09,018,12/09/09/018,"OPEN SPACE - ELELE OKPOKWIRI, NEAR SHAMACH FILLING STATION",UZAIRUE NORTH WEST,ETSAKO  WEST,7.10588221,6.29353087,633129
12,09,09,019,12/09/09/019,"AGHEDA TOWN HALL, AYUA",UZAIRUE NORTH WEST,ETSAKO  WEST,7.10588221,6.29353087,633130
12,09,09,020,12/09/09/020,IYAGBUGHIE TOWN HALL,UZAIRUE NORTH WEST,ETSAKO  WEST,7.11689914,6.28566127,633131
12,09,10,001,12/09/10/001,IYAMOH - IYAMOH P/S,UZAIRUE NORTH EAST,ETSAKO  WEST,7.14137603,6.31425624,35042
12,09,10,002,12/09/10/002,OGBIDO/IKHOLO - OSAGBE P/S,UZAIRUE NORTH EAST,ETSAKO  WEST,7.14544114,6.32725940,35043
12,09,10,003,12/09/10/003,ULUOKE/AYAOGHENA - OGIO P/S,UZAIRUE NORTH EAST,ETSAKO  WEST,7.15590287,6.32737733,35044
12,09,10,004,12/09/10/004,AFOWA I - AFOWA TOWN HALL,UZAIRUE NORTH EAST,ETSAKO  WEST,7.10093830,6.30557714,35045
12,09,10,005,12/09/10/005,AFOWA II - TOWN HALL,UZAIRUE NORTH EAST,ETSAKO  WEST,7.10095298,6.30557474,35046
12,09,10,006,12/09/10/006,AFOWA  III - AFOWA P/S,UZAIRUE NORTH EAST,ETSAKO  WEST,7.09734254,6.30207220,35047
12,09,10,007,12/09/10/007,OKHUFOVO  IYORAH - IYORAH P/S,UZAIRUE NORTH EAST,ETSAKO  WEST,7.12737436,6.34977084,35048
12,09,10,008,12/09/10/008,IYAZINOGBO IYOLO/IYORERE - IYORAH P/S,UZAIRUE NORTH EAST,ETSAKO  WEST,7.12737604,6.34977523,35049
12,09,10,009,12/09/10/009,AYOGHENA OLD SITE - BOOTH,UZAIRUE NORTH EAST,ETSAKO  WEST,7.12596956,6.35819612,35050
12,09,10,010,12/09/10/010,AKPAKOBO IYAOMO - MARKET HALL,UZAIRUE NORTH EAST,ETSAKO  WEST,7.13956165,6.38729994,35051
12,09,10,011,12/09/10/011,AKPENAMHO  IVIOSI - SULE P/S,UZAIRUE NORTH EAST,ETSAKO  WEST,7.13795029,6.39074444,35052
12,09,10,012,12/09/10/012,OGHOMERE - APANA M.S.S.,UZAIRUE NORTH EAST,ETSAKO  WEST,7.14504487,6.39377253,35053
12,09,10,013,12/09/10/013,IYOFA - SULE P/S,UZAIRUE NORTH EAST,ETSAKO  WEST,7.13795709,6.39073846,35054
12,09,10,014,12/09/10/014,AKPASAVAMEH - NEAR ANG. CHURCH,UZAIRUE NORTH EAST,ETSAKO  WEST,7.13986851,6.38992363,35055
12,09,10,015,12/09/10/015,AKPASAVAMAH - BOOTH NEAR ANGLICAN CHURCH,UZAIRUE NORTH EAST,ETSAKO  WEST,7.13988036,6.38992450,35056
12,09,10,016,12/09/10/016,AKPOKOBO IVIOMOH - (BOOTH)  MARKET STORE,UZAIRUE NORTH EAST,ETSAKO  WEST,7.13960081,6.38735522,35057
12,09,10,017,12/09/10/017,IYAMOH - IYAMOH P/S   II,UZAIRUE NORTH EAST,ETSAKO  WEST,7.14139567,6.31417517,633115
12,09,10,018,12/09/10/018,IYAMOH  - IYAMOH SEC/S  I,UZAIRUE NORTH EAST,ETSAKO  WEST,7.14844445,6.35169162,633116
12,09,10,019,12/09/10/019,IYAMOH  - IYAMOH SEC/S  II,UZAIRUE NORTH EAST,ETSAKO  WEST,7.14185176,6.31571174,633117
12,09,10,020,12/09/10/020,OGBIDO/IKHOLO-OSAGBE P/S   II,UZAIRUE NORTH EAST,ETSAKO  WEST,7.14546560,6.32835534,633118
12,09,10,021,12/09/10/021,ULOKE /AYAOGHENA - OGIO P/S. II,UZAIRUE NORTH EAST,ETSAKO  WEST,7.15553550,6.32821870,633119
12,09,10,022,12/09/10/022,"AFOWA  MIXED S/S, AFOWA",UZAIRUE NORTH EAST,ETSAKO  WEST,7.10187215,6.30642124,633120
12,09,10,024,12/09/10/024,"AFOWA P/S, AFOWA",UZAIRUE NORTH EAST,ETSAKO  WEST,7.09730810,6.30210007,633122
12,09,10,025,12/09/10/025,"IYORAH MARKET SQUARE, IYORAH.",UZAIRUE NORTH EAST,ETSAKO  WEST,7.10187215,6.34752276,633123
12,09,10,026,12/09/10/026,OGHOMERE  - APANA  M. S/ S  II,UZAIRUE NORTH EAST,ETSAKO  WEST,7.10377654,6.39240940,633124
12,09,11,001,12/09/11/001,PALACE AREA- OYAGHA P/S,UZAIRUE SOUTH WEST,ETSAKO  WEST,7.08738043,6.29632179,35058
12,09,11,002,12/09/11/002,OKOTOELO AYEGHA - OYAGHA P/S,UZAIRUE SOUTH WEST,ETSAKO  WEST,7.08737883,6.29632366,35059
12,09,11,003,12/09/11/003,IYEGBEFUE - OYAGHA P/S,UZAIRUE SOUTH WEST,ETSAKO  WEST,7.08737889,6.29633133,35060
12,09,11,004,12/09/11/004,"OMOGBAE, TV ROAD, YELUWA - AZAMA P/S YELUWA",UZAIRUE SOUTH WEST,ETSAKO  WEST,7.08989968,6.29165680,35061
12,09,11,005,12/09/11/005,USOKWI IYOGBE - AZAMA PRIMARY SCHOOL,UZAIRUE SOUTH WEST,ETSAKO  WEST,7.08989862,6.29165122,35062
12,09,11,006,12/09/11/006,OKOTO UKWE - OMOGBAI P/S I,UZAIRUE SOUTH WEST,ETSAKO  WEST,7.09543877,6.29339967,35063
12,09,11,007,12/09/11/007,OMOTO OGBE - OMOGBAI P/S II,UZAIRUE SOUTH WEST,ETSAKO  WEST,7.09542650,6.29339193,35064
12,09,11,008,12/09/11/008,OKOTO IYOGBE - OMOGBAI P/S IYUKU ROAD,UZAIRUE SOUTH WEST,ETSAKO  WEST,7.09542964,6.29338819,35065
12,09,11,009,12/09/11/009,IYUKU ROAD/YELUWA EXP - MARKET BOARD,UZAIRUE SOUTH WEST,ETSAKO  WEST,7.09177740,6.28684834,35066
12,09,11,010,12/09/11/010,IYEREMHE - COURT HALL,UZAIRUE SOUTH WEST,ETSAKO  WEST,7.09218038,6.29536712,35067
12,09,11,011,12/09/11/011,UGHIE ELELE - OLUKHU P/S,UZAIRUE SOUTH WEST,ETSAKO  WEST,7.09790713,6.29264459,35068
12,09,11,012,12/09/11/012,OGHEMESE AREA - OPEN SPACE,UZAIRUE SOUTH WEST,ETSAKO  WEST,7.08541525,6.28632439,35069
12,09,11,013,12/09/11/013,VENUS QRTS I - OMODAGBE FRONTAGE,UZAIRUE SOUTH WEST,ETSAKO  WEST,7.08714231,6.28777177,35070
12,09,11,014,12/09/11/014,VENUS QRTS II - IDAWEKHAI FRONTAGE,UZAIRUE SOUTH WEST,ETSAKO  WEST,7.08714035,6.28777228,35071
12,09,11,015,12/09/11/015,YELUWA VILLAGE - BOOTH NEAR YELUWA MOSQUE,UZAIRUE SOUTH WEST,ETSAKO  WEST,7.08883269,6.28932930,35072
12,09,11,016,12/09/11/016,IYATE - IYATE HALL,UZAIRUE SOUTH WEST,ETSAKO  WEST,7.09116335,6.29717870,35073
12,09,11,017,12/09/11/017,OPEN SPACE-OPP THE PALACE (IYONO QTRS),UZAIRUE SOUTH WEST,ETSAKO  WEST,7.09120953,6.29644610,633142
12,09,11,018,12/09/11/018,OPEN SPACE -NTA PREMISES UZAIRUE STATION,UZAIRUE SOUTH WEST,ETSAKO  WEST,7.08653358,6.29306819,633143
12,09,11,019,12/09/11/019,"JATTU SEC SCHL, JATTU",UZAIRUE SOUTH WEST,ETSAKO  WEST,7.08559166,6.30358359,633144
12,09,11,020,12/09/11/020,"OPEN SPACE  (OPP PST ISA.) SABO QTRS, JATTU  BEHIND NTA STATION",UZAIRUE SOUTH WEST,ETSAKO  WEST,7.08630234,6.29130397,633145
12,09,11,021,12/09/11/021,OPEN SPACE (BEHIND AZAMA P/S),UZAIRUE SOUTH WEST,ETSAKO  WEST,7.08841874,6.29097880,633146
12,09,11,022,12/09/11/022,"OPEN SPACE BESIDE MOSQUE, IYOGBE QTRS, JATTU",UZAIRUE SOUTH WEST,ETSAKO  WEST,7.09179111,6.29449915,633147
12,09,11,023,12/09/11/023,"OPEN SPACE BY IKIODA STR, OPP AZAMA  P/S, JATTU",UZAIRUE SOUTH WEST,ETSAKO  WEST,7.09319848,6.29033200,633148
12,09,11,024,12/09/11/024,"AZAMA PRIMARY SCHOOL I, JATTU",UZAIRUE SOUTH WEST,ETSAKO  WEST,7.08993658,6.29286434,633149
12,09,11,025,12/09/11/025,"AZAMA PRIMARY SCHOOL II, JATTU,",UZAIRUE SOUTH WEST,ETSAKO  WEST,7.09179111,6.29449915,633150
12,09,11,026,12/09/11/026,"OPEN SPACE BY BEDC TRANSFORMER, BY MARGITA HOTEL STR",UZAIRUE SOUTH WEST,ETSAKO  WEST,7.09809195,6.28786270,633151
12,09,11,027,12/09/11/027,"OPEN SPACE BY AYUA RD, OPP PST BEN HOUSE, BY KEJOEUTOF HOTEL JUNCT",UZAIRUE SOUTH WEST,ETSAKO  WEST,7.10259445,6.28863752,633152
12,09,11,028,12/09/11/028,OPEN SPACE BY OKOTO-UKWE RD BY HOME OF REFUGE JUNCT.,UZAIRUE SOUTH WEST,ETSAKO  WEST,7.09809195,6.29611585,633153
12,09,11,029,12/09/11/029,"OPEN SPACE BY IKOYI ELELE RD, OPP REVELATION CHURCH",UZAIRUE SOUTH WEST,ETSAKO  WEST,7.10095555,6.29573833,633154
12,09,11,030,12/09/11/030,JATTU TOWN HALL BY IYUKU RD,UZAIRUE SOUTH WEST,ETSAKO  WEST,7.09988624,6.28102642,633155
12,09,11,031,12/09/11/031,"OPEN SPACE BY  FRONT OF OKWELAGWE, BY IKOYI PHASE L, OLD POLICE STATION RD",UZAIRUE SOUTH WEST,ETSAKO  WEST,7.09818811,6.29428994,633156
12,09,11,032,12/09/11/032,OPEN SPACE BY MOUNTAIN OF FIRE RD (BESIDE CHIEF ALIU),UZAIRUE SOUTH WEST,ETSAKO  WEST,7.07360975,6.28922559,633157
12,09,11,033,12/09/11/033,OPEN SPACE BY OGO OLUWA FILLING STATION OPP MECH. WORKSHOP,UZAIRUE SOUTH WEST,ETSAKO  WEST,7.08178405,6.28305987,633158
12,09,11,034,12/09/11/034,"OPEN SPACE, BY UWAFE ST, BY DESTINY GRP OF SCHL JUNCT",UZAIRUE SOUTH WEST,ETSAKO  WEST,7.07941010,6.29163288,633159
12,09,11,035,12/09/11/035,"DILIGENT GRP OF SCHL, UZAIRUE",UZAIRUE SOUTH WEST,ETSAKO  WEST,7.08892513,6.28391549,633160
12,09,11,036,12/09/11/036,"MKT SQ BY OSHAIFI CLOSE, JATTU",UZAIRUE SOUTH WEST,ETSAKO  WEST,7.08736870,6.28638513,633161
12,09,11,037,12/09/11/037,IYEGBEFUE TOWN HALL,UZAIRUE SOUTH WEST,ETSAKO  WEST,7.09217007,6.29694097,633162
12,09,12,001,12/09/12/001,IVINONE - AFASHIO P/S,UZAIRUE SOUTH EAST,ETSAKO  WEST,7.09552913,6.30463980,35074
12,09,12,002,12/09/12/002,OMOAZAKPE - AFASHIO TOWN HALL,UZAIRUE SOUTH EAST,ETSAKO  WEST,7.09648588,6.30849483,35075
12,09,12,003,12/09/12/003,IYOKU - UTUKWE AFASHIO BOOTH,UZAIRUE SOUTH EAST,ETSAKO  WEST,7.09516398,6.30817058,35076
12,09,12,004,12/09/12/004,IGHOGHO - BOOTH AT IGHOGHO,UZAIRUE SOUTH EAST,ETSAKO  WEST,7.09472109,6.30977429,35077
12,09,12,005,12/09/12/005,IDATO - BOOTH AT IDATO,UZAIRUE SOUTH EAST,ETSAKO  WEST,7.09697395,6.33314028,35078
12,09,12,006,12/09/12/006,IKABIGBO I -   IKABIGBO P/S,UZAIRUE SOUTH EAST,ETSAKO  WEST,7.09659380,6.34300164,35079
12,09,12,007,12/09/12/007,IKABIGBO  II - IKABIGBO P/S,UZAIRUE SOUTH EAST,ETSAKO  WEST,7.09711478,6.33597701,35080
12,09,12,008,12/09/12/008,UGBENOR - UGBENOR P/S,UZAIRUE SOUTH EAST,ETSAKO  WEST,7.10323444,6.36492949,35081
12,09,12,009,12/09/12/009,"IREKPAI - ODENE P/S, IREKPAI",UZAIRUE SOUTH EAST,ETSAKO  WEST,7.10266684,6.37072066,35082
12,09,12,010,12/09/12/010,AFEUGUEZE - OKPODU P/S,UZAIRUE SOUTH EAST,ETSAKO  WEST,7.11350967,6.39641874,35083
12,09,12,011,12/09/12/011,AFEUGUEZE  AYOGWIRI - POSTAL AGENCY,UZAIRUE SOUTH EAST,ETSAKO  WEST,7.11029250,6.39109008,35084
12,09,12,012,12/09/12/012,ONOTA/IYAGBO - OKPODU P/S,UZAIRUE SOUTH EAST,ETSAKO  WEST,7.11349811,6.39641059,35085
12,09,12,013,12/09/12/013,UGIOGWA - TOWN HALL (AYOGWIRI),UZAIRUE SOUTH EAST,ETSAKO  WEST,7.11254506,6.39723009,35086
12,09,12,014,12/09/12/014,"AFE - IGBAFE/ APIZEYE - ODENE P/S,  AYOGWIRI",UZAIRUE SOUTH EAST,ETSAKO  WEST,7.10666604,6.38503119,35087
12,09,12,015,12/09/12/015,IVINONE - AFASHIO P/S,UZAIRUE SOUTH EAST,ETSAKO  WEST,7.09632560,6.30401200,633133
12,09,12,016,12/09/12/016,OPEN SPACE -IYOKU - UTUKWE AFASHIO,UZAIRUE SOUTH EAST,ETSAKO  WEST,7.09523170,6.30829000,633134
12,09,12,017,12/09/12/017,"OPEN SPACE,OLD SAWMILL.IGHOGHO QTRS.",UZAIRUE SOUTH EAST,ETSAKO  WEST,7.09513980,6.31168000,633135
12,09,12,018,12/09/12/018,"IKHABIGBO III, IKHABIGBO P/S.",UZAIRUE SOUTH EAST,ETSAKO  WEST,7.09675850,6.34316700,633136
12,09,12,019,12/09/12/019,"IKHABIGBO TOWN HALL, IKHABIGBO.",UZAIRUE SOUTH EAST,ETSAKO  WEST,7.09520010,6.34329700,633137
12,09,12,020,12/09/12/020,"OLD PALACE JUNCTION, AFOKHAI",UZAIRUE SOUTH EAST,ETSAKO  WEST,7.09733010,6.33804000,633138
12,09,12,021,12/09/12/021,"OPEN SPACE,OPP. IREKPAI CENTRAL MOSQUE.",UZAIRUE SOUTH EAST,ETSAKO  WEST,7.10259740,6.36733300,633139
12,09,12,022,12/09/12/022,"OPEN SPACE, BY CHIEF PALACE, AYOGWIRI.",UZAIRUE SOUTH EAST,ETSAKO  WEST,7.11012850,6.39116000,633140
12,09,12,023,12/09/12/023,"AYOGWIRI TOWN HALL,AYOGWIRI",UZAIRUE SOUTH EAST,ETSAKO  WEST,7.11218490,6.39693100,633141
12,10,01,001,12/10/01/001,EKEKHEN - EKEKHEN P/S I,EKEKHEN/IDUMUOGO/EGBIKI,IGUEBEN,6.62323497,6.24139182,35088
12,10,01,002,12/10/01/002,EKEKHEN - EKEKHEN P/S II,EKEKHEN/IDUMUOGO/EGBIKI,IGUEBEN,6.62323165,6.24139347,35089
12,10,01,003,12/10/01/003,EKEKHEN - EKEKHEN P/S III,EKEKHEN/IDUMUOGO/EGBIKI,IGUEBEN,6.62324307,6.24140350,35090
12,10,01,004,12/10/01/004,"EGBIKI PRIMARY SCHOOL, EGBIKI",EKEKHEN/IDUMUOGO/EGBIKI,IGUEBEN,6.54919772,6.22631889,35091
12,10,01,005,12/10/01/005,IDUMUOGO - IDUMUOGO PRIMARY SCHOOL,EKEKHEN/IDUMUOGO/EGBIKI,IGUEBEN,6.60241339,6.23228726,35092
12,10,01,006,12/10/01/006,EKEKHEN VILLAGE SQUARE,EKEKHEN/IDUMUOGO/EGBIKI,IGUEBEN,6.62248226,6.23874743,633174
12,10,01,007,12/10/01/007,"EKEHEN PRIMARY HEALTH CARE CENTRE, EKEHEN",EKEKHEN/IDUMUOGO/EGBIKI,IGUEBEN,6.62597682,6.24617513,633175
12,10,01,008,12/10/01/008,EKEKHEN COMMUNITY HALL,EKEKHEN/IDUMUOGO/EGBIKI,IGUEBEN,6.61825697,6.24104373,633176
12,10,01,009,12/10/01/009,EGBIKI HEALTH CENTER,EKEKHEN/IDUMUOGO/EGBIKI,IGUEBEN,6.54292684,6.22560158,633177
12,10,01,010,12/10/01/010,"OPEN SPACE BY CATTLE MARKET, IDUMUOGO",EKEKHEN/IDUMUOGO/EGBIKI,IGUEBEN,6.60523253,6.23460668,633178
12,10,01,011,12/10/01/011,IDUMUOGO TOWN HALL,EKEKHEN/IDUMUOGO/EGBIKI,IGUEBEN,6.60309367,6.23846378,633179
12,10,01,012,12/10/01/012,IDUMUOGO PRY SCH II,EKEKHEN/IDUMUOGO/EGBIKI,IGUEBEN,6.60233365,6.23174585,633180
12,10,02,001,12/10/02/001,"IGUEBEN-IDIGUN, EGUARE P/S I",IDIGUN/ IDUMEDO,IGUEBEN,6.60336350,6.24286713,35093
12,10,02,002,12/10/02/002,"IGUEBEN-IDIGUN, EGUARE P/S II",IDIGUN/ IDUMEDO,IGUEBEN,6.60336306,6.24286868,35094
12,10,02,003,12/10/02/003,"IGUEBEN-IDIGUN, EGUARE P/S III",IDIGUN/ IDUMEDO,IGUEBEN,6.60337530,6.24286131,35095
12,10,02,004,12/10/02/004,"IGUEBEN-  IDUMEDO, EGUARE P/S",IDIGUN/ IDUMEDO,IGUEBEN,6.60335707,6.24286351,35096
12,10,02,005,12/10/02/005,"EGUARE HEALTH CENTER, EGUARE",IDIGUN/ IDUMEDO,IGUEBEN,6.60547999,6.24418795,633190
12,10,02,006,12/10/02/006,"EGUARE COMMUNITY HALL, EGUARE",IDIGUN/ IDUMEDO,IGUEBEN,6.60454845,6.24518842,633191
12,10,02,007,12/10/02/007,"OPEN SPACE BY AREA CUSTOMARY COURT EGUARE, IGUEBEN.",IDIGUN/ IDUMEDO,IGUEBEN,6.60279326,6.24725003,633192
12,10,02,008,12/10/02/008,IDIGUNOGO COMMUNITY HALL.,IDIGUN/ IDUMEDO,IGUEBEN,6.60472097,6.24637663,633193
12,10,02,009,12/10/02/009,OPEN SPACE BY GENERAL HOSPITAL OYOMON,IDIGUN/ IDUMEDO,IGUEBEN,6.61273644,6.24765571,633194
12,10,02,010,12/10/02/010,"OPEN SPACE BY OLD MARKET, IDUOMON",IDIGUN/ IDUMEDO,IGUEBEN,6.60415844,6.24049321,633195
12,10,02,011,12/10/02/011,IYEKOKE P/S IGUEBEN,IDIGUN/ IDUMEDO,IGUEBEN,6.60318526,6.24957449,633196
12,10,03,001,12/10/03/001,IGUEBEN - AFUDA P/S/ I,AFUDA/IDUMUOKA,IGUEBEN,6.58791755,6.23882025,35097
12,10,03,002,12/10/03/002,IGUEBEN - AFUDA P/S/ II,AFUDA/IDUMUOKA,IGUEBEN,6.58792660,6.23882091,35098
12,10,03,003,12/10/03/003,IGUEBEN - AFUDA P/S/ III,AFUDA/IDUMUOKA,IGUEBEN,6.58792584,6.23881402,35099
12,10,03,004,12/10/03/004,IGUEBEN - IDUMUOKA PRY SCH,AFUDA/IDUMUOKA,IGUEBEN,6.58894359,6.24394240,35100
12,10,03,005,12/10/03/005,AFUDA HEALTH CENTER,AFUDA/IDUMUOKA,IGUEBEN,6.59270600,6.24060117,633163
12,10,03,006,12/10/03/006,"EGBESAN PRY SCH, IGUEBEN",AFUDA/IDUMUOKA,IGUEBEN,6.56753609,6.23188935,633164
12,10,03,007,12/10/03/007,"AFUDA COMMUNITY HALL, AFUDA",AFUDA/IDUMUOKA,IGUEBEN,6.59154829,6.24019179,633165
12,10,03,008,12/10/03/008,IDUMUOKA PRIMARY HEALTH CENTER,AFUDA/IDUMUOKA,IGUEBEN,6.58365504,6.24094985,633166
12,10,03,009,12/10/03/009,IDUMUOKA COMMUNITY HALL,AFUDA/IDUMUOKA,IGUEBEN,6.58921987,6.24420505,633167
12,10,04,001,12/10/04/001,"IGUEBEN-UHE, UTANTAN PRY SCH I",UHE/IDUMUOGBO/IDUMUEKE,IGUEBEN,6.59579512,6.24896663,35101
12,10,04,002,12/10/04/002,"IGUEBEN-UHE, UTANTAN PRY SCH II",UHE/IDUMUOGBO/IDUMUEKE,IGUEBEN,6.59579247,6.24897296,35102
12,10,04,003,12/10/04/003,"IGUEBEN-IDUMUOGBO, UTANTAN P/S",UHE/IDUMUOGBO/IDUMUEKE,IGUEBEN,6.59580433,6.24897478,35103
12,10,04,004,12/10/04/004,"IGUEBEN, IDUMUEKE, UTANTAN P/S",UHE/IDUMUOGBO/IDUMUEKE,IGUEBEN,6.59580398,6.24898123,35104
12,10,04,005,12/10/04/005,"UHE COMMUNITY HALL, UHE",UHE/IDUMUOGBO/IDUMUEKE,IGUEBEN,6.59148834,6.25080596,633206
12,10,04,006,12/10/04/006,IDUMUOGBO COMMUNITY HALL,UHE/IDUMUOGBO/IDUMUEKE,IGUEBEN,6.59963491,6.25238075,633207
12,10,04,007,12/10/04/007,IDUMEKA PRY SCH,UHE/IDUMUOGBO/IDUMUEKE,IGUEBEN,6.58941670,6.26194853,633208
12,10,04,008,12/10/04/008,CLARA OSHIOMHOLE PRIMARY HEALTH CENTER,UHE/IDUMUOGBO/IDUMUEKE,IGUEBEN,6.59489353,6.25513136,633209
12,10,05,001,12/10/05/001,"UDO,  EGUARE PRY SCH I",UDO,IGUEBEN,6.62912860,6.33737216,35105
12,10,05,002,12/10/05/002,UDO EGUARE PRY SCH II,UDO,IGUEBEN,6.62913281,6.33737340,35106
12,10,05,003,12/10/05/003,"UDO, UDO GRAM. SCHOOL",UDO,IGUEBEN,6.62900571,6.33445125,35107
12,10,05,004,12/10/05/004,"UDO - UDONERIA, UDONERIA P/S",UDO,IGUEBEN,6.57916359,6.29793844,35108
12,10,05,005,12/10/05/005,UDONERIA HEALTHCARE CENTER UDONERIA,UDO,IGUEBEN,6.58036169,6.30135488,633205
12,10,06,001,12/10/06/001,"EBELLE, IDUMU-OWU P/S I",OWU/ OKUTA/ EGUARE EBELLE,IGUEBEN,6.49750539,6.23599581,35109
12,10,06,002,12/10/06/002,"EBELLE, IDUMU-OWU P/S II",OWU/ OKUTA/ EGUARE EBELLE,IGUEBEN,6.49732450,6.23591915,35110
12,10,06,003,12/10/06/003,"EBELLE, IDUMU-OWU P/S III",OWU/ OKUTA/ EGUARE EBELLE,IGUEBEN,6.50167387,6.24337308,35111
12,10,06,004,12/10/06/004,"EBELLE, IDUMU-OWU P/S IV",OWU/ OKUTA/ EGUARE EBELLE,IGUEBEN,6.50167947,6.24337523,35112
12,10,06,005,12/10/06/005,"OKUTA, OKUTA P/S I",OWU/ OKUTA/ EGUARE EBELLE,IGUEBEN,6.48000810,6.23479298,35113
12,10,06,006,12/10/06/006,"OKUTA, OKUTA P/S II",OWU/ OKUTA/ EGUARE EBELLE,IGUEBEN,6.48000878,6.23481626,35114
12,10,06,007,12/10/06/007,"OLOGHE, OLOGHE P/S",OWU/ OKUTA/ EGUARE EBELLE,IGUEBEN,6.47921746,6.23735722,35115
12,10,06,008,12/10/06/008,"EGUARE - EBELLE,  EGUARE P/S",OWU/ OKUTA/ EGUARE EBELLE,IGUEBEN,6.49694111,6.22601304,35116
12,10,06,009,12/10/06/009,"OKUTA EBELLE COMMUNITY HALL, EBELLE",OWU/ OKUTA/ EGUARE EBELLE,IGUEBEN,6.47037973,6.23168249,633201
12,10,06,010,12/10/06/010,"OLOGHE P/S II, OLOGHE",OWU/ OKUTA/ EGUARE EBELLE,IGUEBEN,6.47942708,6.23774193,633202
12,10,06,011,12/10/06/011,"OPEN SPACE BY MAGISTRATE COURT, EBELLE",OWU/ OKUTA/ EGUARE EBELLE,IGUEBEN,6.49188316,6.22823518,633203
12,10,06,012,12/10/06/012,"OPEN SPACE BY ABATTOIR NEAR MARKET, EBELLE",OWU/ OKUTA/ EGUARE EBELLE,IGUEBEN,6.49746266,6.22559924,633204
12,10,07,001,12/10/07/001,"OKALO, OKALO P/S I",OKALO/ OKPUJIE,IGUEBEN,6.51112492,6.23576937,35117
12,10,07,002,12/10/07/002,"OKALO, OKALO P/S II",OKALO/ OKPUJIE,IGUEBEN,6.51112887,6.23580314,35118
12,10,07,003,12/10/07/003,"OKPUJIE, OKPUJIE P/S I",OKALO/ OKPUJIE,IGUEBEN,6.50743822,6.22606516,35119
12,10,07,004,12/10/07/004,"OKPUJIE, OKPUJIE P/S II",OKALO/ OKPUJIE,IGUEBEN,6.50743048,6.22606744,35120
12,10,07,005,12/10/07/005,"OKALO HEALTH CENTER, OKALO",OKALO/ OKPUJIE,IGUEBEN,6.50964314,6.23294782,633197
12,10,07,006,12/10/07/006,"OKALO MARKET SQUARE, OKALO",OKALO/ OKPUJIE,IGUEBEN,6.50953754,6.23345308,633198
12,10,07,007,12/10/07/007,"OKPUJIE HEALTH CENTER, OKPUJIE",OKALO/ OKPUJIE,IGUEBEN,6.50712678,6.22725014,633199
12,10,07,008,12/10/07/008,OKPUJIE COMMUNITY HALL,OKALO/ OKPUJIE,IGUEBEN,6.50739827,6.22735340,633200
12,10,08,001,12/10/08/001,"AMAHOR,  EGUARE P/S I",AMAHOR/UGUN,IGUEBEN,6.47156026,6.20601368,35121
12,10,08,002,12/10/08/002,"AMAHOR,  EGUARE P/S II",AMAHOR/UGUN,IGUEBEN,6.47157021,6.20600964,35122
12,10,08,003,12/10/08/003,"OBODEKO,  OBODEKO P/S",AMAHOR/UGUN,IGUEBEN,6.46121894,6.21571596,35123
12,10,08,004,12/10/08/004,"UGUN,  EGUARE P/S",AMAHOR/UGUN,IGUEBEN,6.47613223,6.17776516,35124
12,10,08,005,12/10/08/005,"UGUN,  UGUN SEC. SCHOOL",AMAHOR/UGUN,IGUEBEN,6.47649230,6.17245893,35125
12,10,08,006,12/10/08/006,"IDUBELEGHA COMMUNITY HALL, AMAHOR",AMAHOR/UGUN,IGUEBEN,6.46905110,6.19840164,633168
12,10,08,007,12/10/08/007,AMAHOR SECONDARY SCHOOL,AMAHOR/UGUN,IGUEBEN,6.46796079,6.19756144,633169
12,10,08,008,12/10/08/008,OBODEKO COMMUNITY HALL,AMAHOR/UGUN,IGUEBEN,6.45749769,6.22030925,633170
12,10,08,009,12/10/08/009,IDUMATAH COMMUNITY HALL,AMAHOR/UGUN,IGUEBEN,6.46330511,6.20892897,633171
12,10,08,010,12/10/08/010,UGUN HEALTH CENTER,AMAHOR/UGUN,IGUEBEN,6.47714443,6.17475227,633172
12,10,08,011,12/10/08/011,"IJIEBOR PRI. SCH, UGUN",AMAHOR/UGUN,IGUEBEN,6.47824278,6.17249921,633173
12,10,09,001,12/10/09/001,"EWOSSA, EGUARE PRY SCH I",EWOSSA,IGUEBEN,6.46091442,6.27633550,35126
12,10,09,002,12/10/09/002,"EWOSSA,  EGUARE PRY SCH II",EWOSSA,IGUEBEN,6.45575237,6.28579794,35127
12,10,09,003,12/10/09/003,"EWOSSA, IDINEGBON P/S",EWOSSA,IGUEBEN,6.46546842,6.27329617,35128
12,10,09,004,12/10/09/004,OGBE PRIMARY SCHOOL I,EWOSSA,IGUEBEN,6.45280160,6.27555370,633186
12,10,09,005,12/10/09/005,OGBE PRIMARY SCHOOL II,EWOSSA,IGUEBEN,6.45257938,6.27563518,633187
12,10,09,006,12/10/09/006,IKEKIALA COMMUNITY HALL,EWOSSA,IGUEBEN,6.45506536,6.27966050,633188
12,10,09,007,12/10/09/007,IDUMUOBOH COMMUNITY HALL,EWOSSA,IGUEBEN,6.46536427,6.28927310,633189
12,10,10,001,12/10/10/001,"EKPON, OLD L.A. SCHOOL I",EKPON,IGUEBEN,6.41095638,6.26668723,35129
12,10,10,002,12/10/10/002,"EKPON, OLD L.A. SCHOOL II",EKPON,IGUEBEN,6.41094012,6.26668994,35130
12,10,10,003,12/10/10/003,"EKPON, OLD L.A. SCHOOL III",EKPON,IGUEBEN,6.41094472,6.26669491,35131
12,10,10,004,12/10/10/004,"EKPON, EKO PRY. SCHOOL",EKPON,IGUEBEN,6.41573209,6.28395983,35132
12,10,10,005,12/10/10/005,"EKPON, CENTRAL PRIMARY SCHOOL",EKPON,IGUEBEN,6.41458360,6.26927738,35133
12,10,10,006,12/10/10/006,"EKPON, IJEDUMA P/S",EKPON,IGUEBEN,6.41980959,6.27139194,35134
12,10,10,007,12/10/10/007,"EKPON, IKPUDU COMM. HALL",EKPON,IGUEBEN,6.41397352,6.26710054,35135
12,10,10,008,12/10/10/008,IDUMUJIE PRI. SCH.,EKPON,IGUEBEN,6.40835883,6.26868490,633181
12,10,10,009,12/10/10/009,IYASE PRI. SCH I,EKPON,IGUEBEN,6.41577661,6.28386252,633182
12,10,10,010,12/10/10/010,IYASE PRI. SCH II,EKPON,IGUEBEN,6.41524897,6.28338274,633183
12,10,10,011,12/10/10/011,OGBE COMMUNITY HALL,EKPON,IGUEBEN,6.41680857,6.26450401,633184
12,10,10,012,12/10/10/012,IJEDUMA COMMUNITY HALL,EKPON,IGUEBEN,6.41770814,6.26781117,633185
12,11,01,001,12/11/01/001,IKPOBA - ARMY CHILDREN SCHOOL I,IWOGBAN/UTEH,IKPOBA/OKHA,6.35713921,5.65811541,35136
12,11,01,002,12/11/01/002,IKPOBA - ARMY CHILDREN SCHOOL II,IWOGBAN/UTEH,IKPOBA/OKHA,6.35713677,5.65812446,35137
12,11,01,003,12/11/01/003,IKPOBA - ARMY CHILDREN SCHOOL III,IWOGBAN/UTEH,IKPOBA/OKHA,6.35713501,5.65812725,35138
12,11,01,004,12/11/01/004,IKPOBA - ARMY CHILDREN SCHOOL IV,IWOGBAN/UTEH,IKPOBA/OKHA,6.35613465,5.65789257,35139
12,11,01,005,12/11/01/005,IKPOBA - ARMY CHILDREN SCHOOL V,IWOGBAN/UTEH,IKPOBA/OKHA,6.35613680,5.65788925,35140
12,11,01,006,12/11/01/006,IKPOBA - ARMY CHILDREN SCHOOL VI,IWOGBAN/UTEH,IKPOBA/OKHA,6.35713474,5.65812911,35141
12,11,01,007,12/11/01/007,IKPOBA - ARMY CHILDREN SCHOOL VII,IWOGBAN/UTEH,IKPOBA/OKHA,6.35713816,5.65811428,35142
12,11,01,008,12/11/01/008,IKPOBA - ARMY CHILDREN SCHOOL VIII,IWOGBAN/UTEH,IKPOBA/OKHA,6.35716485,5.65816670,35143
12,11,01,009,12/11/01/009,IKPOBA - ARMY CHILDREN SCHOOL IX,IWOGBAN/UTEH,IKPOBA/OKHA,6.35713675,5.65812036,35144
12,11,01,010,12/11/01/010,IKPOBA - ARMY CHILDREN SCHOOL X,IWOGBAN/UTEH,IKPOBA/OKHA,6.35678217,5.65801210,35145
12,11,01,011,12/11/01/011,IKPOBA - ARMY CHILDREN SCHOOL XI,IWOGBAN/UTEH,IKPOBA/OKHA,6.35614201,5.65789226,35146
12,11,01,012,12/11/01/012,"PALACE ROAD, UTEH (ARMY CHILDREN PRY SCH XII)",IWOGBAN/UTEH,IKPOBA/OKHA,6.35714000,5.65812007,35147
12,11,01,013,12/11/01/013,OPEN SPACE NEAR INEC OFFICE (SCH. FOR MENTALLY RETARDED I),IWOGBAN/UTEH,IKPOBA/OKHA,6.36077889,5.66917244,35148
12,11,01,014,12/11/01/014,OPEN SPACE NEAR INEC OFFICE (SCH. FOR MENTALLY RETARDED II),IWOGBAN/UTEH,IKPOBA/OKHA,6.36077683,5.66917479,35149
12,11,01,015,12/11/01/015,OPEN SPACE NEAR INEC OFFICE (SCH. FOR PHYSICALLY HANDICAP I),IWOGBAN/UTEH,IKPOBA/OKHA,6.36077790,5.66917574,35150
12,11,01,016,12/11/01/016,OPEN SPACE NEAR INEC OFFICE (SCH. FOR PHYSICALLY HANDICAP II),IWOGBAN/UTEH,IKPOBA/OKHA,6.36077916,5.66917427,35151
12,11,01,017,12/11/01/017,IKPOBA - OPEN SPACE BEFORE C.P. I,IWOGBAN/UTEH,IKPOBA/OKHA,6.35523660,5.66446391,35152
12,11,01,018,12/11/01/018,IKPOBA - OPEN SPACE BEFORE C.P. II,IWOGBAN/UTEH,IKPOBA/OKHA,6.35522448,5.66446296,35153
12,11,01,019,12/11/01/019,IKPOBA - PAT PRY/ NUR . SCHOOL I,IWOGBAN/UTEH,IKPOBA/OKHA,6.35742867,5.66354697,35154
12,11,01,020,12/11/01/020,IKPOBA - PAT PRY/ NUR . SCHOOL II,IWOGBAN/UTEH,IKPOBA/OKHA,6.35744789,5.66354232,35155
12,11,01,021,12/11/01/021,IKPOBA - IWOGBAN HALL I,IWOGBAN/UTEH,IKPOBA/OKHA,6.36798428,5.65729057,35156
12,11,01,022,12/11/01/022,IKPOBA - IWOGBAN HALL II,IWOGBAN/UTEH,IKPOBA/OKHA,6.36838284,5.65761201,35157
12,11,01,023,12/11/01/023,IKPOBA - TEBOGAN HALL I,IWOGBAN/UTEH,IKPOBA/OKHA,6.37466651,5.65112857,35158
12,11,01,024,12/11/01/024,IKPOBA - TEBOGAN HALL II,IWOGBAN/UTEH,IKPOBA/OKHA,6.37469007,5.65110238,35159
12,11,01,025,12/11/01/025,"UTEH,  UTEH SEC. SCHOOL",IWOGBAN/UTEH,IKPOBA/OKHA,6.39217996,5.65756971,35160
12,11,01,026,12/11/01/026,"UTEH,  OMOREGIE HALL",IWOGBAN/UTEH,IKPOBA/OKHA,6.37977760,5.66118333,35161
12,11,01,027,12/11/01/027,EKIUWA - EKIUWA TOWN HALL I,IWOGBAN/UTEH,IKPOBA/OKHA,6.38464883,5.64818390,35162
12,11,01,028,12/11/01/028,EKIUWA - EKIUWA TOWN HALL II,IWOGBAN/UTEH,IKPOBA/OKHA,6.38464800,5.64818724,35163
12,11,01,029,12/11/01/029,EKIUWA - EDOH PRIMARY SCHOOL,IWOGBAN/UTEH,IKPOBA/OKHA,6.38465038,5.64818560,35164
12,11,01,031,12/11/01/031,OPEN SPACE IN FRONT OF NSCDC II,IWOGBAN/UTEH,IKPOBA/OKHA,6.35425334,5.65896314,633322
12,11,01,032,12/11/01/032,OPEN SPACE INFRONT OF IMMIGRATION ZONE G I,IWOGBAN/UTEH,IKPOBA/OKHA,6.35339830,5.65886490,633323
12,11,01,033,12/11/01/033,OPEN SPACE INFRONT OF IMMIGRATION ZONE G II,IWOGBAN/UTEH,IKPOBA/OKHA,6.35328335,5.65879986,633324
12,11,01,034,12/11/01/034,OPEN SPACE IN FRONT OF EDO COMMAND & IMMIGRATION OFFICE,IWOGBAN/UTEH,IKPOBA/OKHA,6.35195681,5.65788489,633325
12,11,01,035,12/11/01/035,OPEN SPACE IN FRONT OF IMMIGRATION OFFICE,IWOGBAN/UTEH,IKPOBA/OKHA,6.35127504,5.65768003,633326
12,11,01,037,12/11/01/037,OPEN SPACE TEBOGAN MARKET BY JESUS THE LIVING WORD MINISTRIES.,IWOGBAN/UTEH,IKPOBA/OKHA,6.35108844,5.65879986,633328
12,11,01,038,12/11/01/038,OPEN SPACE IN FRONT OF NABTEB,IWOGBAN/UTEH,IKPOBA/OKHA,6.35018209,5.65637480,633329
12,11,01,039,12/11/01/039,OPEN SPACE BESIDE PRECIOUS PRINCE AND PRINCESS SCHOOL I.,IWOGBAN/UTEH,IKPOBA/OKHA,6.38193121,5.67262698,633330
12,11,01,040,12/11/01/040,OPEN SPACE BESIDE PRECIOUS PRINCE AND PRINCESS SCHOOL II,IWOGBAN/UTEH,IKPOBA/OKHA,6.38213380,5.67266017,633331
12,11,01,041,12/11/01/041,OPEN SPACE IN FRONT OF UTEH COMMUNITY SECRETARIAT I,IWOGBAN/UTEH,IKPOBA/OKHA,6.39580674,5.66147503,633332
12,11,01,042,12/11/01/042,OPEN SPACE IN FRONT OF UTEH COMMUNITY SECRETARIAT II,IWOGBAN/UTEH,IKPOBA/OKHA,6.39578642,5.67262698,633333
12,11,01,043,12/11/01/043,"FEDERAL MORTGAGE BANK I, CUSTOM ROAD",IWOGBAN/UTEH,IKPOBA/OKHA,6.36219183,5.66773497,633334
12,11,01,044,12/11/01/044,"FEDERAL MORTGAGE BANK II, CUSTOM ROAD",IWOGBAN/UTEH,IKPOBA/OKHA,6.36197124,5.66781946,633335
12,11,01,045,12/11/01/045,"FEDERAL MORTGAGE BANK III, CUSTOM ROAD",IWOGBAN/UTEH,IKPOBA/OKHA,6.39578642,5.67262698,633336
12,11,01,046,12/11/01/046,OPEN SPACE IN FRONT OF ST PATRICK CHURCH ALONG LUCKY WAY I,IWOGBAN/UTEH,IKPOBA/OKHA,6.35869343,5.65977685,633337
12,11,01,047,12/11/01/047,"OPEN SPACE IN FRONT OF ST PATRICK CHURCH, ALONG LUCKY WAY II",IWOGBAN/UTEH,IKPOBA/OKHA,6.35866611,5.65992638,633338
12,11,01,048,12/11/01/048,"OPEN SPACE IN FRONT OF ST PATRICK CATHOLIC CHURCH, ALONG LUCKY WAY III",IWOGBAN/UTEH,IKPOBA/OKHA,6.35871009,5.66003166,633339
12,11,01,049,12/11/01/049,"WIDOWS QUARTER I,FEDERAL HOUSING ESTATE,IWOGBAN",IWOGBAN/UTEH,IKPOBA/OKHA,6.35871742,5.66401776,633340
12,11,01,050,12/11/01/050,"WIDOWS QUARTER II,FEDERAL HOUSING ESTATE,IWOGBAN",IWOGBAN/UTEH,IKPOBA/OKHA,6.35871742,5.66401776,633341
12,11,01,051,12/11/01/051,OPEN SPACE IN FRONT OF CORPERS LODGE,IWOGBAN/UTEH,IKPOBA/OKHA,6.35872508,5.66070154,633342
12,11,01,052,12/11/01/052,OPEN SPACE IN FRONT OF ST PATRICK CHURCH,IWOGBAN/UTEH,IKPOBA/OKHA,6.35741155,5.66018321,633343
12,11,01,053,12/11/01/053,OPEN SPACE FRONT OF ST JUDE CATHOLIC CHURCH I,IWOGBAN/UTEH,IKPOBA/OKHA,6.36100529,5.65528851,633344
12,11,01,054,12/11/01/054,OPEN SPACE FRONT OF ST JUDE CATHOLIC CHURCH II,IWOGBAN/UTEH,IKPOBA/OKHA,6.36112255,5.65596640,633345
12,11,01,055,12/11/01/055,"OPEN SPACE IN FRONT OF HENSON DEMONSTRATION SCHOOL I,",IWOGBAN/UTEH,IKPOBA/OKHA,6.36084432,5.65478250,633346
12,11,01,056,12/11/01/056,OPEN SPACE IN FRONT OF HENSON DEMONSTRATION SCHOOL II,IWOGBAN/UTEH,IKPOBA/OKHA,6.36083999,5.65501828,633347
12,11,01,057,12/11/01/057,OPEN SPACE OGIEOBA STREET BY IYOBOR JUNCTION,IWOGBAN/UTEH,IKPOBA/OKHA,6.36657254,5.66015907,633348
12,11,01,058,12/11/01/058,OPEN SPACE BY AGHO STREET JUNCTION OFF UPPER MISSION EXT.,IWOGBAN/UTEH,IKPOBA/OKHA,6.36650823,5.65981507,633349
12,11,01,059,12/11/01/059,UTEH SECONDARY SCHOOL I,IWOGBAN/UTEH,IKPOBA/OKHA,6.39202969,5.65726865,633350
12,11,01,060,12/11/01/060,UTEH SECONDARY SCHOOL II,IWOGBAN/UTEH,IKPOBA/OKHA,6.39188342,5.65700144,633351
12,11,01,061,12/11/01/061,"OPEN SPACE IN FRONT OF MAO UNIQUE GROUP OF SCHOOL,OFF LUCKY WAY",IWOGBAN/UTEH,IKPOBA/OKHA,6.37231868,5.66130001,633352
12,11,01,062,12/11/01/062,EDOH PRIMARY SCHOOL I,IWOGBAN/UTEH,IKPOBA/OKHA,6.38408967,5.64890150,633353
12,11,01,063,12/11/01/063,EDOH PRIMARY SCHOOL II,IWOGBAN/UTEH,IKPOBA/OKHA,6.38422595,5.64925220,633354
12,11,02,001,12/11/02/001,OGISO - SHAKA POLYTECHNIC I,OREGBENI,IKPOBA/OKHA,6.33936462,5.65250551,35165
12,11,02,002,12/11/02/002,OGISO - SHAKA POLYTECHNIC II,OREGBENI,IKPOBA/OKHA,6.33936518,5.65248490,35166
12,11,02,003,12/11/02/003,OGISO - SHAKA POLYTECHNIC III,OREGBENI,IKPOBA/OKHA,6.33936333,5.65247505,35167
12,11,02,004,12/11/02/004,OGISO - SHAKA POLYTECHNIC IV,OREGBENI,IKPOBA/OKHA,6.33937308,5.65251375,35168
12,11,02,005,12/11/02/005,EDOKPOLOR FAC - OLOH MOTORS I,OREGBENI,IKPOBA/OKHA,6.35040698,5.64336648,35169
12,11,02,006,12/11/02/006,EDOKPOLOR FAC - OLOH MOTORS II,OREGBENI,IKPOBA/OKHA,6.35041975,5.64337059,35170
12,11,02,007,12/11/02/007,OREGBENI QUARTERS - OGBENI PRY. SCHOOL I,OREGBENI,IKPOBA/OKHA,6.34877184,5.66145646,35171
12,11,02,008,12/11/02/008,OREGBENI QUARTERS - OGBENI PRY. SCHOOL II,OREGBENI,IKPOBA/OKHA,6.34877480,5.66145539,35172
12,11,02,009,12/11/02/009,OREGBENI QUARTERS - OGBENI PRY. SCHOOL III,OREGBENI,IKPOBA/OKHA,6.34878195,5.66148206,35173
12,11,02,010,12/11/02/010,OREGBENI QUARTERS - OGBENI PRY. SCHOOL I,OREGBENI,IKPOBA/OKHA,6.34878786,5.66150598,35174
12,11,02,011,12/11/02/011,OREGBENI QUARTERS - OGBENI PRY. SCHOOL II,OREGBENI,IKPOBA/OKHA,6.34879361,5.66150681,35175
12,11,02,012,12/11/02/012,OREGBENI MARKET - OGBENI PRIMARY SCHOOL I,OREGBENI,IKPOBA/OKHA,6.34646364,5.65860196,35176
12,11,02,013,12/11/02/013,OREGBENI MARKET - OGBENI PRIMARY SCHOOL II,OREGBENI,IKPOBA/OKHA,6.34647565,5.65862192,35177
12,11,02,014,12/11/02/014,OREGBENI MARKET - OGBENI PRIMARY SCHOOL III,OREGBENI,IKPOBA/OKHA,6.34647028,5.65862687,35178
12,11,02,015,12/11/02/015,OREGBENI MARKET - OGBENI PRIMARY SCHOOL IV,OREGBENI,IKPOBA/OKHA,6.34647975,5.65861223,35179
12,11,02,016,12/11/02/016,OREGBENI MARKET - OGBENI PRIMARY SCHOOL V,OREGBENI,IKPOBA/OKHA,6.34646484,5.65861537,35180
12,11,02,017,12/11/02/017,OREGBENI - WESTERN BOYS HIGH SCHOOL I,OREGBENI,IKPOBA/OKHA,6.34974801,5.66341774,35181
12,11,02,018,12/11/02/018,OREGBENI - WESTERN BOYS HIGH SCHOOL II,OREGBENI,IKPOBA/OKHA,6.34973907,5.66341602,35182
12,11,02,019,12/11/02/019,OREGBENI - WESTERN BOYS HIGH SCHOOL III,OREGBENI,IKPOBA/OKHA,6.34974023,5.66342520,35183
12,11,02,020,12/11/02/020,OREGBENI - WESTERN BOYS HIGH SCHOOL IV,OREGBENI,IKPOBA/OKHA,6.34973755,5.66342128,35184
12,11,02,021,12/11/02/021,OREGBENI - WESTERN BOYS HIGH SCHOOL V,OREGBENI,IKPOBA/OKHA,6.34973267,5.66342624,35185
12,11,02,022,12/11/02/022,OREGBENI - WESTERN BOYS HIGH SCHOOL VI,OREGBENI,IKPOBA/OKHA,6.34973593,5.66341117,35186
12,11,02,023,12/11/02/023,OREGBENI - WESTERN BOYS HIGH SCHOOL VII,OREGBENI,IKPOBA/OKHA,6.34973465,5.66342857,35187
12,11,02,024,12/11/02/024,OREGBENI - WESTERN BOYS HIGH SCHOOL VIII,OREGBENI,IKPOBA/OKHA,6.34974183,5.66342904,35188
12,11,02,025,12/11/02/025,OREGBENI - WESTERN BOYS HIGH SCHOOL IX,OREGBENI,IKPOBA/OKHA,6.34973943,5.66342116,35189
12,11,02,026,12/11/02/026,OREGBENI - WESTERN BOYS HIGH SCHOOL X,OREGBENI,IKPOBA/OKHA,6.34974324,5.66341612,35190
12,11,02,027,12/11/02/027,RAMAT PARK - RAMART  PARK I,OREGBENI,IKPOBA/OKHA,6.35078686,5.66063331,35191
12,11,02,028,12/11/02/028,RAMAT PARK - RAMART  PARK II,OREGBENI,IKPOBA/OKHA,6.35075900,5.66074913,35192
12,11,02,029,12/11/02/029,OREGBENI - OREGBENI NUR./PRIMARY SCHOOL I,OREGBENI,IKPOBA/OKHA,6.34482288,5.66793776,35193
12,11,02,030,12/11/02/030,OREGBENI - OREGBENI NUR./PRIMARY SCHOOL II,OREGBENI,IKPOBA/OKHA,6.34482752,5.66793544,35194
12,11,02,031,12/11/02/031,OREGBENI - OREGBENI NUR./PRIMARY SCHOOL III,OREGBENI,IKPOBA/OKHA,6.34482880,5.66792819,35195
12,11,02,032,12/11/02/032,OREGBENI - OREGBENI NUR./PRIMARY SCHOOL IV,OREGBENI,IKPOBA/OKHA,6.34483610,5.66793750,35196
12,11,02,033,12/11/02/033,OREGBENI - OREGBENI NUR./PRIMARY SCHOOL V,OREGBENI,IKPOBA/OKHA,6.34484222,5.66794489,35197
12,11,02,034,12/11/02/034,OREGBENI - OREGBENI NUR./PRIMARY SCHOOL VI,OREGBENI,IKPOBA/OKHA,6.34483444,5.66794240,35198
12,11,02,035,12/11/02/035,OREGBENI - WESTERN BOYS HIGH SCHOOL I,OREGBENI,IKPOBA/OKHA,6.34974359,5.66339501,35199
12,11,02,036,12/11/02/036,OREGBENI - WESTERN BOYS HIGH SCHOOL II,OREGBENI,IKPOBA/OKHA,6.34974273,5.66340630,35200
12,11,02,037,12/11/02/037,OREGBENI - WESTERN BOYS HIGH SCHOOL III,OREGBENI,IKPOBA/OKHA,6.34973593,5.66341105,35201
12,11,02,038,12/11/02/038,EDOKPOLOR - OLOH MOTORS,OREGBENI,IKPOBA/OKHA,6.34248248,5.64518784,35202
12,11,02,039,12/11/02/039,"OPEN SPACE  IN FRONT OF EVER LIVING CHURCH, OGISO QUARTER I",OREGBENI,IKPOBA/OKHA,6.33891816,5.64888000,633406
12,11,02,040,12/11/02/040,"OPEN SPACE IN FRONT OF EVER LIVING CHURCH, OGISO QUARTER II",OREGBENI,IKPOBA/OKHA,6.33885318,5.64905840,633407
12,11,02,042,12/11/02/042,"OPEN SPACE BESIDE SPIRIT AND LIFE BIBLE CHURCH ALONG SLOPE, BY JEMILA JUNCTION I",OREGBENI,IKPOBA/OKHA,6.34955164,5.64494900,633409
12,11,02,043,12/11/02/043,OPEN SPACE IN FRONT OF PIONEER EDUCATION CENTER OFF JEMILA ROAD I,OREGBENI,IKPOBA/OKHA,6.34710513,5.65748825,633410
12,11,02,044,12/11/02/044,OPEN SPACE IN FRONT OF PIONEER EDUCATION CENTER OFF JEMILA ROAD II,OREGBENI,IKPOBA/OKHA,6.34691186,5.65741986,633411
12,11,02,045,12/11/02/045,OPEN SPACE IN FRONT OF PIONEER EDUCATION CENTER OFF JEMILA ROAD III,OREGBENI,IKPOBA/OKHA,6.34690687,5.65753310,633412
12,11,02,047,12/11/02/047,"OPEN SPACE ST CAROL SCHOOL II, OSEMWENKHAE",OREGBENI,IKPOBA/OKHA,6.34771826,5.66119339,633414
12,11,02,048,12/11/02/048,"OPEN SPACE AGBONIFO STREET, BEHIND UBA",OREGBENI,IKPOBA/OKHA,6.34774825,5.66123161,633415
12,11,02,049,12/11/02/049,OPEN SPACE ASSEMBLIES OF GOD CHURCH BESIDE ILUOBE FILLING STATION,OREGBENI,IKPOBA/OKHA,6.34772492,5.65748825,633416
12,11,02,050,12/11/02/050,INSIDE RAMAT PARK I,OREGBENI,IKPOBA/OKHA,6.35052830,5.66116992,633417
12,11,02,051,12/11/02/051,"OPEN SPACE PAULINGO HOTEL, AKE STREET, OFF AGBOR ROAD",OREGBENI,IKPOBA/OKHA,6.35044673,5.66440160,633418
12,11,02,052,12/11/02/052,OPEN SPACE BY GLOVIC GROUP OF SCHOOL I,OREGBENI,IKPOBA/OKHA,6.34355165,5.66604316,633419
12,11,02,053,12/11/02/053,OPEN SPACE BY GLOVIC GROUP OF SCHOOL II,OREGBENI,IKPOBA/OKHA,6.34333172,5.66583830,633420
12,11,02,054,12/11/02/054,OPEN SPACE BY GLOVIC GROUP OF SCHOOL III,OREGBENI,IKPOBA/OKHA,6.34312345,5.66577400,633421
12,11,02,055,12/11/02/055,OPEN SPACE- OREGBENI HOUSING ESTATE FIELD I BY OREGBENI POLICE STATION ROAD,OREGBENI,IKPOBA/OKHA,6.34676124,5.66971644,633422
12,11,02,056,12/11/02/056,OPEN SPACE- OREGBENI HOUSING ESTATE FIELD II BY OREGBENI POLICE STATION ROAD,OREGBENI,IKPOBA/OKHA,6.34655331,5.66948670,633423
12,11,02,057,12/11/02/057,"OPEN SPACE BESIDE BUVEL OIL, ALONG AGBOR ROAD I",OREGBENI,IKPOBA/OKHA,6.34840669,5.66917330,633424
12,11,02,058,12/11/02/058,"OPEN SPACE BESIDE BUVEL OIL, ALONG AGBOR ROAD II",OREGBENI,IKPOBA/OKHA,6.34840669,5.66917330,633425
12,11,02,059,12/11/02/059,"OPEN SPACE IN FRONT OF MENTUS  PHARMACY, RAMAT PARK I",OREGBENI,IKPOBA/OKHA,6.34980321,5.65991498,633426
12,11,02,060,12/11/02/060,"OPEN SPACE IN FRONT OF MENTUS PHARMACY, RAMAT PARK II",OREGBENI,IKPOBA/OKHA,6.34983654,5.65986330,633427
12,11,02,061,12/11/02/061,"OPEN SPACE OKUNDAYE JUNCTION BEHIND ZENITH BANK, AGBOR ROAD,",OREGBENI,IKPOBA/OKHA,6.35037202,5.66461119,633428
12,11,02,062,12/11/02/062,"OPEN SPACE KEKE PARK, BEHIND GUINNESS",OREGBENI,IKPOBA/OKHA,6.35028638,5.66467624,633429
12,11,02,063,12/11/02/063,"OPEN SPACE BESIDE KOJO MOTORS, BENIN AGBOR ROAD",OREGBENI,IKPOBA/OKHA,6.34796684,5.67757149,633430
12,11,02,064,12/11/02/064,"OPEN SPACE BY ASSEMBLIES OF GOD CHURCH, IGBO QUARTERS I, OREGBENI HOUSING ESTATE",OREGBENI,IKPOBA/OKHA,6.34144500,5.67074670,633431
12,11,02,065,12/11/02/065,"OPEN SPACE KEKE PARK, IGIESOTA ROAD, BESIDE GUINNESS I",OREGBENI,IKPOBA/OKHA,6.34144500,5.67066159,633432
12,11,02,066,12/11/02/066,"OPEN SPACE BY ASSEMBLIES OF GOD CHURCH, IGBO QUARTERS III OREGBENI HOUSING ESTATE",OREGBENI,IKPOBA/OKHA,6.34147833,5.67051670,633433
12,11,02,067,12/11/02/067,NATIONAL TEACHER INSTITUTE KADUNA EDO STATE OFFICE AGBOR ROAD I,OREGBENI,IKPOBA/OKHA,6.34628174,5.67051670,633434
12,11,02,068,12/11/02/068,NATIONAL TEACHER INSTITUTE KADUNA EDO STATE OFFICE AGBOR ROAD II,OREGBENI,IKPOBA/OKHA,6.34632672,5.67396674,633435
12,11,02,069,12/11/02/069,INSIDE RAMAT PARK II,OREGBENI,IKPOBA/OKHA,6.35013510,5.65990157,633436
12,11,02,070,12/11/02/070,INSIDE RAMAT PARK III,OREGBENI,IKPOBA/OKHA,6.35035203,5.66041320,633437
12,11,02,071,12/11/02/071,INSIDE RAMAT PARK IV,OREGBENI,IKPOBA/OKHA,6.35048698,5.66070590,633438
12,11,02,072,12/11/02/072,NECO EDO STATE OFFICE I,OREGBENI,IKPOBA/OKHA,6.34633006,5.67454341,633439
12,11,02,073,12/11/02/073,NECO EDO STATE OFFICE II,OREGBENI,IKPOBA/OKHA,6.34619837,5.67448843,633440
12,11,02,074,12/11/02/074,NECO EDO STATE OFFICE III,OREGBENI,IKPOBA/OKHA,6.34616344,5.67438181,633441
12,11,02,075,12/11/02/075,"OPEN SPACE KEKE PARK, IGIESOTA ROAD, BESIDE GUINNESS II",OREGBENI,IKPOBA/OKHA,6.35025673,5.66495080,633442
12,11,02,076,12/11/02/076,OPEN SPACE OBASEKI JUNCTION BY JEHOVAH WITNESS AGBOR RD,OREGBENI,IKPOBA/OKHA,6.35037268,5.66501550,633443
12,11,02,077,12/11/02/077,OPEN SPACE - TIPPER GARAGE ALONG IKPOBA SLOPE,OREGBENI,IKPOBA/OKHA,6.35155161,5.64883813,633444
12,11,03,001,12/11/03/001,OGBESON - QUEEN EDE SCHOOL I,OGBESON,IKPOBA/OKHA,6.34542251,5.68104554,35203
12,11,03,002,12/11/03/002,OGBESON - QUEEN EDE SCHOOL II,OGBESON,IKPOBA/OKHA,6.34541879,5.68105117,35204
12,11,03,003,12/11/03/003,OGBESON - QUEEN EDE SCHOOL III,OGBESON,IKPOBA/OKHA,6.34541493,5.68104792,35205
12,11,03,004,12/11/03/004,OGBESON - QUEEN EDE SCHOOL IV,OGBESON,IKPOBA/OKHA,6.34542328,5.68104796,35206
12,11,03,005,12/11/03/005,OGBESON - QUEEN EDE SCHOOL V,OGBESON,IKPOBA/OKHA,6.34541591,5.68104781,35207
12,11,03,006,12/11/03/006,OGBESON - QUEEN EDE SCHOOL VI,OGBESON,IKPOBA/OKHA,6.34542170,5.68104856,35208
12,11,03,007,12/11/03/007,OGBESON - OGBESON TOWN HALL I,OGBESON,IKPOBA/OKHA,6.34395609,5.68865640,35209
12,11,03,008,12/11/03/008,OGBESON - OGBESON TOWN HALL II,OGBESON,IKPOBA/OKHA,6.34396475,5.68866009,35210
12,11,03,009,12/11/03/009,OGBESON OGBESON HEALTH CENTRE,OGBESON,IKPOBA/OKHA,6.34394843,5.68867147,35211
12,11,03,010,12/11/03/010,OGBESON - ERESOYEN  PRIMARY SCHOOL I,OGBESON,IKPOBA/OKHA,6.34475485,5.69069387,35212
12,11,03,011,12/11/03/011,OGBESON - ERESOYEN PRIMARY SCHOOL II,OGBESON,IKPOBA/OKHA,6.34475355,5.69069659,35213
12,11,03,012,12/11/03/012,OGBESON - ERESOYEN PRIMARY SCHOOL III,OGBESON,IKPOBA/OKHA,6.34475402,5.69069554,35214
12,11,03,013,12/11/03/013,OGBESON - ERESOYEN PRIMARY SCHOOL IV,OGBESON,IKPOBA/OKHA,6.34475649,5.69070302,35215
12,11,03,014,12/11/03/014,OHOVBE - OHOVBE TOWN HALL I,OGBESON,IKPOBA/OKHA,6.35357557,5.69396034,35216
12,11,03,015,12/11/03/015,OHOVBE - OHOVBE TOWN HALL II,OGBESON,IKPOBA/OKHA,6.35357118,5.69396289,35217
12,11,03,016,12/11/03/016,OHOVBE - OHOVBE TOWN HALL III,OGBESON,IKPOBA/OKHA,6.35358142,5.69396178,35218
12,11,03,017,12/11/03/017,OHOVBE - OHOVBE TOWN HALL IV,OGBESON,IKPOBA/OKHA,6.35358867,5.69396823,35219
12,11,03,018,12/11/03/018,"OHOVBE, OHOVBE TOWN HALL V",OGBESON,IKPOBA/OKHA,6.35357738,5.69396408,35220
12,11,03,019,12/11/03/019,"OHOVBE, OHOVBE TOWN HALL VI",OGBESON,IKPOBA/OKHA,6.35357410,5.69396015,35221
12,11,03,020,12/11/03/020,"OHOVBE, OHOVBE TOWN HALL VII",OGBESON,IKPOBA/OKHA,6.35357441,5.69396107,35222
12,11,03,021,12/11/03/021,AMUFI PRY SCH.AMUFI (OHOVBE TOWN HALL VIII),OGBESON,IKPOBA/OKHA,6.35358169,5.69395175,35223
12,11,03,022,12/11/03/022,OPEN SPACE- ST THOMAS AQUINAS CATHOLIC CHURCH. I,OGBESON,IKPOBA/OKHA,6.34515845,5.68013616,633363
12,11,03,023,12/11/03/023,"OPEN SPACE ST THOMAS AQUINAS CATHOLIC CHURCH, II",OGBESON,IKPOBA/OKHA,6.34492020,5.68009023,633364
12,11,03,024,12/11/03/024,OPEN SPACE -LIGHT OF THE WORLD BIBLE CHURCH,OGBESON,IKPOBA/OKHA,6.34478558,5.67926813,633365
12,11,03,025,12/11/03/025,OPEN FIELD BEFORE QUEEN EDE SEC SCHOOL I,OGBESON,IKPOBA/OKHA,6.34639570,5.68020556,633366
12,11,03,026,12/11/03/026,OPEN FIELD BEFORE QUEEN EDE SEC SCHOOL II,OGBESON,IKPOBA/OKHA,6.34603882,5.68020757,633367
12,11,03,027,12/11/03/027,OPEN FIELD BEFORE QUEEN EDE SEC SCHOOL III,OGBESON,IKPOBA/OKHA,6.34591087,5.68050362,633368
12,11,03,028,12/11/03/028,OPEN FIELD BEFORE QUEEN EDE SEC SCHOOL IV,OGBESON,IKPOBA/OKHA,6.34612946,5.68052273,633369
12,11,03,029,12/11/03/029,"OPEN SPACE POGAH JUNCTION, OFF BENIN AGBOR ROAD I",OGBESON,IKPOBA/OKHA,6.35029271,5.68079129,633370
12,11,03,030,12/11/03/030,"OPEN SPACE POGAH JUNCTION, OFF BENIN AGBOR RD II",OGBESON,IKPOBA/OKHA,6.35034536,5.68026893,633371
12,11,03,031,12/11/03/031,OGBESON HEALTH CENTER,OGBESON,IKPOBA/OKHA,6.34392653,5.68865955,633372
12,11,03,032,12/11/03/032,"OPEN SPACE, AGBOR PARK I",OGBESON,IKPOBA/OKHA,6.34593053,5.68763306,633373
12,11,03,033,12/11/03/033,"OPEN SPACE, AGBOR PARK II",OGBESON,IKPOBA/OKHA,6.34576525,5.68749614,633374
12,11,03,034,12/11/03/034,"OPEN SPACE, AGBOR PARK III",OGBESON,IKPOBA/OKHA,6.34558031,5.68769764,633375
12,11,03,035,12/11/03/035,OGIEGBAEN PRY SCHOOL I,OGBESON,IKPOBA/OKHA,6.34351666,5.69082174,633376
12,11,03,036,12/11/03/036,OGIEGBAEN PRY SCHOOL II,OGBESON,IKPOBA/OKHA,6.34359664,5.69040734,633377
12,11,03,037,12/11/03/037,OPEN SPACE BY LAHOR MEDICAL CENTER  I,OGBESON,IKPOBA/OKHA,6.34277191,5.69289576,633378
12,11,03,038,12/11/03/038,OPEN SPACE BY LAHOR MEDICAL CENTER II,OGBESON,IKPOBA/OKHA,6.34275791,5.69307145,633379
12,11,03,039,12/11/03/039,OPEN SPACE OPPOSITE ERESOYEN PRY SCHOOL I,OGBESON,IKPOBA/OKHA,6.34526275,5.69103498,633380
12,11,03,040,12/11/03/040,OPEN SPACE OPPOSITE ERESOYEN PRY SCHOOL II,OGBESON,IKPOBA/OKHA,6.34529007,5.69088679,633381
12,11,03,041,12/11/03/041,OHOVBE MARKET,OGBESON,IKPOBA/OKHA,6.34174580,5.70313141,633382
12,11,03,042,12/11/03/042,"OHOVBE MARKET, NEAR TRANSFORMER",OGBESON,IKPOBA/OKHA,6.34372959,5.70561882,633383
12,11,03,043,12/11/03/043,OPEN SPACE TONY DEE WAY JUNCTION OPP NNPC DEPOT MTN MAST,OGBESON,IKPOBA/OKHA,6.34183388,5.69770094,633384
12,11,03,044,12/11/03/044,"OPEN SPACE,BY LIGHTHOUSE POLYTECHNIC",OGBESON,IKPOBA/OKHA,6.35016709,5.69305636,633385
12,11,03,045,12/11/03/045,OHOVBE PRIMARY SCHOOL I,OGBESON,IKPOBA/OKHA,6.35369553,5.70353474,633386
12,11,03,046,12/11/03/046,OHOVBE PRIMARY SCHOOL II,OGBESON,IKPOBA/OKHA,6.35329934,5.70344020,633387
12,11,03,047,12/11/03/047,OHOVBE PRIMARY SCHOOL III,OGBESON,IKPOBA/OKHA,6.35317072,5.73048680,633388
12,11,03,048,12/11/03/048,OHOVBE PRIMARY SCHOOL IV,OGBESON,IKPOBA/OKHA,6.35319571,5.70375569,633389
12,11,03,049,12/11/03/049,OHOVBE PRIMARY SCHOOL V,OGBESON,IKPOBA/OKHA,6.35319571,5.70375569,633390
12,11,03,050,12/11/03/050,OPEN SPACE ALONG PIPELINE AMUFI I,OGBESON,IKPOBA/OKHA,6.35260058,5.72295494,633391
12,11,03,051,12/11/03/051,OPEN SPACE ALONG PIPELINE AMUFI II,OGBESON,IKPOBA/OKHA,6.35282517,5.72338846,633392
12,11,03,052,12/11/03/052,EVBO-AMUFI PRIMARY SCHOOL I,OGBESON,IKPOBA/OKHA,6.34948466,5.72209731,633393
12,11,03,053,12/11/03/053,EVBO-AMUFI PRIMARY SCHOOL II,OGBESON,IKPOBA/OKHA,6.34997049,5.72229613,633394
12,11,04,001,12/11/04/001,ADUWAWA - ADUWAWA SEC. SCHOOL I,ADUWAWA / EVBO MODU,IKPOBA/OKHA,6.35959556,5.68128046,35224
12,11,04,002,12/11/04/002,ADUWAWA - ADUWAWA SEC. SCHOOL II,ADUWAWA / EVBO MODU,IKPOBA/OKHA,6.35970859,5.68122426,35225
12,11,04,003,12/11/04/003,ADUWAWA - ADUWAWA SEC. SCHOOL III,ADUWAWA / EVBO MODU,IKPOBA/OKHA,6.35960465,5.68129072,35226
12,11,04,004,12/11/04/004,ADUWAWA - ADUWAWA SEC. SCHOOL IV,ADUWAWA / EVBO MODU,IKPOBA/OKHA,6.35960301,5.68129321,35227
12,11,04,005,12/11/04/005,ADUWAWA - ADUWAWA SEC. SCHOOL V,ADUWAWA / EVBO MODU,IKPOBA/OKHA,6.35959712,5.68129210,35228
12,11,04,006,12/11/04/006,"ADUWAWA,  ADUWAWA SEC. SCHOOL VI",ADUWAWA / EVBO MODU,IKPOBA/OKHA,6.36578260,5.68059779,35229
12,11,04,007,12/11/04/007,"ADUWAWA,  NEAR BIG JOE MOTORS I",ADUWAWA / EVBO MODU,IKPOBA/OKHA,6.36706082,5.68195484,35230
12,11,04,008,12/11/04/008,"ADUWAWA,  NEAR BIG JOE MOTORS II",ADUWAWA / EVBO MODU,IKPOBA/OKHA,6.36705333,5.68195692,35231
12,11,04,009,12/11/04/009,"ADUWAWA,  NEAR BIG JOE MOTORS III",ADUWAWA / EVBO MODU,IKPOBA/OKHA,6.36704926,5.68195185,35232
12,11,04,010,12/11/04/010,"ADUWAWA, NEAR BIG JOE MOTORS IV",ADUWAWA / EVBO MODU,IKPOBA/OKHA,6.36705355,5.68195190,35233
12,11,04,011,12/11/04/011,"ADUWAWA,  NEAR BIG JOE MOTORS V",ADUWAWA / EVBO MODU,IKPOBA/OKHA,6.36703761,5.68195421,35234
12,11,04,012,12/11/04/012,"ADUWAWA , NEAR BIG JOE MOTORS VI",ADUWAWA / EVBO MODU,IKPOBA/OKHA,6.36705289,5.68195523,35235
12,11,04,013,12/11/04/013,URORA - AKENGBUDA PRIMARY SCHOOL VII,ADUWAWA / EVBO MODU,IKPOBA/OKHA,6.37110397,5.69656478,35236
12,11,04,014,12/11/04/014,URORA - AKENGBUDA PRIMARY SCHOOL VIII,ADUWAWA / EVBO MODU,IKPOBA/OKHA,6.37111464,5.69655390,35237
12,11,04,015,12/11/04/015,URORA - AKENGBUDA PRIMARY SCHOOL IX,ADUWAWA / EVBO MODU,IKPOBA/OKHA,6.37110509,5.69655732,35238
12,11,04,016,12/11/04/016,URORA - AKENGBUDA PRIMARY SCHOOL X,ADUWAWA / EVBO MODU,IKPOBA/OKHA,6.37111431,5.69654988,35239
12,11,04,017,12/11/04/017,EVBUOMODU - EVBUOMODU TOWN HALL I,ADUWAWA / EVBO MODU,IKPOBA/OKHA,6.36978017,5.69024495,35240
12,11,04,018,12/11/04/018,EVBUOMODU - EVBUOMODU TOWN HALL II,ADUWAWA / EVBO MODU,IKPOBA/OKHA,6.36977504,5.69024013,35241
12,11,04,019,12/11/04/019,EVRUOMODU - EVBUOMODU HEALTH CNTRE I,ADUWAWA / EVBO MODU,IKPOBA/OKHA,6.36927645,5.68771017,35242
12,11,04,020,12/11/04/020,EVRUOMODU - EVBUOMODU HEALTH CNTRE II,ADUWAWA / EVBO MODU,IKPOBA/OKHA,6.36925895,5.68773267,35243
12,11,04,021,12/11/04/021,ADUWAWA - MARKET AREA,ADUWAWA / EVBO MODU,IKPOBA/OKHA,6.36669999,5.68174738,35244
12,11,04,023,12/11/04/023,"ADUWAWA PRIMARY SCHOOL, ADUWAWA QUARTERS II",ADUWAWA / EVBO MODU,IKPOBA/OKHA,6.36002282,5.68444345,633211
12,11,04,024,12/11/04/024,OPEN SPACE EDUCATION CENTRE BY BOB ISA STR OFF COLLEGE ROAD,ADUWAWA / EVBO MODU,IKPOBA/OKHA,6.36155039,5.67745596,633212
12,11,04,025,12/11/04/025,"OPEN SPACE FRONT OF  CHRIST CHOSEN CHURCH OBANOR, OFF COLLEGE RD",ADUWAWA / EVBO MODU,IKPOBA/OKHA,6.36525236,5.68356771,633213
12,11,04,026,12/11/04/026,"OPEN SPACE BY CONQUEST HEIGHT ACADEMY, OJO STR. OFF COLLEGE RD",ADUWAWA / EVBO MODU,IKPOBA/OKHA,6.36422208,5.68357173,633214
12,11,04,027,12/11/04/027,"OPEN SPACE FRONT OF TRANSFORMER, ASEMOTA STR OFF COLLEGE RD",ADUWAWA / EVBO MODU,IKPOBA/OKHA,6.35999162,5.67643203,633215
12,11,04,028,12/11/04/028,"OPEN SPACE KEKE PARK, COLLEGE ROAD JUNCTION BY ADUWAWA",ADUWAWA / EVBO MODU,IKPOBA/OKHA,6.36350168,5.67793071,633216
12,11,04,029,12/11/04/029,"WATER RESERVOIR, ADUWAWA I",ADUWAWA / EVBO MODU,IKPOBA/OKHA,6.36053676,5.68335682,633217
12,11,04,030,12/11/04/030,"WATER RESERVOIR, ADUWAWA I",ADUWAWA / EVBO MODU,IKPOBA/OKHA,6.36005927,5.73259980,633218
12,11,04,031,12/11/04/031,OPEN SPACE IN FRONT OF SAWMILL BY RELIANCE JUNCTION,ADUWAWA / EVBO MODU,IKPOBA/OKHA,6.36267465,5.67621879,633219
12,11,04,032,12/11/04/032,"OPEN SPACE, FRONT OF OFFICE OF THE SURVEYOR GENERAL, SURVEYOR RD",ADUWAWA / EVBO MODU,IKPOBA/OKHA,6.36538764,5.67293601,633220
12,11,04,033,12/11/04/033,"OPEN SPACE IN  FRONT OF PRIME GROUP OF SCHOOL, SURVEYOR RD, BEHIND NTA",ADUWAWA / EVBO MODU,IKPOBA/OKHA,6.36271030,5.67293912,633221
12,11,04,034,12/11/04/034,"OPEN SPACE BY WAEC JUNCTION, ALONG ADUWAWA",ADUWAWA / EVBO MODU,IKPOBA/OKHA,6.36029785,5.67249924,633222
12,11,04,035,12/11/04/035,"OPEN SPACE IN  FRONT OF MOUNTAIN OF FIRE AND MIRACLE, WAEC RD",ADUWAWA / EVBO MODU,IKPOBA/OKHA,6.36440234,5.67003965,633223
12,11,04,036,12/11/04/036,"OPEN SPACE IN FRONT OF OSAS MOTORS, BENIN AUCHI ROAD I",ADUWAWA / EVBO MODU,IKPOBA/OKHA,6.36699804,5.68242040,633224
12,11,04,037,12/11/04/037,"OPEN SPACE IN FRONT OF OSAS MOTORS, BENIN AUCHI ROAD II",ADUWAWA / EVBO MODU,IKPOBA/OKHA,6.36664179,5.68166737,633225
12,11,04,038,12/11/04/038,OPEN SPACE SHEILAMOH TRANSPORT OPP BIG JOE II,ADUWAWA / EVBO MODU,IKPOBA/OKHA,6.36626090,5.68150970,633226
12,11,04,039,12/11/04/039,OPEN SPACE IN FRONT OF PSW HOUSE I,ADUWAWA / EVBO MODU,IKPOBA/OKHA,6.37448417,5.69355413,633227
12,11,04,040,12/11/04/040,OPEN SPACE IN FRONT OF PSW HOUSE II,ADUWAWA / EVBO MODU,IKPOBA/OKHA,6.37434290,5.69339097,633228
12,11,04,041,12/11/04/041,"OPEN SPACE MECHANIC WORKSHOP, BESIDE ADEYAN EVENT CENTRE OPP ALICO GAS",ADUWAWA / EVBO MODU,IKPOBA/OKHA,6.37310138,5.69739919,633229
12,11,04,042,12/11/04/042,OPEN SPACE GREEN PARK ACADEMY I,ADUWAWA / EVBO MODU,IKPOBA/OKHA,6.36390986,5.67792267,633230
12,11,04,043,12/11/04/043,OPEN SPACE IN FRONT OF GREEN PARK ACADEMY II,ADUWAWA / EVBO MODU,IKPOBA/OKHA,6.36243674,5.67597874,633231
12,11,04,044,12/11/04/044,OPEN SPACE TOMATOES MARKET ALONG UPPER MISSION EXTENSION I,ADUWAWA / EVBO MODU,IKPOBA/OKHA,6.36976999,5.68237614,633232
12,11,04,045,12/11/04/045,OPEN SPACE TOMATOES MARKET ALONG UPPER MISSION RD II,ADUWAWA / EVBO MODU,IKPOBA/OKHA,6.36169735,5.68222694,633233
12,11,04,046,12/11/04/046,OPEN SPACE TOMATOES  MARKET ALONG UPPER MISSION EXTENSION III,ADUWAWA / EVBO MODU,IKPOBA/OKHA,6.36953508,5.63230576,633234
12,11,04,047,12/11/04/047,OPEN SPACE LIVESTOCK MARKET OFF UPPER MISSION EXTENSION I,ADUWAWA / EVBO MODU,IKPOBA/OKHA,6.37300608,5.68041846,633235
12,11,04,048,12/11/04/048,OPEN SPACE LIVESTOCK MARKET OFF UPPER MISSION EXTENSION II,ADUWAWA / EVBO MODU,IKPOBA/OKHA,6.37371880,5.68109538,633236
12,11,04,049,12/11/04/049,EDO STATE SKILLS AQUISTION CENTER I,ADUWAWA / EVBO MODU,IKPOBA/OKHA,6.37164094,5.68836685,633237
12,11,04,050,12/11/04/050,EDO STATE SKILLS AQUSITION CENTER II,ADUWAWA / EVBO MODU,IKPOBA/OKHA,6.37021349,5.68747267,633238
12,11,04,051,12/11/04/051,"OPEN SPACE BY MECHANIC WORKSHOP OLD RD, OPP MIKONOS HOTEL SUITE ADUWAWA",ADUWAWA / EVBO MODU,IKPOBA/OKHA,6.36895463,5.68646315,633239
12,11,04,052,12/11/04/052,"OPEN SPACE KEKE PARK BY EHIABANIMU JUNCTION, GUINNESS WAREHOUSE, ADUWAWA",ADUWAWA / EVBO MODU,IKPOBA/OKHA,6.37152965,5.68948466,633240
12,11,04,053,12/11/04/053,"OPEN SPACE FRONT OF DESTINY GROUP OF SCH, CHAIRMAN ROAD, URORA, CLOSE TO MOAT",ADUWAWA / EVBO MODU,IKPOBA/OKHA,6.36600227,5.69739919,633241
12,11,04,054,12/11/04/054,OPEN SPACE BY URORA JUNCTION BY NETWORK MAST,ADUWAWA / EVBO MODU,IKPOBA/OKHA,6.36744662,5.69544822,633242
12,11,04,055,12/11/04/055,"OPEN SPACE FRONT OF MECHANIC WORKSHOP, OPP UYI EDO JUNCTION URORA",ADUWAWA / EVBO MODU,IKPOBA/OKHA,6.37635144,5.65696727,633243
12,11,04,056,12/11/04/056,OPEN SPACE FRONT OF BETHEL FAITH GROUP OF SCH. ALONG BENIN AUCHI RD,ADUWAWA / EVBO MODU,IKPOBA/OKHA,6.37583031,5.69584217,633244
12,11,04,057,12/11/04/057,"OPEN SPACE IN FRONT OF LATTER DAY SAINT OF JESUS CHRIST, URORA, BENIN AUCHI RD I",ADUWAWA / EVBO MODU,IKPOBA/OKHA,6.37460913,5.39415037,633245
12,11,04,058,12/11/04/058,"OPEN SPACE IN FRONT OF LATTER DAY SAINT OF JESUS CHRIST, URORA, BENIN AUCHI RD II",ADUWAWA / EVBO MODU,IKPOBA/OKHA,6.37452816,5.69446351,633246
12,11,04,059,12/11/04/059,URORA SECONDARY SCHOOL I,ADUWAWA / EVBO MODU,IKPOBA/OKHA,6.36879536,5.69842782,633247
12,11,04,060,12/11/04/060,URORA SECONDARY SCHOOL II,ADUWAWA / EVBO MODU,IKPOBA/OKHA,6.36865575,5.69858305,633248
12,11,04,061,12/11/04/061,URORA SECONDARY SCHOOL III,ADUWAWA / EVBO MODU,IKPOBA/OKHA,6.36857145,5.69864944,633249
12,11,04,062,12/11/04/062,"OPEN SPACE MANGER EDUCATION CENTER, OHOVBE RD, EVBOMODU I",ADUWAWA / EVBO MODU,IKPOBA/OKHA,6.36537232,5.69424793,633250
12,11,04,063,12/11/04/063,"OPEN SPACE MANGER EDUCATION CENTRE, OHOVBE ROAD, EVBOMODU II",ADUWAWA / EVBO MODU,IKPOBA/OKHA,6.36541363,5.69421910,633251
12,11,04,064,12/11/04/064,"OPEN SPACE MECHANIC WORKSHOP BY EVBOMODU JUNCTION OPP BEACON OF LIGHT, ADUWAWA",ADUWAWA / EVBO MODU,IKPOBA/OKHA,6.37401036,5.69347176,633252
12,11,04,065,12/11/04/065,OPEN SPACE BY URORA MARKET,ADUWAWA / EVBO MODU,IKPOBA/OKHA,6.37504119,5.69462176,633253
12,11,04,066,12/11/04/066,"OPEN SPACE NEAR RICHES OF FAITH MISSION, BENIN AUCHI RD",ADUWAWA / EVBO MODU,IKPOBA/OKHA,6.36963404,5.68958525,633254
12,11,04,067,12/11/04/067,"OPEN SPACE NEAR UNITY GROUP OF SCHOOLS, BENIN AUCHI RD",ADUWAWA / EVBO MODU,IKPOBA/OKHA,6.36572818,5.68980485,633255
12,11,04,068,12/11/04/068,INSIDE ADUWAWA MARKET AREA I,ADUWAWA / EVBO MODU,IKPOBA/OKHA,6.37002523,5.68474956,633256
12,11,04,069,12/11/04/069,INSIDE ADUWAWA MARKET AREA II,ADUWAWA / EVBO MODU,IKPOBA/OKHA,6.36814461,5.68368305,633257
12,11,04,070,12/11/04/070,INSIDE ADUWAWA MARKET AREA III,ADUWAWA / EVBO MODU,IKPOBA/OKHA,6.36720263,5.68369612,633258
12,11,05,001,12/11/05/001,ST. SAVIOUR - IVBIYENEVA PRIMARY SCHOOL I,ST. SAVIOUR,IKPOBA/OKHA,6.32059311,5.63898925,35245
12,11,05,002,12/11/05/002,ST. SAVIOUR - IVBIYENEVA PRIMARY SCHOOL II,ST. SAVIOUR,IKPOBA/OKHA,6.32060650,5.63898811,35246
12,11,05,003,12/11/05/003,ST. SAVIOUR - IVBIYENEVA PRIMARY SCHOOL III,ST. SAVIOUR,IKPOBA/OKHA,6.32060219,5.63899639,35247
12,11,05,004,12/11/05/004,ST. SAVIOUR - IVBIYENEVA PRIMARY SCHOOL IV,ST. SAVIOUR,IKPOBA/OKHA,6.32060371,5.63899062,35248
12,11,05,005,12/11/05/005,ST. SAVIOUR - IVBIYENEVA PRIMARY SCHOOL V,ST. SAVIOUR,IKPOBA/OKHA,6.32059210,5.63898941,35249
12,11,05,006,12/11/05/006,ST. SAVIOUR - IVBIYENEVA PRIMARY SCHOOL VI,ST. SAVIOUR,IKPOBA/OKHA,6.32059999,5.63899105,35250
12,11,05,007,12/11/05/007,ST. SAVIOUR - IVBIYENEVA PRIMARY SCHOOL VII,ST. SAVIOUR,IKPOBA/OKHA,6.32060541,5.63898913,35251
12,11,05,008,12/11/05/008,ST. SAVIOUR - IVBIYENEVA PRIMARY SCHOOL VIII,ST. SAVIOUR,IKPOBA/OKHA,6.32059516,5.63898255,35252
12,11,05,009,12/11/05/009,ST. SAVIOUR - IVBIYENEVA PRIMARY SCHOOL IX,ST. SAVIOUR,IKPOBA/OKHA,6.32060171,5.63898308,35253
12,11,05,010,12/11/05/010,ST. SAVIOUR - IVBIYENEVA PRIMARY SCHOOL X,ST. SAVIOUR,IKPOBA/OKHA,6.32060656,5.63898403,35254
12,11,05,011,12/11/05/011,ST. SAVIOUR - IVBIYENEVA PRIMARY SCHOOL XI,ST. SAVIOUR,IKPOBA/OKHA,6.32060012,5.63897887,35255
12,11,05,012,12/11/05/012,ST. SAVIOUR - IVBIYENEVA PRIMARY SCHOOL XII,ST. SAVIOUR,IKPOBA/OKHA,6.32060149,5.63898017,35256
12,11,05,013,12/11/05/013,ST. SAVIOUR - IVBIYENEVA PRIMARY SCHOOL XIII,ST. SAVIOUR,IKPOBA/OKHA,6.32060243,5.63897326,35257
12,11,05,014,12/11/05/014,ST. SAVIOUR - IVBIYENEVA PRIMARY SCHOOL XIV,ST. SAVIOUR,IKPOBA/OKHA,6.32059349,5.63899422,35258
12,11,05,015,12/11/05/015,ST. SAVIOUR - IVBIYENEVA PRIMARY SCHOOL XV,ST. SAVIOUR,IKPOBA/OKHA,6.32060384,5.63899479,35259
12,11,05,016,12/11/05/016,ST. SAVIOUR - IVBIYENEVA PRIMARY SCHOOL XVI,ST. SAVIOUR,IKPOBA/OKHA,6.32060458,5.63898095,35260
12,11,05,017,12/11/05/017,ST. SAVIOUR - IVBIYENEVA PRIMARY SCHOOL XVII,ST. SAVIOUR,IKPOBA/OKHA,6.32060287,5.63898432,35261
12,11,05,018,12/11/05/018,ST. SAVIOUR - IVBIYENEVA PRIMARY SCHOOL XVIII,ST. SAVIOUR,IKPOBA/OKHA,6.32061004,5.63898384,35262
12,11,05,019,12/11/05/019,ST. SAVIOUR - IVBIYENEVA PRIMARY SCHOOL XIX,ST. SAVIOUR,IKPOBA/OKHA,6.32061225,5.63898785,35263
12,11,05,020,12/11/05/020,ST. SAVIOUR - IVBIYENEVA PRIMARY SCHOOL XX,ST. SAVIOUR,IKPOBA/OKHA,6.32060951,5.63899896,35264
12,11,05,021,12/11/05/021,AVBIANA - OGIANA PRIMARY SCHOOL I,ST. SAVIOUR,IKPOBA/OKHA,6.30037162,5.69218525,35265
12,11,05,022,12/11/05/022,AVBIANA - OGIANA PRIMARY SCHOOL II,ST. SAVIOUR,IKPOBA/OKHA,6.30036687,5.69218982,35266
12,11,05,023,12/11/05/023,ST. SAVIOUR - UMELU SEC. SCHOOL I,ST. SAVIOUR,IKPOBA/OKHA,6.30898957,5.66606799,35267
12,11,05,024,12/11/05/024,ST. SAVIOUR - UMELU SEC. SCHOOL II,ST. SAVIOUR,IKPOBA/OKHA,6.30898200,5.66607293,35268
12,11,05,025,12/11/05/025,ST. SAVIOUR - UMELU PRIMARY SCHOOL I,ST. SAVIOUR,IKPOBA/OKHA,6.31406336,5.67582642,35269
12,11,05,026,12/11/05/026,ST. SAVIOUR - UMELU PRIMARY SCHOOL II,ST. SAVIOUR,IKPOBA/OKHA,6.31404374,5.67583637,35270
12,11,05,027,12/11/05/027,ST. SAVIOUR - UMELU PRIMARY SCHOOL III,ST. SAVIOUR,IKPOBA/OKHA,6.31404993,5.67583446,35271
12,11,05,028,12/11/05/028,ST. SAVIOUR - OGUOLA COLLEGE I,ST. SAVIOUR,IKPOBA/OKHA,6.32948469,5.65303548,35272
12,11,05,029,12/11/05/029,ST. SAVIOUR - OGUOLA COLLEGE II,ST. SAVIOUR,IKPOBA/OKHA,6.32947371,5.65303335,35273
12,11,05,030,12/11/05/030,ST. SAVIOUR - OGUOLA COLLEGE III,ST. SAVIOUR,IKPOBA/OKHA,6.32947412,5.65303551,35274
12,11,05,031,12/11/05/031,ST. SAVIOUR - OGUOLA COLLEGE IV,ST. SAVIOUR,IKPOBA/OKHA,6.32948156,5.65303594,35275
12,11,05,032,12/11/05/032,ST. SAVIOUR - OGUOLA COLLEGE V,ST. SAVIOUR,IKPOBA/OKHA,6.32947839,5.65303112,35276
12,11,05,033,12/11/05/033,ST. SAVIOUR - OGUOLA COLLEGE VI,ST. SAVIOUR,IKPOBA/OKHA,6.32948045,5.65303701,35277
12,11,05,034,12/11/05/034,ST. SAVIOUR - OGUOLA COLLEGE VII,ST. SAVIOUR,IKPOBA/OKHA,6.32947790,5.65303523,35278
12,11,05,035,12/11/05/035,ST. SAVIOUR - OGUOLA COLLEGE VIII,ST. SAVIOUR,IKPOBA/OKHA,6.32948195,5.65303606,35279
12,11,05,036,12/11/05/036,ST. SAVIOUR - OGUOLA COLLEGE  IX,ST. SAVIOUR,IKPOBA/OKHA,6.32948425,5.65303735,35280
12,11,05,037,12/11/05/037,ST. SAVIOUR - OGUOLA COLLEGE X,ST. SAVIOUR,IKPOBA/OKHA,6.32947875,5.65303503,35281
12,11,05,038,12/11/05/038,ST. SAVIOUR - OGUOLA COLLEGE XI,ST. SAVIOUR,IKPOBA/OKHA,6.32947689,5.65303318,35282
12,11,05,039,12/11/05/039,ST. SAVIOUR - OGUOLA COLLEGE XII,ST. SAVIOUR,IKPOBA/OKHA,6.32948151,5.65304141,35283
12,11,05,040,12/11/05/040,"ST RITA COMPREHENSIVE HIGH SCH, ALONG ST SAVIOUR I",ST. SAVIOUR,IKPOBA/OKHA,6.32292505,5.64307500,633445
12,11,05,041,12/11/05/041,"ST. RITA COMPREHENSIVE HIGH SCHOOL, ALONG ST SAVIOUR II",ST. SAVIOUR,IKPOBA/OKHA,6.32296437,5.64321656,633446
12,11,05,042,12/11/05/042,"ST. RITA COMPREHENSIVE HIGH SCHOOL, ALONG ST SAVIOUR III",ST. SAVIOUR,IKPOBA/OKHA,6.32306734,5.64337783,633447
12,11,05,045,12/11/05/045,"OPEN SPACE, FRONT OF WISDOM GOSPEL SOLUTION CHURCH, UPPER UWA",ST. SAVIOUR,IKPOBA/OKHA,6.32144512,5.65380827,633450
12,11,05,046,12/11/05/046,OPEN SPACE BY TIPPER GARAGE ALONG ST. SAVIOUR,ST. SAVIOUR,IKPOBA/OKHA,6.31784183,5.65912842,633451
12,11,05,047,12/11/05/047,OPEN SPACE OSAYANDE JUNCTION BY 100FT,ST. SAVIOUR,IKPOBA/OKHA,6.32851990,5.66350970,633452
12,11,05,048,12/11/05/048,"OPEN SPACE, FRONT OF CHRIST CHOSEN CHURCH OF GOD, ORHIONMANBOR STR, 100FT OFF ST. SAVIOUR ROAD",ST. SAVIOUR,IKPOBA/OKHA,6.32313140,5.66142860,633453
12,11,05,050,12/11/05/050,OPEN SPACE- OUR SAVIOUR ANGLICAN CHURCH.OFF ST SAVIOUR RD,ST. SAVIOUR,IKPOBA/OKHA,6.31700273,5.66273265,633455
12,11,05,051,12/11/05/051,OPEN SPACE ALONG ST. SAVIOUR MARKET I,ST. SAVIOUR,IKPOBA/OKHA,6.31479234,5.67320030,633456
12,11,05,052,12/11/05/052,OPEN SPACE ALONG ST. SAVIOUR MARKET II,ST. SAVIOUR,IKPOBA/OKHA,6.31970097,5.65217130,633457
12,11,05,053,12/11/05/053,OPEN SPACE ALONG ST SAVIOUR MARKET III,ST. SAVIOUR,IKPOBA/OKHA,6.31960933,5.65223079,633458
12,11,05,054,12/11/05/054,OPEN SPACE IN FRONT OF NSIK ENGINEERING COMPANY . I,ST. SAVIOUR,IKPOBA/OKHA,6.31646655,5.66661816,633459
12,11,05,056,12/11/05/056,OPEN SPACE BY EDOBOR STREET BY NETWORK MAST OFF ST. SAVIOUR,ST. SAVIOUR,IKPOBA/OKHA,6.31662184,5.66612665,633461
12,11,05,057,12/11/05/057,OPEN SPACE AVBIAMA HEALTH CENTER OFF UPPER ST SAVIOUR RD,ST. SAVIOUR,IKPOBA/OKHA,6.30065103,5.69112718,633462
12,11,05,058,12/11/05/058,OPEN SPACE AVBIAMA MKT,ST. SAVIOUR,IKPOBA/OKHA,6.30118057,5.69077816,633463
12,11,05,059,12/11/05/059,OPEN SPACE OGADE JUNCTION BY UPPER ST SAVIOUR,ST. SAVIOUR,IKPOBA/OKHA,6.36886127,5.66634793,633464
12,11,05,060,12/11/05/060,"OPEN SPACE BY UMELU POWER LINE JUNCTION, BY UPPER ST SAVIOUR",ST. SAVIOUR,IKPOBA/OKHA,6.31340506,5.67815836,633465
12,11,05,061,12/11/05/061,OPEN SPACE BY EVBOLIGUN POWER LINE  JUNCTION ALONG UPPER ST. SAVIOUR,ST. SAVIOUR,IKPOBA/OKHA,6.30780788,5.68062700,633466
12,11,05,062,12/11/05/062,OPEN SPACE EVBOLIGUN MARKET ALONG UPPER ST. SAVIOUR,ST. SAVIOUR,IKPOBA/OKHA,6.30353564,5.68653055,633467
12,11,05,063,12/11/05/063,OPEN SPACE OSARO JUNCTION BY IGUODALA ROAD OFF UPPER ST SAVIOUR ROAD,ST. SAVIOUR,IKPOBA/OKHA,6.30024320,5.70209660,633468
12,11,05,064,12/11/05/064,OPEN SPACE BY SJ. CHOSEN SCHOOL BY ST. JOSEPH STR.,ST. SAVIOUR,IKPOBA/OKHA,6.30662874,5.68047915,633469
12,11,05,065,12/11/05/065,"OPEN SPACE BY AMADASUN STREET BY MOTEL DE JOY, UPPER UWA",ST. SAVIOUR,IKPOBA/OKHA,6.32778362,5.64443830,633470
12,11,05,066,12/11/05/066,OPEN SPACE FIRST ISIBOR JUNCTION BY AHANOR  UPPER UWA,ST. SAVIOUR,IKPOBA/OKHA,6.39669996,5.65202178,633471
12,11,05,067,12/11/05/067,"OPEN SPACE FRONT OF EXCELLENT GRACE PREPARATORY SCHOOL, IHINMWINHIN QUARTERS",ST. SAVIOUR,IKPOBA/OKHA,6.32803221,5.65228678,633472
12,11,05,068,12/11/05/068,OPEN SPACE IHINMWINHIN JUNCTION BY UPPER UWA,ST. SAVIOUR,IKPOBA/OKHA,6.32588483,5.64685330,633473
12,11,05,069,12/11/05/069,OGUOLA COLLEGE XIII,ST. SAVIOUR,IKPOBA/OKHA,6.32946311,5.65362487,633474
12,11,05,070,12/11/05/070,OGUOLA COLLEGE XIV,ST. SAVIOUR,IKPOBA/OKHA,6.32955875,5.65353535,633475
12,11,06,001,12/11/06/001,GORRETTI - NIGER COLLEG E I,GORRETTI,IKPOBA/OKHA,6.31605366,5.64135021,35284
12,11,06,002,12/11/06/002,GORRETTI - NIGER COLLEG E II,GORRETTI,IKPOBA/OKHA,6.31604137,5.64135906,35285
12,11,06,003,12/11/06/003,GORRETTI - NIGER COLLEG E III,GORRETTI,IKPOBA/OKHA,6.31604488,5.64138469,35286
12,11,06,004,12/11/06/004,GORRETTI - NIGER COLLEG E IV,GORRETTI,IKPOBA/OKHA,6.31605937,5.64140176,35287
12,11,06,005,12/11/06/005,GORRETTI - NIGER COLLEG E V,GORRETTI,IKPOBA/OKHA,6.31606207,5.64139827,35288
12,11,06,006,12/11/06/006,GORRETTI - NIGER COLLEG E VI,GORRETTI,IKPOBA/OKHA,6.31605758,5.64138719,35289
12,11,06,007,12/11/06/007,GORRETTI - NIGER COLLEG E VII,GORRETTI,IKPOBA/OKHA,6.31606826,5.64138031,35290
12,11,06,008,12/11/06/008,GORRETTI - NIGER COLLEG E VIII,GORRETTI,IKPOBA/OKHA,6.31605929,5.64134478,35291
12,11,06,009,12/11/06/009,GORRETTI - NIGER COLLEG E  IX,GORRETTI,IKPOBA/OKHA,6.31605974,5.64136534,35292
12,11,06,010,12/11/06/010,GORRETTI - NIGER COLLEG E X,GORRETTI,IKPOBA/OKHA,6.31603897,5.64134341,35293
12,11,06,011,12/11/06/011,GORRETTI - ETETE PRIMARY SCHOOL I,GORRETTI,IKPOBA/OKHA,6.29462719,5.63840235,35294
12,11,06,012,12/11/06/012,GORRETTI - ETETE PRIMARY SCHOOL II,GORRETTI,IKPOBA/OKHA,6.29463602,5.63841467,35295
12,11,06,013,12/11/06/013,GORRETTI - MARIA GORRETTI COLLEGE I,GORRETTI,IKPOBA/OKHA,6.31080952,5.63869983,35296
12,11,06,014,12/11/06/014,GORRETTI - MARIA GORRETTI COLLEGE II,GORRETTI,IKPOBA/OKHA,6.31081638,5.63870675,35297
12,11,06,015,12/11/06/015,GORRETTI - MARIA GORRETTI COLLEGE III,GORRETTI,IKPOBA/OKHA,6.31081997,5.63869875,35298
12,11,06,016,12/11/06/016,GORRETTI - MARIA GORRETTI COLLEGE IV,GORRETTI,IKPOBA/OKHA,6.31082074,5.63870371,35299
12,11,06,017,12/11/06/017,GORRETTI - MARIA GORRETTI COLLEGE V,GORRETTI,IKPOBA/OKHA,6.31080491,5.63868924,35300
12,11,06,018,12/11/06/018,GORRETTI - MARIA GORRETTI COLLEGE VI,GORRETTI,IKPOBA/OKHA,6.31081332,5.63870373,35301
12,11,06,019,12/11/06/019,GORRETTI - SCH. OF HEALTH TECHNOLOGY I,GORRETTI,IKPOBA/OKHA,6.30633032,5.64000234,35302
12,11,06,020,12/11/06/020,GORRETTI - SCH. OF HEALTH TECHNOLOGY II,GORRETTI,IKPOBA/OKHA,6.30633307,5.63999947,35303
12,11,06,021,12/11/06/021,GORRETTI - SCH. OF HEALTH TECHNOLOGY III,GORRETTI,IKPOBA/OKHA,6.30633825,5.63999709,35304
12,11,06,022,12/11/06/022,GORRETTI - SCH. OF HEALTH TECHNOLOGY IV,GORRETTI,IKPOBA/OKHA,6.30633536,5.64000324,35305
12,11,06,023,12/11/06/023,GORRETTI - SCH. OF HEALTH TECHNOLOGY V,GORRETTI,IKPOBA/OKHA,6.30633017,5.63999628,35306
12,11,06,024,12/11/06/024,GORRETTI - SCH. OF HEALTH TECHNOLOGY VI,GORRETTI,IKPOBA/OKHA,6.30633416,5.64000587,35307
12,11,06,025,12/11/06/025,GORRETTI - IVBIOTOR PRIMARY SCHOOL I,GORRETTI,IKPOBA/OKHA,6.30087098,5.63132173,35308
12,11,06,026,12/11/06/026,GORRETTI - IVBIOTOR PRIMARY SCHOOL II,GORRETTI,IKPOBA/OKHA,6.30088931,5.63133986,35309
12,11,06,027,12/11/06/027,GORRETTI - IVBIOTOR PRIMARY SCHOOL III,GORRETTI,IKPOBA/OKHA,6.30087945,5.63132904,35310
12,11,06,028,12/11/06/028,GORRETTI - IVBIOTOR PRIMARY SCHOOL IV,GORRETTI,IKPOBA/OKHA,6.30088348,5.63134265,35311
12,11,06,029,12/11/06/029,GORRETTI - IVBIOTOR PRIMARY SCHOOL V,GORRETTI,IKPOBA/OKHA,6.30090057,5.63134167,35312
12,11,06,030,12/11/06/030,GORRETTI - IVBIOTOR PRIMARY SCHOOL VI,GORRETTI,IKPOBA/OKHA,6.30089868,5.63133667,35313
12,11,06,031,12/11/06/031,GORRETTI - IVBIOTOR PRIMARY SCHOOL VII,GORRETTI,IKPOBA/OKHA,6.30089231,5.63133752,35314
12,11,06,032,12/11/06/032,GORRETTI - IVBIOTOR PRIMARY SCHOOL VIII,GORRETTI,IKPOBA/OKHA,6.30090899,5.63133324,35315
12,11,06,033,12/11/06/033,GORRETTI - ITOHAN GIRLS G/SCHOOL I,GORRETTI,IKPOBA/OKHA,6.30188718,5.63189630,35316
12,11,06,034,12/11/06/034,GORRETTI - ITOHAN GIRLS G/SCHOOL II,GORRETTI,IKPOBA/OKHA,6.30188592,5.63188943,35317
12,11,06,035,12/11/06/035,GORRETTI - ITOHAN GIRLS G/SCHOOL III,GORRETTI,IKPOBA/OKHA,6.30188398,5.63189606,35318
12,11,06,036,12/11/06/036,GORRETTI - ITOHAN GIRLS G/SCHOOL IV,GORRETTI,IKPOBA/OKHA,6.30188766,5.63189511,35319
12,11,06,037,12/11/06/037,GORRETTI - ITOHAN GIRLS G/SCHOOL V,GORRETTI,IKPOBA/OKHA,6.30189048,5.63189183,35320
12,11,06,038,12/11/06/038,GORRETTI - ITOHAN GIRLS G/SCHOOL VI,GORRETTI,IKPOBA/OKHA,6.30188351,5.63190031,35321
12,11,06,039,12/11/06/039,GORRETTI - MANPOWER DEV. CENTRE I,GORRETTI,IKPOBA/OKHA,6.29005978,5.63524477,35322
12,11,06,040,12/11/06/040,GORRETTI - MANPOWER DEV. CENTRE II,GORRETTI,IKPOBA/OKHA,6.29005296,5.63523890,35323
12,11,06,041,12/11/06/041,GORRETTI - MANPOWER DEV. CENTRE III,GORRETTI,IKPOBA/OKHA,6.29005778,5.63524254,35324
12,11,06,042,12/11/06/042,GORRETTI - MANPOWER DEV. CENTRE IV,GORRETTI,IKPOBA/OKHA,6.29005622,5.63524455,35325
12,11,06,043,12/11/06/043,GORRETTI - MANPOWER DEV. CENTRE V,GORRETTI,IKPOBA/OKHA,6.29005690,5.63524455,35326
12,11,06,044,12/11/06/044,GORETTI - OGIOMO SEC. SCHOOL I,GORRETTI,IKPOBA/OKHA,6.28315945,5.63562537,35327
12,11,06,045,12/11/06/045,GORETTI - OGIOMO SEC. SCHOOL II,GORRETTI,IKPOBA/OKHA,6.28316190,5.63563154,35328
12,11,06,046,12/11/06/046,GORETTI - OGIOMO SEC. SCHOOL III,GORRETTI,IKPOBA/OKHA,6.28316431,5.63562862,35329
12,11,06,047,12/11/06/047,GORETTI - OGIOMO SEC. SCHOOL IV,GORRETTI,IKPOBA/OKHA,6.28315974,5.63561767,35330
12,11,06,048,12/11/06/048,ETETE M.P.D. - ETETE P/S   I,GORRETTI,IKPOBA/OKHA,6.29463138,5.63840418,35331
12,11,06,049,12/11/06/049,ETETE M.P.D. - ETETE P/S    II,GORRETTI,IKPOBA/OKHA,6.29461845,5.63841115,35332
12,11,06,050,12/11/06/050,ETETE M.P.D. - MANPOWER DEV. I,GORRETTI,IKPOBA/OKHA,6.29006236,5.63523677,35333
12,11,06,051,12/11/06/051,ETETE M.P.D. - MANPOWER DEV. II,GORRETTI,IKPOBA/OKHA,6.29005605,5.63523161,35334
12,11,06,052,12/11/06/052,GORRETTI - MANPOWER DEV. CENTRE I,GORRETTI,IKPOBA/OKHA,6.29006388,5.63524476,35335
12,11,06,053,12/11/06/053,GORRETTI - MANPOWER DEV. CENTRE II,GORRETTI,IKPOBA/OKHA,6.29006006,5.63524164,35336
12,11,06,054,12/11/06/054,ETETE M.P.D. - ETETE PRIMARY SCHOOL,GORRETTI,IKPOBA/OKHA,6.29463035,5.63840969,35337
12,11,06,055,12/11/06/055,OPEN SPACE POWERLINE STREET JUNCTION BY EWEKA STREET,GORRETTI,IKPOBA/OKHA,6.31486890,5.63600730,633259
12,11,06,056,12/11/06/056,OPEN SPACE EHIGIATOR STREET BY JEHOVAH WITNESS,GORRETTI,IKPOBA/OKHA,6.31339360,5.63487850,633260
12,11,06,057,12/11/06/057,OPEN SPACE UWA STREET BY POWERLINE JUNCTION,GORRETTI,IKPOBA/OKHA,6.30979640,5.63541930,633261
12,11,06,058,12/11/06/058,OPEN SPACE FRONT OF IGBINOVIA GROUP OF SCHOOL DUMEZ RD,GORRETTI,IKPOBA/OKHA,6.30978060,5.63827070,633262
12,11,06,059,12/11/06/059,OPEN SPACE OBASUYI STREET BY 2ND UWA JUNCTION,GORRETTI,IKPOBA/OKHA,6.30654070,5.63266030,633263
12,11,06,060,12/11/06/060,"OPEN SPACE OKUNDIA STREET, OFF EREDIAUWA",GORRETTI,IKPOBA/OKHA,6.29326347,5.64574119,633264
12,11,06,061,12/11/06/061,"OPEN SPACE IN FRONT OF VINDA MEDICAL CENTER, 1ST UWA LANE",GORRETTI,IKPOBA/OKHA,6.30644370,5.63172400,633265
12,11,06,062,12/11/06/062,OPEN SPACE NOSAYABA JUNCTION BY 1ST UWA LANE,GORRETTI,IKPOBA/OKHA,6.30552340,5.63193910,633266
12,11,06,063,12/11/06/063,OPEN SPACE IN FRONT OF FOURSQUARE CHURCH BY NOSAYABA STREET,GORRETTI,IKPOBA/OKHA,6.30602940,5.63330770,633267
12,11,06,064,12/11/06/064,OPEN SPACE NOSAYABA JUNCTION BY POWERLINE,GORRETTI,IKPOBA/OKHA,6.30680850,5.63500420,633268
12,11,06,065,12/11/06/065,OPEN SPACE DUMEZ RD BY CATTLE MARKET,GORRETTI,IKPOBA/OKHA,6.30454260,5.63361620,633269
12,11,06,066,12/11/06/066,OPEN SPACE BY DUMEZ MARKET,GORRETTI,IKPOBA/OKHA,6.30517610,5.63520190,633270
12,11,06,067,12/11/06/067,OPEN SPACE IN FRONT OF TREASURE HOUSE ASSEMBLY CHURCH DUMEZ RD,GORRETTI,IKPOBA/OKHA,6.30573730,5.63663620,633271
12,11,06,068,12/11/06/068,OPEN SPACE BY CHURCH LANE JUNCTION OFF ALOHAN JUNCTION,GORRETTI,IKPOBA/OKHA,6.30399170,5.63703180,633272
12,11,06,069,12/11/06/069,OPEN SPACE UYI-EHIOROBO STREET BY OMO-EDOKPOLOR JUNCTION DUMEZ RD,GORRETTI,IKPOBA/OKHA,6.30307460,5.63662730,633273
12,11,06,070,12/11/06/070,OPEN SPACE FRONT OF CHRIST FOUNDATION CHURCH BEHIND SCHOOL OF HEALTH,GORRETTI,IKPOBA/OKHA,6.30416650,5.64107500,633274
12,11,06,072,12/11/06/072,SCHOOL OF HEALTH AND TECHNOLOGY DUMEZ VII,GORRETTI,IKPOBA/OKHA,6.30608866,5.64114589,633276
12,11,06,073,12/11/06/073,"GORRETTI, IVBIOTOR PRY SCH IX",GORRETTI,IKPOBA/OKHA,6.30101761,5.63144065,633277
12,11,06,074,12/11/06/074,"GORRETTI, IVBIOTOR PRY SCH X",GORRETTI,IKPOBA/OKHA,6.30596269,5.64101011,633278
12,11,06,075,12/11/06/075,"GORRETTI, IVBIOTOR PRY SCH XI",GORRETTI,IKPOBA/OKHA,6.30090830,5.63177627,633279
12,11,06,076,12/11/06/076,OPEN SPACE DUMEZ JUNCTION BY SAPELE RD,GORRETTI,IKPOBA/OKHA,6.30378430,5.63130670,633280
12,11,06,077,12/11/06/077,"OPEN SPACE BY GOSPEL LIGHT CHURCH, EREDIAUWA STREET",GORRETTI,IKPOBA/OKHA,6.29343520,5.63412050,633281
12,11,06,078,12/11/06/078,OPEN SPACE FRONT OF DEEPER LIFE CHURCH IYENAMA ST. OFF EREDIAUWA,GORRETTI,IKPOBA/OKHA,6.29123160,5.63828410,633282
12,11,06,079,12/11/06/079,"OPEN SPACE BY 4TH EREDIAUWA JUNCTION, OLD ROAD",GORRETTI,IKPOBA/OKHA,6.29804330,5.63759340,633283
12,11,06,080,12/11/06/080,ITOHAN GIRLS GRAMMAR SCHOOL VIII,GORRETTI,IKPOBA/OKHA,6.30158713,5.63308854,633284
12,11,06,081,12/11/06/081,ITOHAN GIRLS GRAMMAR SCH IX,GORRETTI,IKPOBA/OKHA,6.30142317,5.63281126,633285
12,11,06,082,12/11/06/082,OPEN SPACE BESIDE MANPOWER OFF OLD SAPELE RD,GORRETTI,IKPOBA/OKHA,6.29055260,5.63480410,633286
12,11,06,083,12/11/06/083,OPEN SPACE OPP MEGA CHURCH UWUIGBE STREET BY MAGISTRATE COURT JUNCTION,GORRETTI,IKPOBA/OKHA,6.28824450,5.63905870,633287
12,11,06,084,12/11/06/084,OPEN SPACE FRONT OF CHURCH OF GOD MISSION BY OLD SAPELE RD.,GORRETTI,IKPOBA/OKHA,6.28796950,5.63474240,633288
12,11,06,085,12/11/06/085,OPEN SPACE OPP KOKUN HOTEL BY OLD SAPELE ROAD,GORRETTI,IKPOBA/OKHA,6.28585500,5.63508360,633289
12,11,06,086,12/11/06/086,"EVBORIARIA PRY SCHOOL I, OFF SAPELE ROAD",GORRETTI,IKPOBA/OKHA,6.28434314,5.63547838,633290
12,11,06,087,12/11/06/087,"EVBORIARIA PRY SCHOOL II, OFF SAPELE ROAD",GORRETTI,IKPOBA/OKHA,6.28439613,5.63564871,633291
12,11,06,088,12/11/06/088,"EVBORIARIA PRY SCHOOL III, OFF SAPELE ROAD",GORRETTI,IKPOBA/OKHA,6.28433581,5.63594274,633292
12,11,06,089,12/11/06/089,"EVBORIARIA PRY SCHOOL IV, OFF SAPELE ROAD",GORRETTI,IKPOBA/OKHA,6.28411186,5.63582473,633293
12,11,06,090,12/11/06/090,"SANTANA MARKET, BY SAPELE ROAD",GORRETTI,IKPOBA/OKHA,6.29227604,5.63213736,633294
12,11,06,091,12/11/06/091,"OPEN SPACE PZ MARKET, OFF SAPELE ROAD I",GORRETTI,IKPOBA/OKHA,6.27930287,5.64251315,633295
12,11,06,092,12/11/06/092,"OPEN SPACE PZ MARKET, OFF SAPELE ROAD II",GORRETTI,IKPOBA/OKHA,6.27926021,5.64268783,633296
12,11,06,093,12/11/06/093,FRONT OF FRSC OFF PZ ROAD,GORRETTI,IKPOBA/OKHA,6.27974511,5.63621331,633297
12,11,06,094,12/11/06/094,"OPEN SPACE CHRISTIAN MISSIONARY REVIVAL MINISTRY, ALONG PZ ROAD, EVBORIARIA",GORRETTI,IKPOBA/OKHA,6.27787683,5.64987548,633298
12,11,06,095,12/11/06/095,"SANTANA MARKET, SAPELE ROAD",GORRETTI,IKPOBA/OKHA,6.29219972,5.63221414,633299
12,11,07,001,12/11/07/001,ENIKARO - ENIKARO PRIMARY SCHOOL I,UGBEKUN,IKPOBA/OKHA,6.31794940,5.65381501,35338
12,11,07,002,12/11/07/002,ENIKARO - ENIKARO PRIMARY SCHOOL II,UGBEKUN,IKPOBA/OKHA,6.31795204,5.65381735,35339
12,11,07,003,12/11/07/003,ENIKARO - ENIKARO PRIMARY SCHOOL III,UGBEKUN,IKPOBA/OKHA,6.31794841,5.65381464,35340
12,11,07,004,12/11/07/004,ENIKARO - ENIKARO PRIMARY SCHOOL IV,UGBEKUN,IKPOBA/OKHA,6.31794897,5.65382403,35341
12,11,07,005,12/11/07/005,ENIKARO - ENIKARO PRIMARY SCHOOL V,UGBEKUN,IKPOBA/OKHA,6.31795305,5.65381901,35342
12,11,07,006,12/11/07/006,ENIKARO - ENIKARO PRIMARY SCHOOL VI,UGBEKUN,IKPOBA/OKHA,6.31795588,5.65382127,35343
12,11,07,007,12/11/07/007,ENIKARO - ENIKARO PRIMARY SCHOOL VII,UGBEKUN,IKPOBA/OKHA,6.31795135,5.65381750,35344
12,11,07,008,12/11/07/008,ENIKARO - ENIKARO PRIMARY SCHOOL VIII,UGBEKUN,IKPOBA/OKHA,6.31795634,5.65382352,35345
12,11,07,009,12/11/07/009,ENIKARO - ENIKARO PRIMARY SCHOOL IX,UGBEKUN,IKPOBA/OKHA,6.31794936,5.65381796,35346
12,11,07,010,12/11/07/010,ENIKARO - ENIKARO PRIMARY SCHOOL X,UGBEKUN,IKPOBA/OKHA,6.31796184,5.65381512,35347
12,11,07,011,12/11/07/011,"ENIKARO, UGBEKUN HEALTH CENTRE I",UGBEKUN,IKPOBA/OKHA,6.30420517,5.65356751,35348
12,11,07,012,12/11/07/012,"ENIKARO, UGBEKUN HEALTH CENTRE II",UGBEKUN,IKPOBA/OKHA,6.30420392,5.65356779,35349
12,11,07,013,12/11/07/013,"ENIKARO, UGBEKUN HEALTH CENTRE III",UGBEKUN,IKPOBA/OKHA,6.30419996,5.65357085,35350
12,11,07,014,12/11/07/014,"ENIKARO, UGBEKUN HEALTH CENTRE IV",UGBEKUN,IKPOBA/OKHA,6.30419808,5.65357344,35351
12,11,07,015,12/11/07/015,"ENIKARO, UGBEKUN HEALTH CENTRE V",UGBEKUN,IKPOBA/OKHA,6.30420212,5.65357354,35352
12,11,07,016,12/11/07/016,ENIKARO - UGBEKUN PRIMARY SCHOOL I,UGBEKUN,IKPOBA/OKHA,6.31795466,5.65381375,35353
12,11,07,017,12/11/07/017,ENIKARO - UGBEKUN PRIMARY SCHOOL II,UGBEKUN,IKPOBA/OKHA,6.31795382,5.65380998,35354
12,11,07,018,12/11/07/018,UGBEKUN - OLOGBOSERE PRIMARY SCHOOL I,UGBEKUN,IKPOBA/OKHA,6.30750665,5.64811579,35355
12,11,07,019,12/11/07/019,UGBEKUN - OLOGBOSERE PRIMARY SCHOOL II,UGBEKUN,IKPOBA/OKHA,6.30749420,5.64810529,35356
12,11,07,020,12/11/07/020,UGBEKUN - OLOGBOSERE PRIMARY SCHOOL III,UGBEKUN,IKPOBA/OKHA,6.30750193,5.64810377,35357
12,11,07,021,12/11/07/021,UGBEKUN - OLOGBOSERE PRIMARY SCHOOL IV,UGBEKUN,IKPOBA/OKHA,6.30750170,5.64811796,35358
12,11,07,022,12/11/07/022,UGBEKUN - OLOGBOSERE PRIMARY SCHOOL V,UGBEKUN,IKPOBA/OKHA,6.30748557,5.64809882,35359
12,11,07,023,12/11/07/023,UGBEKUN - OLOGBOSERE PRIMARY SCHOOL VI,UGBEKUN,IKPOBA/OKHA,6.30748687,5.64809954,35360
12,11,07,024,12/11/07/024,UGBEKUN - OLOGBOSERE PRIMARY SCHOOL VII,UGBEKUN,IKPOBA/OKHA,6.30749328,5.64810276,35361
12,11,07,025,12/11/07/025,UGBEKUN - OLOGBOSERE PRIMARY SCHOOL VIII,UGBEKUN,IKPOBA/OKHA,6.30750832,5.64810123,35362
12,11,07,026,12/11/07/026,UGBEKUN - OLOGBOSERE PRIMARY SCHOOL   IX,UGBEKUN,IKPOBA/OKHA,6.30750532,5.64809414,35363
12,11,07,027,12/11/07/027,UGBEKUN - OLOGBOSERE PRIMARY SCHOOL   X,UGBEKUN,IKPOBA/OKHA,6.30750512,5.64809190,35364
12,11,07,028,12/11/07/028,UGBEKUN - OLOGBOSERE PRIMARY SCHOOL   XI,UGBEKUN,IKPOBA/OKHA,6.30748869,5.64810322,35365
12,11,07,029,12/11/07/029,UGBEKUN - OLOGBOSERE PRIMARY SCHOOL   XII,UGBEKUN,IKPOBA/OKHA,6.30750470,5.64811030,35366
12,11,07,030,12/11/07/030,UGBEKUN - OLOGBOSERE PRIMARY SCHOOL   XIII,UGBEKUN,IKPOBA/OKHA,6.30749657,5.64810611,35367
12,11,07,031,12/11/07/031,UGBEKUN - OLOGBOSERE PRIMARY SCHOOL   XIV,UGBEKUN,IKPOBA/OKHA,6.30748783,5.64810019,35368
12,11,07,032,12/11/07/032,UGBEKUN - OLOGBOSERE PRIMARY SCHOOL    XV,UGBEKUN,IKPOBA/OKHA,6.30749174,5.64810614,35369
12,11,07,033,12/11/07/033,UGBEKUN - OLOGBOSERE PRIMARY SCHOOL    XVI,UGBEKUN,IKPOBA/OKHA,6.30749656,5.64810438,35370
12,11,07,034,12/11/07/034,UGBEKUN - OLOGBOSERE PRIMARY SCHOOL     XVII,UGBEKUN,IKPOBA/OKHA,6.30749664,5.64810950,35371
12,11,07,035,12/11/07/035,UGBEKUN - OLOGBOSERE PRIMARY SCHOOL    XVIII,UGBEKUN,IKPOBA/OKHA,6.30749503,5.64811073,35372
12,11,07,036,12/11/07/036,UGBEKUN - OLOGBOSERE PRIMARY SCHOOL     XIX,UGBEKUN,IKPOBA/OKHA,6.30749331,5.64811536,35373
12,11,07,037,12/11/07/037,UGBEKUN - OLOGBOSERE PRIMARY SCHOOL   XX,UGBEKUN,IKPOBA/OKHA,6.30749749,5.64810751,35374
12,11,07,038,12/11/07/038,OLOGBOSERE PRY SCH (UGBEKUN TOWN HALL I),UGBEKUN,IKPOBA/OKHA,6.30418268,5.65291439,35375
12,11,07,039,12/11/07/039,OLOGBOSERE PRY SCH (UGBEKUN TOWN HALL II),UGBEKUN,IKPOBA/OKHA,6.30417593,5.65291008,35376
12,11,07,040,12/11/07/040,"OPEN SPACE BY  CHRISTLIFE GOSPEL ASSEMBLY, OWIE STREET BY AGUEBOR JUNCTION OFF WELFARE ROAD, UPPER SAKPONBA",UGBEKUN,IKPOBA/OKHA,6.31305348,5.64759828,633476
12,11,07,041,12/11/07/041,"OPEN SPACE BY UHUNMWANGHO JUNCTION BY JESUS CHRIST ROAD, UPPER SAKPONBA",UGBEKUN,IKPOBA/OKHA,6.35825590,5.67026200,633477
12,11,07,042,12/11/07/042,"OPEN SPACE BY IGUMA JUNCTION BY IGBINIDU ROAD, OFF UPPER SAKPONBA",UGBEKUN,IKPOBA/OKHA,6.31321944,5.65416601,633478
12,11,07,043,12/11/07/043,EDO STATE CHILDREN CORRECTIONAL CENTRE ALONG WELFARE RD I,UGBEKUN,IKPOBA/OKHA,6.31449043,5.64912278,633479
12,11,07,044,12/11/07/044,EDO STATE CHILDREN CORRECTIONAL CENTER ALONG WELFARE RD II,UGBEKUN,IKPOBA/OKHA,6.31426649,5.64923342,633480
12,11,07,045,12/11/07/045,EDO STATE CHILDREN CORRECTIONAL CENTRE ALONG WELFARE RD III,UGBEKUN,IKPOBA/OKHA,6.31425616,5.64933568,633481
12,11,07,046,12/11/07/046,"OPEN SPACE BY  AGBAGO STR, JESUS CHRIST ROAD, OFF UPPER SAKPONBA",UGBEKUN,IKPOBA/OKHA,6.31121198,5.65182611,633482
12,11,07,047,12/11/07/047,"OPEN SPACE BY KEKE PARK, OPPOSITE NNPC JUNCTION UPPER SAKPONBA",UGBEKUN,IKPOBA/OKHA,6.30765558,5.64910065,633483
12,11,07,048,12/11/07/048,"OPEN SPACE BY KEKE PARK, WELFARE ROAD, OFF UPPER SAKPONBA",UGBEKUN,IKPOBA/OKHA,6.31145325,5.64633026,633484
12,11,07,049,12/11/07/049,OPEN SPACE BY SAWMILL POWER LINE BY UPPER SAKPONBA,UGBEKUN,IKPOBA/OKHA,6.30316107,5.65203767,633485
12,11,07,050,12/11/07/050,OPEN SPACE BY AIVIHENYOR JUNCTION OFF UPPER SAKPONBA,UGBEKUN,IKPOBA/OKHA,6.30208168,5.65068818,633486
12,11,07,051,12/11/07/051,"OPEN SPACE BY AMUWA JUNCTION, OFF EREDIAUWA, UPPER SAKPONBA",UGBEKUN,IKPOBA/OKHA,6.30294846,5.64972159,633487
12,11,07,052,12/11/07/052,"OPEN SPACE BY FRONT OF CHRIST CHOSEN CHURCH OF GOD BY AMUWA STREET, UPPER SAKPONBA",UGBEKUN,IKPOBA/OKHA,6.30156447,5.64585886,633488
12,11,07,053,12/11/07/053,"OPEN SPACE BY MUSHESHE JUNCTION, OFF UPPER SAKPONBA",UGBEKUN,IKPOBA/OKHA,6.30459837,5.65182007,633489
12,11,07,054,12/11/07/054,"OPEN SPACE BY PRESENTATION NATIONAL HIGH SCHOOL, BY UGBEKUN POLICE STATION RD I",UGBEKUN,IKPOBA/OKHA,6.30682514,5.66063818,633490
12,11,07,055,12/11/07/055,"OPEN SPACE BY PRESENTATION NATIONAL HIGH SCHOOL, BY UGBEKUN POLICE STATION RD II",UGBEKUN,IKPOBA/OKHA,6.30401785,5.67173257,633491
12,11,07,056,12/11/07/056,OPEN SPACE BY ISO JUNCTION OFF UPPER SAKPONBA BEHIND UGBEKUN PRIMARY SCHOOL,UGBEKUN,IKPOBA/OKHA,6.30539984,5.64671014,633492
12,11,07,057,12/11/07/057,"OPEN SPACE ISO STREET BY OZIGBO JUNCTION, UPPER SAKPONBA",UGBEKUN,IKPOBA/OKHA,6.30326871,5.64498299,633493
12,11,07,058,12/11/07/058,"OPEN SPACE IN  FRONT OF OMOSEFE NURSING & MATERNITY, ETINOSA STREET, OFF UPPER SAKPONBA",UGBEKUN,IKPOBA/OKHA,6.30656054,5.64523023,633494
12,11,07,059,12/11/07/059,"OPEN SPACE FRONT OF AMAZING GRACE BAPTIST CHURCH, AKPATA STREET OFF UPPER SAKPONBA",UGBEKUN,IKPOBA/OKHA,6.30811180,5.64320817,633495
12,11,07,060,12/11/07/060,"OPEN SPACE, AKPATA JUNCTION BY UPPER SAKPONBA ROAD",UGBEKUN,IKPOBA/OKHA,6.31067013,5.64390488,633496
12,11,07,061,12/11/07/061,OPEN SPACE UWAGUE STREET BY BEHIND SAZY LOGISTICS FILING STATION,UGBEKUN,IKPOBA/OKHA,6.30700009,5.64475011,633497
12,11,07,062,12/11/07/062,OPEN SPACE BY OSARUMWENSE STREET OPPOSITE EXCELITE GAS,UGBEKUN,IKPOBA/OKHA,6.30649156,5.65006658,633498
12,11,07,063,12/11/07/063,OPEN SPACE UGBEKUN MKT. I,UGBEKUN,IKPOBA/OKHA,6.30312175,5.65299489,633499
12,11,07,064,12/11/07/064,OPEN SPACE UGBEKUN MKT II,UGBEKUN,IKPOBA/OKHA,6.30340501,5.65310989,633500
12,11,07,065,12/11/07/065,OPEN SPACE  UGBEKUN MKT III,UGBEKUN,IKPOBA/OKHA,6.30359663,5.65289665,633501
12,11,07,066,12/11/07/066,"OPEN SPACE, UGBEKUN MARKET IV",UGBEKUN,IKPOBA/OKHA,6.30374826,5.65281820,633502
12,11,07,067,12/11/07/067,OPEN SPACE WORD OF FAITH BIBLE CHURCH,UGBEKUN,IKPOBA/OKHA,6.30452739,5.65148011,633503
12,11,07,068,12/11/07/068,OPEN SPACE IN FRONT OF GREATER PEACE GROUP OF SCH.UPPER SAKPONBA RD.,UGBEKUN,IKPOBA/OKHA,6.30139818,5.65325841,633504
12,11,07,069,12/11/07/069,OPEN SPACE IN FRONT OF UNICOACH GROUP OF SCH,UGBEKUN,IKPOBA/OKHA,6.30557512,5.65186668,633505
12,11,07,070,12/11/07/070,OPEN SPACE OPPOSITE FOLARO GLOBAL SERVICES,UGBEKUN,IKPOBA/OKHA,6.30501494,5.65105163,633506
12,11,07,071,12/11/07/071,"OPEN SPACE KEKE PARK BY EREDIAUWA JUNCTION, UPPER SAKPONBA",UGBEKUN,IKPOBA/OKHA,6.30255159,5.65231159,633507
12,11,07,072,12/11/07/072,OPEN SPACE UGBEKUN MARKET V,UGBEKUN,IKPOBA/OKHA,6.30425013,5.68314006,633508
12,11,07,073,12/11/07/073,OPEN SPACE UGBEKUN MKT VI,UGBEKUN,IKPOBA/OKHA,6.30428346,5.65336503,633509
12,11,07,074,12/11/07/074,UGBEKUN HEALTH CENTRE VI,UGBEKUN,IKPOBA/OKHA,6.30425080,5.65354340,633510
12,11,08,001,12/11/08/001,"IDOGBO, IDOGBO - AKUGBE PRIMARY SCHOOL I",IDOGBO,IKPOBA/OKHA,6.27739719,5.67005194,35377
12,11,08,002,12/11/08/002,"IDOGBO, IDOGBO - AKUGBE PRIMARY SCHOOL II",IDOGBO,IKPOBA/OKHA,6.27740135,5.67005090,35378
12,11,08,003,12/11/08/003,"IDOGBO, IDOGBO - AKUGBE PRIMARY SCHOOL III",IDOGBO,IKPOBA/OKHA,6.27740085,5.67005161,35379
12,11,08,004,12/11/08/004,"IDOGBO, IDOGBO - OZOLUA PRIMARY SCHOOL",IDOGBO,IKPOBA/OKHA,6.24091105,5.68939257,35380
12,11,08,005,12/11/08/005,"IDOGBO, IDOGBO - ADOLOR PRIMARY SCHOOL I",IDOGBO,IKPOBA/OKHA,6.27292957,5.65556470,35381
12,11,08,006,12/11/08/006,"IDOGBO, IDOGBO - ADOLOR PRIMARY SCHOOL II",IDOGBO,IKPOBA/OKHA,6.27294006,5.65555863,35382
12,11,08,007,12/11/08/007,"IDOGBO, IDOGBO - AORO PRIMARY SCHOOL I",IDOGBO,IKPOBA/OKHA,6.26339963,5.70266564,35383
12,11,08,008,12/11/08/008,"IDOGBO, IDOGBO - AORO PRIMARY SCHOOL II",IDOGBO,IKPOBA/OKHA,6.26339281,5.70265713,35384
12,11,08,009,12/11/08/009,"IDOGBO, IDOGBO - SPACE NEAR ABICO MARKET I",IDOGBO,IKPOBA/OKHA,6.29636552,5.65575333,35385
12,11,08,010,12/11/08/010,"IDOGBO, IDOGBO - SPACE NEAR ABICO MARKET II",IDOGBO,IKPOBA/OKHA,6.29636374,5.65575582,35386
12,11,08,011,12/11/08/011,"IDOGBO, IDOGBO - SPACE NEAR ABICO MARKET III",IDOGBO,IKPOBA/OKHA,6.29635774,5.65575297,35387
12,11,08,012,12/11/08/012,AVBIAKAGBA TOWN HALL (SPACE NEAR MARKET IV),IDOGBO,IKPOBA/OKHA,6.29636970,5.65576360,35388
12,11,08,013,12/11/08/013,"IDOGBO, IDOGBO - SPACE NEAR ABICO MARKET IV",IDOGBO,IKPOBA/OKHA,6.29636003,5.65576743,35389
12,11,08,014,12/11/08/014,"IDOGBO, IDOGBO - SPACE NEAR ABICO MARKET V",IDOGBO,IKPOBA/OKHA,6.29635785,5.65576182,35390
12,11,08,015,12/11/08/015,"IDOGBO, IDOGBO - NEAR NDLA OFFICE I",IDOGBO,IKPOBA/OKHA,6.28881921,5.66695910,35391
12,11,08,016,12/11/08/016,"IDOGBO, IDOGBO - NEAR NDLA OFFICE II",IDOGBO,IKPOBA/OKHA,6.28882800,5.66695536,35392
12,11,08,017,12/11/08/017,"IDOGBO, IDOGBO - NEAR NDLA OFFICE III",IDOGBO,IKPOBA/OKHA,6.28881720,5.66696103,35393
12,11,08,018,12/11/08/018,"IDOGBO, IDOGBO - NEAR NDLA OFFICE  IV",IDOGBO,IKPOBA/OKHA,6.28881986,5.66695903,35394
12,11,08,019,12/11/08/019,"IDOGBO, IDOGBO - NEAR NDLA OFFICE  V",IDOGBO,IKPOBA/OKHA,6.28881099,5.66695306,35395
12,11,08,020,12/11/08/020,"IDOGBO, IDOGBO - NEAR NDLA OFFICE VI",IDOGBO,IKPOBA/OKHA,6.28882367,5.66697185,35396
12,11,08,021,12/11/08/021,"OKA SECONDARY SCH,OKA 3 (NEAR NDLEA OFFICE VII)",IDOGBO,IKPOBA/OKHA,6.28882971,5.66696437,35397
12,11,08,022,12/11/08/022,"OKA SECONDARY SCH,OKA 4 (NEAR NDLEA OFFICE VIII)",IDOGBO,IKPOBA/OKHA,6.28882637,5.66696513,35398
12,11,08,023,12/11/08/023,"IDOGBO, IDOGBO - IDOGBO SEC. SCHOOL IX",IDOGBO,IKPOBA/OKHA,6.27150948,5.70662271,35399
12,11,08,024,12/11/08/024,"IDOGBO, IDOGBO - IDOGBO SEC. SCHOOL X",IDOGBO,IKPOBA/OKHA,6.27152305,5.70662215,35400
12,11,08,025,12/11/08/025,"IDOGBO, IDOGBO - WOMEN SPECIAL CENTRE I",IDOGBO,IKPOBA/OKHA,6.26294374,5.67376809,35401
12,11,08,026,12/11/08/026,"IDOGBO, IDOGBO - WOMEN SPECIAL CENTRE II",IDOGBO,IKPOBA/OKHA,6.26295088,5.67378543,35402
12,11,08,027,12/11/08/027,"IDOGBO, IDOGBO - OBAZEGBON PRIMARY SCHOOL",IDOGBO,IKPOBA/OKHA,6.28399612,5.71934553,35403
12,11,08,028,12/11/08/028,IDOGBO - OGUBOR PRIMARY SCHOOL,IDOGBO,IKPOBA/OKHA,6.26288243,5.74339109,35404
12,11,08,029,12/11/08/029,IDOGBO - HEALTH CENTRE,IDOGBO,IKPOBA/OKHA,6.25504195,5.72354739,35405
12,11,08,030,12/11/08/030,IKPE - ELAISUBI PRIMARY SCHOOL,IDOGBO,IKPOBA/OKHA,6.21742267,5.73872371,35406
12,11,08,031,12/11/08/031,OBAGIENOKPORO - OSENWEDE PRIMARY SCHOOL  I,IDOGBO,IKPOBA/OKHA,6.19484307,5.72066607,35407
12,11,08,032,12/11/08/032,OBAGIENOKPORO - OSENWEDE PRIMARY SCHOOL  II,IDOGBO,IKPOBA/OKHA,6.19485239,5.72068282,35408
12,11,08,033,12/11/08/033,IDOGBO - OSENWEDE PRIMARY SCHOOL I,IDOGBO,IKPOBA/OKHA,6.19484817,5.72066985,35409
12,11,08,034,12/11/08/034,IDOGBO - OSENWEDE PRIMARY SCHOOL  II,IDOGBO,IKPOBA/OKHA,6.19485019,5.72066971,35410
12,11,08,035,12/11/08/035,ULEGUN - ULEGUN PRIMARY SCHOOL,IDOGBO,IKPOBA/OKHA,6.25896524,5.72115724,35411
12,11,08,036,12/11/08/036,UTESI - UTESI TOWN HALL,IDOGBO,IKPOBA/OKHA,6.21233880,5.69218290,35412
12,11,08,037,12/11/08/037,OKA - MARKET SPACE,IDOGBO,IKPOBA/OKHA,6.28836079,5.66155393,35413
12,11,08,038,12/11/08/038,UYINWENDIN - UYINWENDIN TOWN HALL I,IDOGBO,IKPOBA/OKHA,6.22605778,5.73281025,35414
12,11,08,039,12/11/08/039,UYINWENDIN - UYINWENDIN TOWN HALL II,IDOGBO,IKPOBA/OKHA,6.22607517,5.73283610,35415
12,11,08,040,12/11/08/040,OKA I NOMAYO - GOOD FOUNDATION SEC. SCHOOL,IDOGBO,IKPOBA/OKHA,6.30405588,5.67402978,35416
12,11,08,041,12/11/08/041,PRESCO CAMPS - PRESCO HALL,IDOGBO,IKPOBA/OKHA,6.14781230,5.72524472,35417
12,11,08,042,12/11/08/042,UYINMWENDIN - UYINMWENDIN,IDOGBO,IKPOBA/OKHA,6.22604798,5.73284962,35418
12,11,08,043,12/11/08/043,OPEN SPACE BY ISNO EDUCATION CENTRE I,IDOGBO,IKPOBA/OKHA,6.28905010,5.66685654,633300
12,11,08,044,12/11/08/044,OPEN SPACE BY ISNO EDUCATION CENTRE II,IDOGBO,IKPOBA/OKHA,6.28996656,5.66742148,633301
12,11,08,045,12/11/08/045,"OPEN SPACE BY KEKE PARK IDAHOR JUNC BESIDE ODOSA FILLING STATION, UPPER SAKPONBA RD",IDOGBO,IKPOBA/OKHA,6.28570984,5.67374513,633302
12,11,08,046,12/11/08/046,"IDOGBO, IDOGBO OPEN SPACE NEAR ABIKO MARKET VI",IDOGBO,IKPOBA/OKHA,6.29625177,5.65570727,633303
12,11,08,047,12/11/08/047,"IDOGBO, IDOGBO OPEN SPACE NEAR ABIKO MARKET VII",IDOGBO,IKPOBA/OKHA,6.29623677,5.65574180,633304
12,11,08,048,12/11/08/048,"IDOGBO, IDOGBO OPEN SPACE NEAR ABIKO MARKET VIII",IDOGBO,IKPOBA/OKHA,6.29607781,5.65579344,633305
12,11,08,049,12/11/08/049,"IDOGBO, IDOGBO OPEN SPACE NEAR ABIKO MARKET IX",IDOGBO,IKPOBA/OKHA,6.29596050,5.65583903,633306
12,11,08,050,12/11/08/050,"ABIKO WATER BOARD, OFF UPPER SAKPONBA RD I",IDOGBO,IKPOBA/OKHA,6.29596050,5.65471083,633307
12,11,08,051,12/11/08/051,"ABIKO WATER BOARD, OFF UPPER SAKPONBA RD II",IDOGBO,IKPOBA/OKHA,6.29590318,5.65461494,633308
12,11,08,052,12/11/08/052,MARY MOTHER OF REDEEMER CATHOLIC CHURCH I,IDOGBO,IKPOBA/OKHA,6.29221971,5.67032229,633309
12,11,08,053,12/11/08/053,MARY MOTHER OF REDEEMER CATHOLIC CHURCH II,IDOGBO,IKPOBA/OKHA,6.29225304,5.67033201,633310
12,11,08,054,12/11/08/054,"OPEN SPACE SPIRIT AND LIFE BIBLE CHURCH, BEHIND ALEX O. FILLING STATION",IDOGBO,IKPOBA/OKHA,6.29248932,5.68564150,633311
12,11,08,055,12/11/08/055,"OPEN SPACE BY TRANSFORMER, ALONG IGHOMWENGHIAN STR. OPP OKA MARKET",IDOGBO,IKPOBA/OKHA,6.29295621,5.66214055,633312
12,11,08,056,12/11/08/056,IDOGBO PRIMARY SCHOOL,IDOGBO,IKPOBA/OKHA,6.27090320,5.70799995,633313
12,11,08,057,12/11/08/057,OPEN SPACE  EGBA COMMUNITY MARKET,IDOGBO,IKPOBA/OKHA,6.27360081,5.70164714,633314
12,11,08,058,12/11/08/058,EGBA PRIMARY SCHOOL I,IDOGBO,IKPOBA/OKHA,6.27648144,5.70109058,633315
12,11,08,059,12/11/08/059,EGBA PRIMARY SCHOOL II,IDOGBO,IKPOBA/OKHA,6.27669673,5.70097659,633316
12,11,08,060,12/11/08/060,OBAGIENOKPORO - OSEMWENDE PRY. SCH. I,IDOGBO,IKPOBA/OKHA,6.26711657,5.71809813,633317
12,11,08,061,12/11/08/061,OKA MARKET SPACE(II),IDOGBO,IKPOBA/OKHA,6.29033581,5.66292979,633318
12,11,08,062,12/11/08/062,OKA MARKET SPACE(III),IDOGBO,IKPOBA/OKHA,6.29039847,5.66301998,633319
12,11,08,063,12/11/08/063,"OPEN SPACE NOMAYO JUNCTION, UPPER SAKPONBA",IDOGBO,IKPOBA/OKHA,6.29813664,5.65507158,633320
12,11,09,001,12/11/09/001,OBAYANTOR - AIGHEMUSA PRIMARY SCHOOL I,OBAYANTOR,IKPOBA/OKHA,6.22823621,5.66183064,35419
12,11,09,002,12/11/09/002,EVBOABOGUN TOWN HALL (AIGHEMUSA PRY SCH. II),OBAYANTOR,IKPOBA/OKHA,6.22822995,5.66182791,35420
12,11,09,003,12/11/09/003,OBAYANTOR - IYENOROHO PRIMARY SCH. I,OBAYANTOR,IKPOBA/OKHA,6.18860845,5.68249808,35421
12,11,09,004,12/11/09/004,OBAYANTOR - IYENOROHO PRIMARY SCH. II,OBAYANTOR,IKPOBA/OKHA,6.18861022,5.68249060,35422
12,11,09,005,12/11/09/005,OBAYANTOR - OGHEGHE TOWN HALL,OBAYANTOR,IKPOBA/OKHA,6.20669509,5.62618547,35423
12,11,09,006,12/11/09/006,OBAYANTOR - OSEMWENDE PRIMARY SCHOOL I,OBAYANTOR,IKPOBA/OKHA,6.22684210,5.63426780,35424
12,11,09,007,12/11/09/007,OBAYANTOR - OSEMWENDE PRIMARY SCHOOL II,OBAYANTOR,IKPOBA/OKHA,6.22683388,5.63426674,35425
12,11,09,008,12/11/09/008,OBAYANTOR - HEALTH CENTRE,OBAYANTOR,IKPOBA/OKHA,6.20863350,5.63680809,35426
12,11,09,009,12/11/09/009,OBAYANTOR - OBIAGIENEVBUOSA T. HALL I,OBAYANTOR,IKPOBA/OKHA,6.19362253,5.59604775,35427
12,11,09,010,12/11/09/010,OBAYANTOR - OBIAGIENEVBUOSA T. HALL II,OBAYANTOR,IKPOBA/OKHA,6.19366998,5.59608552,35428
12,11,09,011,12/11/09/011,OBAYANTOR - OBIAGIENEVBUOSA HEALTH HALL,OBAYANTOR,IKPOBA/OKHA,6.19367173,5.59608428,35429
12,11,09,012,12/11/09/012,OBAYANTOR - EDO PRIMARY SCHOOL I,OBAYANTOR,IKPOBA/OKHA,6.16878532,5.56215368,35430
12,11,09,013,12/11/09/013,OBAYANTOR - EDO PRIMARY SCHOOL II,OBAYANTOR,IKPOBA/OKHA,6.16878778,5.56215396,35431
12,11,09,014,12/11/09/014,OBAYANTOR - EDO PRIMARY SCHOOL III,OBAYANTOR,IKPOBA/OKHA,6.16878182,5.56215000,35432
12,11,09,015,12/11/09/015,"OBAYANTOR, OBASUNYI COLLEGE",OBAYANTOR,IKPOBA/OKHA,6.10578074,5.66011874,35433
12,11,09,016,12/11/09/016,OBAYANTOR - EWUARE PRIMARY SCHOOL I,OBAYANTOR,IKPOBA/OKHA,6.11014045,5.66602614,35434
12,11,09,017,12/11/09/017,OBAYANTOR - EWUARE PRIMARY SCHOOL  II,OBAYANTOR,IKPOBA/OKHA,6.11013378,5.66602026,35435
12,11,09,018,12/11/09/018,OBAYANTOR - EWUARE PRIMARY SCHOOL  III,OBAYANTOR,IKPOBA/OKHA,6.11013517,5.66602272,35436
12,11,09,019,12/11/09/019,OBAYANTOR  IYI - EWUARE PRIMARY SCHOOL  I,OBAYANTOR,IKPOBA/OKHA,6.19433713,5.63704042,35437
12,11,09,020,12/11/09/020,OBAYANTOR  IYI - EWUARE PRIMARY SCHOOL   II,OBAYANTOR,IKPOBA/OKHA,6.19433384,5.63704532,35438
12,11,09,021,12/11/09/021,OBAYANTOR - ROBBER R. INSTITUTE PRIMARY SCH.   I,OBAYANTOR,IKPOBA/OKHA,6.15874648,5.62399990,35439
12,11,09,022,12/11/09/022,OBAYANTOR - ROBBER R. INSTITUTE PRIMARY SCH.   II,OBAYANTOR,IKPOBA/OKHA,6.15873797,5.62400457,35440
12,11,09,023,12/11/09/023,OBAYANTOR - OTOMWEN PRIMARY SCHOOL,OBAYANTOR,IKPOBA/OKHA,6.20091044,5.64911924,35441
12,11,09,024,12/11/09/024,OBAYANTOR - ODIGIE PRIMARY SCHOOL   I,OBAYANTOR,IKPOBA/OKHA,6.15422616,5.64698553,35442
12,11,09,025,12/11/09/025,OBAYANTOR - ODIGIE PRIMARY SCHOOL   II,OBAYANTOR,IKPOBA/OKHA,6.15422460,5.64698015,35443
12,11,09,026,12/11/09/026,OBAYANTOR - ODIGIE PRIMARY SCHOOL   III,OBAYANTOR,IKPOBA/OKHA,6.15421804,5.64697664,35444
12,11,09,027,12/11/09/027,OBAYANTOR - OGBEKPEN TOWN HALL,OBAYANTOR,IKPOBA/OKHA,6.14498791,5.56763871,35445
12,11,09,028,12/11/09/028,"OBAYANTOR, AIGHEMUSA PRIMARY SCHOOL II",OBAYANTOR,IKPOBA/OKHA,6.22856486,5.66198833,633355
12,11,09,029,12/11/09/029,EVBAOBOGUN PRIMARY SCHOOL I,OBAYANTOR,IKPOBA/OKHA,6.26126494,5.66032503,633356
12,11,09,030,12/11/09/030,OPEN SPACE BY KEKE PARK EVBUOBOGUN JUNCTION,OBAYANTOR,IKPOBA/OKHA,6.25898166,5.63604835,633357
12,11,09,031,12/11/09/031,"OBAYANTOR, OSEMWENDE SEC SCHOOL I",OBAYANTOR,IKPOBA/OKHA,6.22767496,5.63603159,633358
12,11,09,032,12/11/09/032,"OBAYANTOR, OSEMWENDE SEC SCHOOL II",OBAYANTOR,IKPOBA/OKHA,6.22762496,5.62570336,633359
12,11,09,033,12/11/09/033,OHOGHOBI HEALTH CENTER,OBAYANTOR,IKPOBA/OKHA,6.25898166,5.63604835,633360
12,11,09,034,12/11/09/034,"OGHEGHE MARKET, OBAYANTOR",OBAYANTOR,IKPOBA/OKHA,6.20923828,5.63685335,633361
12,11,09,035,12/11/09/035,"IYI-EWARE PRIMARY SCHOOL, UHIE",OBAYANTOR,IKPOBA/OKHA,6.19430681,5.63747831,633362
12,11,10,001,12/11/10/001,"OLOGBO, OLOGBO HEALTH CENTRE",OLOGBO,IKPOBA/OKHA,6.06918565,5.66030622,35446
12,11,10,002,12/11/10/002,"OLOGBO, OHON PRIMARY SCHOOL  I",OLOGBO,IKPOBA/OKHA,6.06123582,5.66058538,35447
12,11,10,003,12/11/10/003,"OLOGBO, OHON PRIMARY SCHOOL  II",OLOGBO,IKPOBA/OKHA,6.06118843,5.66057072,35448
12,11,10,004,12/11/10/004,"OLOGBO, OHON PRIMARY SCHOOL  III",OLOGBO,IKPOBA/OKHA,6.06126869,5.66053906,35449
12,11,10,005,12/11/10/005,"OLOGBO, OHON PRIMARY SCHOOL   IV",OLOGBO,IKPOBA/OKHA,6.06124066,5.66057058,35450
12,11,10,006,12/11/10/006,"OLOGBO, OHON PRIMARY SCHOOL    V",OLOGBO,IKPOBA/OKHA,6.06122356,5.66058447,35451
12,11,10,007,12/11/10/007,"OLOGBO, IMASABOR TOWN HALL",OLOGBO,IKPOBA/OKHA,6.09168452,5.66092792,35452
12,11,10,008,12/11/10/008,"OPEN SPACE, NEAR AUNTY MARIA SCH. (OBAYANTOR OZOLUA PRY SCH)",OLOGBO,IKPOBA/OKHA,6.07403129,5.65420238,35453
12,11,10,009,12/11/10/009,"OLOGBO, OZOLUA GRAMM. SCHOOL    I",OLOGBO,IKPOBA/OKHA,6.07403431,5.65420414,35454
12,11,10,010,12/11/10/010,"OLOGBO, OZOLUA GRAMM. SCHOOL   II",OLOGBO,IKPOBA/OKHA,6.07403941,5.65420764,35455
12,11,10,011,12/11/10/011,"OLOGBO, OLOGBO TOWN HALL I",OLOGBO,IKPOBA/OKHA,6.06219685,5.66059687,35456
12,11,10,012,12/11/10/012,"OLOGBO, OLOGBO TOWN HALL II",OLOGBO,IKPOBA/OKHA,6.06215202,5.66064711,35457
12,11,10,013,12/11/10/013,"OLOGBO, OLOGBO TOWN HALL III",OLOGBO,IKPOBA/OKHA,6.05426122,5.66254878,35458
12,11,10,014,12/11/10/014,"OLOGBO, OLOGBO PRIMARY SCHOOL I",OLOGBO,IKPOBA/OKHA,6.07675777,5.66074575,35459
12,11,10,015,12/11/10/015,"OLOGBO, OLOGBO PRIMARY SCHOOL II",OLOGBO,IKPOBA/OKHA,6.07360406,5.66039489,35460
12,11,10,016,12/11/10/016,"OLOGBO, AJATITON HALL",OLOGBO,IKPOBA/OKHA,6.04446045,5.49878902,35461
12,11,10,020,12/11/10/020,"OLOGBO, AJAMIMOGHA T. HALL   I",OLOGBO,IKPOBA/OKHA,6.02597627,5.42731001,35465
12,11,10,021,12/11/10/021,"OLOGBO, AJAMIMOGHA T. HALL    II",OLOGBO,IKPOBA/OKHA,6.02599122,5.42730322,35466
12,11,10,023,12/11/10/023,"OLOGBO, IKARA HALL",OLOGBO,IKPOBA/OKHA,6.04379646,5.53007905,35468
12,11,10,025,12/11/10/025,"OLOGBO, IDABA SQUARE",OLOGBO,IKPOBA/OKHA,6.06180600,5.66131900,35470
12,11,10,027,12/11/10/027,"OLOGBO, AJAMIMOGHA T. HALL",OLOGBO,IKPOBA/OKHA,6.02599845,5.42729413,35472
12,11,10,030,12/11/10/030,AJAMIMOGHA - MARKET SQUARE,OLOGBO,IKPOBA/OKHA,6.02597514,5.42731135,35475
12,11,10,031,12/11/10/031,"OPEN SPACE , RUBBER FACTORY BY CASSAVA MILL.",OLOGBO,IKPOBA/OKHA,6.06916825,5.66066165,633395
12,11,10,032,12/11/10/032,"OHON PRIMARY SCHOOL VI, OLOGBO",OLOGBO,IKPOBA/OKHA,6.06095662,5.66133991,633396
12,11,10,033,12/11/10/033,"OPEN SPACE, BAPTIST SECONDARY SCHOOL, OLOGBO",OLOGBO,IKPOBA/OKHA,6.06075492,5.66142675,633397
12,11,10,034,12/11/10/034,"NDDC HEALTH CENTER, OLOGBO",OLOGBO,IKPOBA/OKHA,6.06069657,5.66162322,633398
12,11,10,035,12/11/10/035,OPEN SPACE OLOGBO MARKET I,OLOGBO,IKPOBA/OKHA,6.06020013,5.66007826,633399
12,11,10,036,12/11/10/036,OPEN SPACE OLOGBO MARKET II,OLOGBO,IKPOBA/OKHA,6.06022514,5.66038840,633400
12,11,10,037,12/11/10/037,OPEN SPACE OLOGBO MARKET III,OLOGBO,IKPOBA/OKHA,6.06044318,5.66055167,633401
12,11,10,038,12/11/10/038,OPEN SPACE OLOGBO MARKET IV,OLOGBO,IKPOBA/OKHA,6.06063322,5.66051815,633402
12,11,10,039,12/11/10/039,"OLOGBO PRIMARY SCHOOL III, OLOGBO",OLOGBO,IKPOBA/OKHA,6.07648493,5.66120000,633403
12,11,10,040,12/11/10/040,"OLOGBO PRIMARY SCHOOL IV, OLOGBO",OLOGBO,IKPOBA/OKHA,6.07654327,5.66153001,633404
12,11,10,041,12/11/10/041,"OLOGBO PRIMARY SCHOOL V, OLOGBO",OLOGBO,IKPOBA/OKHA,6.07666163,5.66159170,633405
12,12,01,001,12/12/01/001,"OGBE I,  URHOKPOTA HALL I",OGBE,OREDO,6.33396030,5.62144677,35476
12,12,01,002,12/12/01/002,"OGBE I , URHOKPOTA HALL II",OGBE,OREDO,6.33396408,5.62145254,35477
12,12,01,003,12/12/01/003,"OGBE I , OREDO LGA CAR PARK I",OGBE,OREDO,6.33279114,5.62143362,35478
12,12,01,004,12/12/01/004,"OGBE I , OREDO LGA CAR PARK II",OGBE,OREDO,6.33278207,5.62143187,35479
12,12,01,005,12/12/01/005,"OGBE  II , OGBE PRIMARY SCHOOL",OGBE,OREDO,6.33044178,5.61667284,35480
12,12,01,006,12/12/01/006,"OGBE II , OBASEKI PRIMARY SCHOOL",OGBE,OREDO,6.32813426,5.61548440,35481
12,12,01,007,12/12/01/007,"OGBE III, EZOTI PRIMARY SCHOOL  I",OGBE,OREDO,6.32815803,5.61548261,35482
12,12,01,008,12/12/01/008,"OGBE III,  EZOTI PRIMARY SCHOOL  II",OGBE,OREDO,6.32814042,5.61548519,35483
12,12,01,009,12/12/01/009,"OGBE III,  ST PAUL'S PRIMARY SCHOOL",OGBE,OREDO,6.32814632,5.61548224,35484
12,12,01,010,12/12/01/010,"OGBE IV,  HIGH COURT PREMISES",OGBE,OREDO,6.32790246,5.62416573,35485
12,12,01,011,12/12/01/011,"OGBE IV , OBA AKENZUA  II CULTURAL HALL",OGBE,OREDO,6.33104755,5.62023103,35486
12,12,01,012,12/12/01/012,"OGBE IV  - IDAH PIMARY SCHOOL I / CENTRAL MOTOR PARK, BENIN",OGBE,OREDO,6.33602461,5.61655669,35487
12,12,01,013,12/12/01/013,"OGBE IV - IDAH PIMARY SCHOOL II / CENTRAL MOTOR PARK, BENIN",OGBE,OREDO,6.33602325,5.61655076,35488
12,12,01,014,12/12/01/014,"OGBE IV  IDAH PRIMARY SCHOOL III / CENTRAL MOTOR PARK, BENIN",OGBE,OREDO,6.33601210,5.61656880,35489
12,12,01,015,12/12/01/015,"OGBE IV  IDAH PRIMARY SCHOOL  IV / CENTRAL MOTOR PARK, BENIN",OGBE,OREDO,6.33601390,5.61657077,35490
12,12,01,016,12/12/01/016,"OGBE IV  IDAH PRIMARY SCHOOL  V / CENTRAL MOTOR PARK, BENIN",OGBE,OREDO,6.33601360,5.61656187,35491
12,12,01,017,12/12/01/017,"OGBE IV  IDAH PRIMARY SCHOOL VI / CENTRAL MOTOR PARK, BENIN",OGBE,OREDO,6.33600470,5.61656133,35492
12,12,01,018,12/12/01/018,UZEBU I GARRICK MEM. COMP. PRIMARY SCHOOL I,OGBE,OREDO,6.33253241,5.60275409,35493
12,12,01,019,12/12/01/019,"UZEBU I,  GARRICK MEM. COMP. PRIMARY SCHOOL  II",OGBE,OREDO,6.33254107,5.60276701,35494
12,12,01,020,12/12/01/020,"UZEBU I,  GARRICK MEM. COMP. PRIMARY SCHOOL  III",OGBE,OREDO,6.33253526,5.60276396,35495
12,12,01,021,12/12/01/021,"UZEBU I , GARRICK MEM. COMP. PRIMARY SCHOOL  IV",OGBE,OREDO,6.33255543,5.60277469,35496
12,12,01,022,12/12/01/022,"UZEBU II , OGBE - IBUYA PRIMARY SCHOOL I",OGBE,OREDO,6.31434844,5.59151713,35497
12,12,01,023,12/12/01/023,"UZEBU II,  OGBE - IBUYA PRIMARY SCHOOL II",OGBE,OREDO,6.31435009,5.59152471,35498
12,12,01,024,12/12/01/024,"UZEBU II, OGBE - IBUYA PRIMARY SCHOOL III",OGBE,OREDO,6.31435367,5.59153244,35499
12,12,01,025,12/12/01/025,"UZEBU II, TRADE FAIR COMPLEX PREMISES IV",OGBE,OREDO,6.32063147,5.59155347,35500
12,12,01,026,12/12/01/026,"UZEBU II,  TRADE FAIR COMPLEX PREMISES V",OGBE,OREDO,6.32063880,5.59155269,35501
12,12,01,027,12/12/01/027,"ISEKHERE I,  UYIOSA PRY. SCH. I",OGBE,OREDO,6.33979421,5.61157143,35502
12,12,01,028,12/12/01/028,"ISEKHERE I,  UYIOSA PRY SCH. II",OGBE,OREDO,6.33978957,5.61157835,35503
12,12,01,029,12/12/01/029,"ISEKHERE I ,  UYIOSA PRY SCH. III",OGBE,OREDO,6.33979197,5.61158770,35504
12,12,01,030,12/12/01/030,"ISEKHERE I ,  UYIOSA PRY SCH. IV",OGBE,OREDO,6.33978184,5.61159060,35505
12,12,01,031,12/12/01/031,"OPEN SPACE - BACK OF UROKPOTA HALL, BY PENSION HOUSE",OGBE,OREDO,6.33215629,5.62134817,633641
12,12,01,032,12/12/01/032,OPEN SPACE - URBAN WATER BOARD OPPOSITE OBA'S PALACE,OGBE,OREDO,6.33263514,5.62035475,633642
12,12,01,033,12/12/01/033,OPEN SPACE - BEHIND OREDO SECRETARIAT PREMISES,OGBE,OREDO,6.33316498,5.62060822,633643
12,12,01,034,12/12/01/034,OGBE PRIMARY SCHOOL II,OGBE,OREDO,6.33060176,5.61631165,633644
12,12,01,035,12/12/01/035,"OPEN SPACE, BESIDE MTN MAST, BY ALAKA JUNCTION OFF AHUNMWAN STR.",OGBE,OREDO,6.33042182,5.61666336,633645
12,12,01,036,12/12/01/036,OGBE SECONDARY SCHOOL IV,OGBE,OREDO,6.33028319,5.61693016,633646
12,12,01,037,12/12/01/037,OPEN SPACE - OSUMA CLOSE BEHIND OGBE STADIUM,OGBE,OREDO,6.33101164,5.61036654,633647
12,12,01,038,12/12/01/038,"OPEN SPACE - FRONT OF FIRS OFFICE, AIRPORT ROAD",OGBE,OREDO,6.32349988,5.61289184,633648
12,12,01,039,12/12/01/039,OPEN SPACE - OGBE STADIUM MAIN GATE (CAR PARK B),OGBE,OREDO,6.33182406,5.61197821,633649
12,12,01,040,12/12/01/040,OPEN SPACE - THE OBSERVER PREMISES AIRPORT ROAD,OGBE,OREDO,6.32792657,5.61796624,633650
12,12,01,041,12/12/01/041,"OPEN SPACE - CIVIL SERVICE COMMISSION, SAPELE ROAD",OGBE,OREDO,6.32496845,5.62544826,633651
12,12,01,042,12/12/01/042,OPEN SPACE - MINISTRY OF COMMUNICATION AND ORIENTATION,OGBE,OREDO,6.32846008,5.62202174,633652
12,12,01,043,12/12/01/043,"OPEN SPACE - FRONT OF MDS LOGISTICS, OBA MARKET",OGBE,OREDO,6.33731867,5.61627511,633653
12,12,01,044,12/12/01/044,"YANGA MARKET, ALONG OBA MARKET RD.",OGBE,OREDO,6.33644162,5.61777178,633654
12,12,01,045,12/12/01/045,OPEN SPACE - FRONT OF BANK OF AGRICULTURE BY GBO BUILDING,OGBE,OREDO,6.33610006,5.61843999,633655
12,12,01,047,12/12/01/047,OPEN SPACE - PLYMOUTH ROAD BY THE MOAT,OGBE,OREDO,6.33390008,5.61735503,633657
12,12,01,048,12/12/01/048,OPEN SPACE - NEW CENTRAL PARK  I,OGBE,OREDO,6.33490677,5.61621174,633658
12,12,01,049,12/12/01/049,"OPEN SPACE, PLYMOUTH ROAD BY ZABAYO JUNCTION.",OGBE,OREDO,6.33518335,5.61633512,633659
12,12,01,050,12/12/01/050,"OPEN SPACE, OBAKHAVBAYE JUNCTION OFF PLYMOUTH ROAD.",OGBE,OREDO,6.33549491,5.61649505,633660
12,12,01,051,12/12/01/051,"OPEN SPACE - 2ND, GARRICK LAYOUT BY EROMOSELE STREET OFF COLLEGE ROAD",OGBE,OREDO,6.32887329,5.60231321,633661
12,12,01,052,12/12/01/052,OPEN SPACE - JOROMI STREET BY AERODROME CLOSE JUNCTION,OGBE,OREDO,6.32363684,5.66005865,633662
12,12,01,053,12/12/01/053,OPEN SPACE - OSAGIEDE UZZI STREET JUNCTION OFF AERODROME CLOSE BY MARY'S PLACE,OGBE,OREDO,6.32706316,5.59659842,633663
12,12,01,054,12/12/01/054,"OPEN SPACE - FELICITY AVENUE JUNCTION, BESIDE KONCORD HOTEL",OGBE,OREDO,6.32706316,5.59659842,633664
12,12,01,055,12/12/01/055,OPEN SPACE - EREDIAUWA JUNCTION OFF EKEHUAN ROAD,OGBE,OREDO,6.32915654,5.59347834,633665
12,12,01,056,12/12/01/056,"OPEN SPACE - FAMILY PRAYER WAY, OPP LFC, EKEHUAN RD",OGBE,OREDO,6.32900392,5.58782157,633666
12,12,01,057,12/12/01/057,"OPEN SPACE - OZIGBO-OGIEKA JUNCTION, OFF EKEHUAN RD.",OGBE,OREDO,6.32985660,5.59596173,633667
12,12,01,058,12/12/01/058,"OPEN SPACE - UNIBEN EKEHUAN CAMPUS, BY LAWN TENNIS COURT I",OGBE,OREDO,6.33257682,5.60024522,633668
12,12,01,059,12/12/01/059,"OPEN SPACE - UNIBEN EKEHUAN CAMPUS, BY LAWN TENNIS COURT II",OGBE,OREDO,6.33227492,5.60019493,633669
12,12,01,060,12/12/01/060,"OPEN SPACE - UNIBEN EKEHUAN CAMPUS, BY LAWN TENNIS COURT III",OGBE,OREDO,6.33214496,5.60040984,633670
12,12,01,061,12/12/01/061,OPEN SPACE - UNIBEN EKEHUAN CAMPUS BY THE OPEN FIELD I,OGBE,OREDO,6.33268179,5.59981842,633671
12,12,01,062,12/12/01/062,OPEN SPACE - UNIBEN EKEHUAN CAMPUS BY THE OPEN FIELD II,OGBE,OREDO,6.33275777,5.59961490,633672
12,12,01,063,12/12/01/063,"OPEN SPACE, MAO STREET JUNCTION OFF EKEHUAN ROAD.",OGBE,OREDO,6.33292238,5.59924677,633673
12,12,01,064,12/12/01/064,"OPEN SPACE, CONCORD ROAD JUNCTION OFF COLLEGE RD",OGBE,OREDO,6.33296804,5.59903823,633674
12,12,01,065,12/12/01/065,OPEN SPACE - NOSA OKUNDAYE CLOSE OFF REV OKORUWA STREET,OGBE,OREDO,6.31866960,5.58949258,633675
12,12,01,066,12/12/01/066,"OPEN SPACE, AJAYIOBA OBAEWAKPE STREET JUNCTION.",OGBE,OREDO,6.31415185,5.59107341,633676
12,12,01,067,12/12/01/067,OGBE-IBUYE PRIMARY SCHOOL,OGBE,OREDO,6.31418851,5.59128396,633677
12,12,01,068,12/12/01/068,OPEN SPACE - IYOBOSA STREET JUNCTION OFF GOODWILL ROAD,OGBE,OREDO,6.32378815,5.59202828,633678
12,12,01,069,12/12/01/069,OPEN SPACE - TRADE FAIR COMPLEX GATE I,OGBE,OREDO,6.32071035,5.59151497,633679
12,12,01,070,12/12/01/070,OPEN SPACE - TRADE FAIR COMPLEX GATE II,OGBE,OREDO,6.32145314,5.59138991,633680
12,12,01,071,12/12/01/071,OPEN SPACE - OSARETIN JUNCTION BY ALAGHODARO STREET OFF EHAEKPEN,OGBE,OREDO,6.34275825,5.61081175,633681
12,12,01,072,12/12/01/072,UYIOSA PRIMARY SCHOOL,OGBE,OREDO,6.34011118,5.61154168,633682
12,12,01,073,12/12/01/073,"OPEN SPACE - SAWMILL IN FRONT OF EZOMO PALACE, OFF EKEHUAN RD",OGBE,OREDO,6.33730000,5.31152156,633683
12,12,02,001,12/12/02/001,"GRA I, STAFF TRAINING CENTRE  I",GRA/ETETE,OREDO,6.32042042,5.62308076,35506
12,12,02,002,12/12/02/002,"GRA I,  STAFF TRAINING CENTRE  II",GRA/ETETE,OREDO,6.32031813,5.62304793,35507
12,12,02,003,12/12/02/003,"GRA II ,  OREDO MODEL PRIMARY SCHOOL  I",GRA/ETETE,OREDO,6.31038860,5.61539370,35508
12,12,02,004,12/12/02/004,"GRA II, OREDO MODEL PRIMARY. SCHOOL II",GRA/ETETE,OREDO,6.31036796,5.61540218,35509
12,12,02,005,12/12/02/005,"GRA II , OREDO MODEL PRY. SCHOOL",GRA/ETETE,OREDO,6.31036934,5.61539387,35510
12,12,02,006,12/12/02/006,"GRA III,  EBENEZER PRIMARY SCHOOL  I",GRA/ETETE,OREDO,6.30914447,5.61822873,35511
12,12,02,007,12/12/02/007,"GRA III , EBENEZER PRIMARY SCHOOL  II",GRA/ETETE,OREDO,6.30915416,5.61821334,35512
12,12,02,008,12/12/02/008,"ETETE I , NNPC ETETE  I",GRA/ETETE,OREDO,6.29661587,5.62580405,35513
12,12,02,009,12/12/02/009,"ETETE II , NNPC ETETE  II",GRA/ETETE,OREDO,6.29667087,5.62568355,35514
12,12,02,010,12/12/02/010,"EKAE/UGBOR,  EKAE PRIMARY SCHOOL",GRA/ETETE,OREDO,6.26321692,5.63204372,35515
12,12,02,011,12/12/02/011,"EKAE/UGBOR,  IVBIORE PRY. SCHOOL",GRA/ETETE,OREDO,6.26768191,5.60804286,35516
12,12,02,012,12/12/02/012,"ELEMA  I,  ANGLICAN G/G SCHOOL  I",GRA/ETETE,OREDO,6.30133027,5.61745252,35517
12,12,02,013,12/12/02/013,"ELEMA  I,  ANGLICAN G/G SCHOOL   II",GRA/ETETE,OREDO,6.30134198,5.61747214,35518
12,12,02,014,12/12/02/014,"ELEMA  I , ANGLICAN G/G SCHOOL   III",GRA/ETETE,OREDO,6.30134126,5.61743042,35519
12,12,02,015,12/12/02/015,"ELEMA  II , GREATER TOMORROW SEC. SCHOOL   I",GRA/ETETE,OREDO,6.30160308,5.60493115,35520
12,12,02,016,12/12/02/016,"ELEMA  II , GREATER TOMORROW SEC. SCHOOL   II",GRA/ETETE,OREDO,6.30161656,5.60492843,35521
12,12,02,017,12/12/02/017,"ELEMA  II , GREATER TOMORROW SEC. SCHOOL   III",GRA/ETETE,OREDO,6.30160997,5.60492438,35522
12,12,02,018,12/12/02/018,"OGBA I,  AIRFORCE PRIMARY SCHOOL  I",GRA/ETETE,OREDO,6.30227092,5.59285158,35523
12,12,02,019,12/12/02/019,"OGBA I, AIRFORCE PRIMARY SCHOOL   II",GRA/ETETE,OREDO,6.29983442,5.59283888,35524
12,12,02,020,12/12/02/020,"OGBA  I,  OBA EWUARE COLLEGE",GRA/ETETE,OREDO,6.29696588,5.60249898,35525
12,12,02,021,12/12/02/021,"OGBA I,  EKHAGUERE PRIMARY SCHOOL",GRA/ETETE,OREDO,6.29567335,5.60028761,35526
12,12,02,022,12/12/02/022,"OGBA I , IGHIWIYISI PRIMARY SCHOOL",GRA/ETETE,OREDO,6.28440003,5.58336750,35527
12,12,02,023,12/12/02/023,"OGBA  II , AKENZUA PRMARY SCHOOL",GRA/ETETE,OREDO,6.28376791,5.58833651,35528
12,12,02,024,12/12/02/024,"ODIA  II,  ODIA PRIMARY SCHOOL",GRA/ETETE,OREDO,6.28378949,5.56824250,35529
12,12,02,025,12/12/02/025,"ODIA II , EWEKA PRIMARY SCHOOL",GRA/ETETE,OREDO,6.23126076,5.58611126,35530
12,12,02,026,12/12/02/026,"ODIA II , UMEGBE PRIMARY SCHOOL",GRA/ETETE,OREDO,6.23101791,5.55521825,35531
12,12,02,027,12/12/02/027,"OGBA III,  OKUNBOR PRIMARY SCHOOL",GRA/ETETE,OREDO,6.25969520,5.54077355,35532
12,12,02,028,12/12/02/028,"OGBA III,  EBO PRIMARY SCHOOL",GRA/ETETE,OREDO,6.27288150,5.58691239,35533
12,12,02,029,12/12/02/029,"OGBA III,  OGISO PRIMARY SCHOOL",GRA/ETETE,OREDO,6.29296323,5.56476730,35534
12,12,02,030,12/12/02/030,"OGBA III,  OBAIZAMOMWAN PRIMARY SCHOOL",GRA/ETETE,OREDO,6.22742455,5.51651957,35535
12,12,02,031,12/12/02/031,"OGBA III,  OVBO PRIMARY SCHOOL",GRA/ETETE,OREDO,6.14239816,5.52494019,35536
12,12,02,032,12/12/02/032,"OGBA III, I UGOGOGIN PRIMARY SCHOOL",GRA/ETETE,OREDO,6.16393857,5.54677484,35537
12,12,02,033,12/12/02/033,OGBA IV AKPAE PRIMARY SCHOOL,GRA/ETETE,OREDO,6.19356514,5.51334732,35538
12,12,02,034,12/12/02/034,"OGBA IV,  EVBUORUHUN PRIMARY SCHOOL",GRA/ETETE,OREDO,6.21439013,5.53430038,35539
12,12,02,035,12/12/02/035,"OGBA IV , UROMA PRIMARY SCHOOL",GRA/ETETE,OREDO,6.28998004,5.58583260,35540
12,12,02,036,12/12/02/036,"OGBA IV , IRHUENOWINA PRIMARY SCHOOL",GRA/ETETE,OREDO,6.23816644,5.60451515,35541
12,12,02,037,12/12/02/037,OPEN SPACE OPPOSITE RED CROSS JUNCTION IKPOKPAN,GRA/ETETE,OREDO,6.31370231,5.62609667,633511
12,12,02,038,12/12/02/038,OPEN SPACE STAFF TRAINING CENTER GRA,GRA/ETETE,OREDO,6.23611198,5.57330210,633512
12,12,02,039,12/12/02/039,OREDO MODEL PRY SCH III,GRA/ETETE,OREDO,6.31005629,5.61454140,633513
12,12,02,045,12/12/02/045,"OPEN SPACE BY MILITARY BASE HOSPITAL, IHAMA ROAD",GRA/ETETE,OREDO,6.31670482,5.60719483,633519
12,12,02,046,12/12/02/046,OPEN SPACE IHAMA ROAD JUNCTION OFF ADESUWA ROAD BY BLESSED HOUSE,GRA/ETETE,OREDO,6.30406818,5.62289681,633520
12,12,02,047,12/12/02/047,OPEN SPACE FREEDOM WAY OPPOSITE JBS ESTATE GRA,GRA/ETETE,OREDO,6.30718904,5.62478638,633521
12,12,02,050,12/12/02/050,"PARAGON DEMONSTRATION SCH, ALONG LIMIT RD, OFF SAPELE RD",GRA/ETETE,OREDO,6.28135978,5.61610277,633524
12,12,02,052,12/12/02/052,OPEN SPACE SCH OF NURSING LIMIT JUNCTION SAPELE ROAD,GRA/ETETE,OREDO,6.28211617,5.63233953,633526
12,12,02,053,12/12/02/053,OPEN SPACE BY ENOGIE STREET BY TRANSFORMER,GRA/ETETE,OREDO,6.28541924,5.62278114,633527
12,12,02,054,12/12/02/054,GOVERNMENT MODEL PRY SCH I,GRA/ETETE,OREDO,6.27516204,5.63226242,633528
12,12,02,055,12/12/02/055,GOVERNMENT MODEL PRY SCH II,GRA/ETETE,OREDO,6.27518270,5.63245621,633529
12,12,02,056,12/12/02/056,OPEN SPACE BLOCK INDUSTRY OPPOSITE STELLA DEMONSTRATION SCH,GRA/ETETE,OREDO,6.27375532,5.61340649,633530
12,12,02,057,12/12/02/057,OPEN SPACE BY LEVANT CONSTRUCTION COMPANY  ALONG UGBOR JUNCTION,GRA/ETETE,OREDO,6.27391962,5.61000578,633531
12,12,02,058,12/12/02/058,OPEN SPACE UGBOR VILLAGE MARKET,GRA/ETETE,OREDO,6.26283000,5.60632009,633532
12,12,02,059,12/12/02/059,OPEN SPACE AMAGBA TOWN HALL,GRA/ETETE,OREDO,6.23951622,5.60594391,633533
12,12,02,060,12/12/02/060,"OPEN SPACE BEFORE CJ COOKING GAS PLANT, AMAGBA",GRA/ETETE,OREDO,6.24920539,5.60323052,633534
12,12,02,062,12/12/02/062,OPEN SPACE BY FIRST UGBOR POWER LINE GRA,GRA/ETETE,OREDO,6.29120661,5.61210997,633536
12,12,02,063,12/12/02/063,OPEN SPACE BY POWER LINE ABUJA QUARTERS,GRA/ETETE,OREDO,6.28845057,5.60180526,633537
12,12,02,064,12/12/02/064,OPEN SPACE ELEMA I P/S BY GT PLAZA FOOD UGBOR,GRA/ETETE,OREDO,6.28551089,5.60971443,633538
12,12,02,065,12/12/02/065,OPEN SPACE BIU FIRST UGBOR GRA I,GRA/ETETE,OREDO,6.28505365,5.60593952,633539
12,12,02,066,12/12/02/066,OPEN SPACE BIU FIRST UGBOR GRA II,GRA/ETETE,OREDO,6.28526294,5.60575683,633540
12,12,02,067,12/12/02/067,OPEN SPACE OPPOSITE JOHN CROWN GARDEN 2ND UGBOR,GRA/ETETE,OREDO,6.29659535,5.61177302,633541
12,12,02,068,12/12/02/068,"OPEN SPACE MINISTRY OF INTERIOR GAPIONA, AIRPORT RD",GRA/ETETE,OREDO,6.30746064,5.60163327,633542
12,12,02,069,12/12/02/069,OPEN SPACE MIKE BELLO WAY OPPOSITE NDIC OFFICE,GRA/ETETE,OREDO,6.31036287,5.59824731,633543
12,12,02,070,12/12/02/070,OPEN SPACE BY FIRST UGBOR L POWER LINE GRA II,GRA/ETETE,OREDO,6.29120661,5.61210997,633544
12,12,02,071,12/12/02/071,OPEN SPACE BY IDSL OKO CENTRAL JUNCTION,GRA/ETETE,OREDO,6.29861886,5.59269816,633545
12,12,02,072,12/12/02/072,OPEN SPACE NNPC OPPOSITE OGBA ZOO RD,GRA/ETETE,OREDO,6.29060475,5.58650661,633546
12,12,02,073,12/12/02/073,OPEN SPACE NNPC OPPOSITE OGBA ZOO II,GRA/ETETE,OREDO,6.29103632,5.58678757,633547
12,12,02,074,12/12/02/074,OPEN SPACE ELEMA PALACE UPPER ADESUWA GRA I,GRA/ETETE,OREDO,6.30727469,5.60426116,633548
12,12,02,075,12/12/02/075,OPEN SPACE ELEMA PALACE UPPER ADESUWA GRA II,GRA/ETETE,OREDO,6.30723436,5.60385651,633549
12,12,02,076,12/12/02/076,OPEN SPACE WATER RESOURCES JUNCTION GRA,GRA/ETETE,OREDO,6.30203502,5.61649505,633550
12,12,02,077,12/12/02/077,"AMAGBA HEALTH CENTRE, AMAGBA GRA",GRA/ETETE,OREDO,6.22768662,5.59849005,633551
12,12,02,078,12/12/02/078,OPEN SPACE BY 1ST OBASOHAN STREET,GRA/ETETE,OREDO,6.27834949,5.59850983,633552
12,12,02,079,12/12/02/079,OPEN SPACE OREDO SKILL ACQUSITION CENTRE UGBOR,GRA/ETETE,OREDO,6.26653435,5.60733832,633553
12,12,02,080,12/12/02/080,OPEN SPACE BY AGES CHARIOT FILLING STATION IRHIRIHI,GRA/ETETE,OREDO,6.27853603,5.58515794,633554
12,12,02,082,12/12/02/082,OPEN SPACE IRHIRIHI HEALTH CENTRE,GRA/ETETE,OREDO,6.28310274,5.58821451,633556
12,12,02,083,12/12/02/083,"ULEMON PRIMARY HEALTH CARE CENTRE, ULEMON",GRA/ETETE,OREDO,6.27304212,5.56382988,633557
12,12,02,084,12/12/02/084,OKHUOROMI GIRLS MODEL SECONDARY SCH,GRA/ETETE,OREDO,6.23611198,5.57330210,633558
12,12,02,085,12/12/02/085,ARUOGBA PRIMARY HEALTH CENTRE,GRA/ETETE,OREDO,6.26572249,5.58083307,633559
12,12,02,088,12/12/02/088,OPEN SPACE SCHOOL OF  STATE NURSING LIMIT JUNCTION,GRA/ETETE,OREDO,6.28185234,5.63243374,633562
12,12,03,001,12/12/03/001,"UZEBU I , OWEGIE PRIMARY SCHOOL  I",UZEBU,OREDO,6.33668878,5.60579709,35542
12,12,03,002,12/12/03/002,"UZEBU I,  OWEGIE PRIMARY SCHOOL  II",UZEBU,OREDO,6.33669344,5.60578843,35543
12,12,03,003,12/12/03/003,"UZEBU I,  OWEGIE PRIMARY SCHOOL   III",UZEBU,OREDO,6.33669663,5.60579738,35544
12,12,03,004,12/12/03/004,UZEBU I OWEGIE PRIMARY SCHOOL    IV,UZEBU,OREDO,6.33668870,5.60579091,35545
12,12,03,005,12/12/03/005,"UZEBU,  I OWEGIE PRIMARY SCHOOL   V",UZEBU,OREDO,6.33668597,5.60579613,35546
12,12,03,006,12/12/03/006,"UZEBU II  , OWINA PRMARY SCHOOL I",UZEBU,OREDO,6.33864854,5.60230748,35547
12,12,03,007,12/12/03/007,"UZEBU II, OWINA PRMARY SCHOOL II",UZEBU,OREDO,6.33865361,5.60230458,35548
12,12,03,008,12/12/03/008,"UZEBU  III , EZOMO PRIMARY SCHOOL I -I",UZEBU,OREDO,6.34224599,5.60128765,35549
12,12,03,009,12/12/03/009,"UZEBU  III,  EZOMO PRIMARY SCHOOL I - II",UZEBU,OREDO,6.34224533,5.60127579,35550
12,12,03,010,12/12/03/010,"UZEBU  III , EZOMO PRIMARY SCHOOL I-III",UZEBU,OREDO,6.34224294,5.60128442,35551
12,12,03,011,12/12/03/011,"UZEBU IV,  EZOMO PRIMARY SCHOOL II-I",UZEBU,OREDO,6.33904863,5.60828028,35552
12,12,03,012,12/12/03/012,"UZEBU IV , EZOMO PRIMARY SCHOOL II-II",UZEBU,OREDO,6.33903242,5.60826590,35553
12,12,03,013,12/12/03/013,"UZEBU IV,  EZOMO PRIMARY SCHOOL II-III",UZEBU,OREDO,6.33905535,5.60827883,35554
12,12,03,014,12/12/03/014,"UZEBU IV,  EZOMO PRIMARY SCHOOL II-IV",UZEBU,OREDO,6.33904395,5.60827691,35555
12,12,03,015,12/12/03/015,"UZEBU IV , EZOMO PRIMARY SCHOOL II- V",UZEBU,OREDO,6.33903895,5.60827898,35556
12,12,03,016,12/12/03/016,"UZEBU V,  OWINA PRIMARY SCHOOL  I",UZEBU,OREDO,6.33865799,5.60230240,35557
12,12,03,017,12/12/03/017,"UZEBU V , OWINA PRIMARY SCHOOL  II",UZEBU,OREDO,6.33864429,5.60229699,35558
12,12,03,018,12/12/03/018,"UZEBU V,  OWINA PRIMARY SCHOOL   III",UZEBU,OREDO,6.33865522,5.60229509,35559
12,12,03,019,12/12/03/019,"UZEBU V,  OWINA PRIMARY SCHOOL   IV",UZEBU,OREDO,6.33864766,5.60230199,35560
12,12,03,020,12/12/03/020,"OLIHA I , OBA AKENZUA PRIMARY SCHOOL  I",UZEBU,OREDO,6.34140453,5.60097157,35561
12,12,03,021,12/12/03/021,"OLIHA I , OBA AKENZUA PRIMARY SCHOOL  II",UZEBU,OREDO,6.34140617,5.60096926,35562
12,12,03,022,12/12/03/022,"OLIHA I , OBA AKENZUA PRIMARY SCHOOL  III",UZEBU,OREDO,6.34140007,5.60095759,35563
12,12,03,023,12/12/03/023,"OLIHA I , OBA AKENZUA PRIMARY SCHOOL  IV",UZEBU,OREDO,6.34139336,5.60095071,35564
12,12,03,024,12/12/03/024,"OLIHA I , OBA AKENZUA PRIMARY SCHOOL  V",UZEBU,OREDO,6.34139757,5.60096123,35565
12,12,03,025,12/12/03/025,"OLIHA I,  OBA AKENZUA PRIMARY SCHOOL  VI",UZEBU,OREDO,6.34140103,5.60096408,35566
12,12,03,026,12/12/03/026,"OLIHA II, EWUARE PRIMARY SCHOOL I",UZEBU,OREDO,6.34407711,5.60876776,35567
12,12,03,027,12/12/03/027,"OLIHA II , EWUARE PRIMARY SCHOOL II",UZEBU,OREDO,6.34406907,5.60874584,35568
12,12,03,028,12/12/03/028,"OLIHA II,  EWUARE PRIMARY SCHOOL III",UZEBU,OREDO,6.34407030,5.60875879,35569
12,12,03,029,12/12/03/029,"OLIHA II , EWUARE PRIMARY SCHOOL IV",UZEBU,OREDO,6.34405527,5.60875669,35570
12,12,03,030,12/12/03/030,"OLIHA II , EWUARE PRIMARY SCHOOL V",UZEBU,OREDO,6.34405798,5.60876332,35571
12,12,03,031,12/12/03/031,"OPEN SPACE, AGBOMA JUNCTION,OFF EKEHUAN ROAD, OPPOSITE MAT-ICE.",UZEBU,OREDO,6.33325995,5.60441002,633744
12,12,03,032,12/12/03/032,"OPEN SPACE, AGBOLAHOR STREET, OFF AGBOMA, BY UNIBEN SMALL GATE.",UZEBU,OREDO,6.33516002,5.60166512,633745
12,12,03,033,12/12/03/033,"OPEN SPACE, OWEGIE STREET BY 5TH EHENEDE JUNCTION.",UZEBU,OREDO,6.33922340,5.60621180,633746
12,12,03,034,12/12/03/034,"OPEN SPACE, IDAHOSA STREET BY IYOBOSA LANE JUNCTION.",UZEBU,OREDO,6.33828170,5.60497429,633747
12,12,03,035,12/12/03/035,"OPEN SPACE, AKALI STREET JUNCTION, OFF EKEHUAN ROAD OPPOSITE UBA.",UZEBU,OREDO,6.33414167,5.60581614,633748
12,12,03,036,12/12/03/036,"OPEN SPACE, ONAIWU STREET BY ONAIWU LANE, OFF SECOND CEMETERY.",UZEBU,OREDO,6.34041334,5.60252845,633749
12,12,03,037,12/12/03/037,"OPEN SPACE, OWINA STREET BY ESIGIE STREET JUNCTION.",UZEBU,OREDO,6.33704676,5.60286842,633750
12,12,03,038,12/12/03/038,"EZOMO PRIMARY SCHOOL I,  OFF SECOND CEMETERY",UZEBU,OREDO,6.34211679,5.60079508,633751
12,12,03,039,12/12/03/039,"OPEN SPACE,BY ERHUNMWUNSE STREET BY OGUOLA JUNCTION CLOSE TO THE TRANSFORMER.",UZEBU,OREDO,6.34374825,5.59826800,633752
12,12,03,040,12/12/03/040,"OPEN SPACE, OJO STREET JUNCTION OFF ERHUNMWUNSE STREET.",UZEBU,OREDO,6.34351233,5.60202688,633753
12,12,03,041,12/12/03/041,"OPEN SPACE, EHENEDE STREET BY SECOND CEMETERY JUNCTION.",UZEBU,OREDO,6.33928537,5.60869016,633754
12,12,03,042,12/12/03/042,"OPEN SPACE, EHAEKPEN ROAD BY SECOND CEMETERY JUNCTION CLOSE TO THE TRANSFORMER.",UZEBU,OREDO,6.33953163,5.60829151,633755
12,12,03,043,12/12/03/043,"OPEN SPACE, INDEPENDENCE LANE JUNCTION BY FIRST EHAEKPEN LANE.",UZEBU,OREDO,6.33943635,5.60823787,633756
12,12,03,044,12/12/03/044,"UZEBU TOWN HALL, BEHIND GT PLAZA, OFF EKEHUAN ROAD",UZEBU,OREDO,6.33615904,5.60869954,633757
12,12,03,045,12/12/03/045,"OPEN SPACE, EHENEDE STREET JUNCTION OFF EKEHUAN ROAD",UZEBU,OREDO,6.33638063,5.60878605,633758
12,12,03,046,12/12/03/046,"OPEN SPACE, ABU STREET JUNCTION OFF AGHO ROAD.",UZEBU,OREDO,6.33844265,5.60144685,633759
12,12,03,047,12/12/03/047,"OPEN SPACE, BRODRICK STREET JUNCTION OFF OWINA STREET.",UZEBU,OREDO,6.33840799,5.60167685,633760
12,12,03,048,12/12/03/048,"OPEN SPACE, FAITH STREET JUNCTION OFF OWINA STREET.",UZEBU,OREDO,6.33836267,5.60207013,633761
12,12,03,049,12/12/03/049,"OPEN SPACE, OSAROBO STREET JUNCTION OFF OWINA ROAD, BEHIND UNIBEN CAMPUS.",UZEBU,OREDO,6.34162562,5.60059860,633762
12,12,03,050,12/12/03/050,"OPEN SPACE, ONAIWU STREET JUNCTION BY OWINA STREET, OPPOSITE PA AIWA HOUSE.",UZEBU,OREDO,6.34170196,5.60077664,633763
12,12,03,051,12/12/03/051,"OPEN SPACE, SECOND ONAIWU LANE, OFF ESIGIE ROAD.",UZEBU,OREDO,6.34157613,5.60096841,633764
12,12,03,052,12/12/03/052,MINI MARKET OPPOSITE OBA AKENZUA PRIMARY SCHOOL ALONG SECOND CEMETERY ROAD,UZEBU,OREDO,6.34116343,5.60021002,633765
12,12,03,053,12/12/03/053,OPEN FIELD EZOMO PRIMARY SCHOOL 1 OFF SECOND CEMETERY I,UZEBU,OREDO,6.34249966,5.60096171,633766
12,12,03,054,12/12/03/054,OPEN FIELD EZOMO PRIMARY SCHOOL 1 OFF SECOND CEMETERY II,UZEBU,OREDO,6.34264995,5.60099959,633767
12,12,03,055,12/12/03/055,MARKET SQUARE BEHIND EWUARE PRIMARY SCH. I,UZEBU,OREDO,6.34473659,5.60886182,633768
12,12,03,056,12/12/03/056,MARKET SQUARE BEHIND EWUARE PRIMARY SCHOOL II,UZEBU,OREDO,6.34467661,5.60919173,633769
12,12,03,057,12/12/03/057,"OPEN SPACE, OFUNMWEGBE STREET JUNCTION, OFF ERHUNMWUNSE STREET.",UZEBU,OREDO,6.34453666,5.60931176,633770
12,12,03,058,12/12/03/058,"OPEN SPACE, BY UNIFAC GROUP OF SCHOOL GATE, OFF BY UZAMA STREET, OFF SILOKO ROAD",UZEBU,OREDO,6.34416278,5.60928829,633771
12,12,03,059,12/12/03/059,"OPEN SPACE, INEH STREET JUNCTION OFF ARTILLERY STREET.",UZEBU,OREDO,6.34407015,5.60910489,633772
12,12,04,001,12/12/04/001,"URUBI EVBIEMWEN,  EMOTAN COLLEGE  I",URUBI/EVBIEMWEN/IWEHEN,OREDO,6.34693382,5.61939650,35572
12,12,04,002,12/12/04/002,"URUBI EVBIEMWEN,  EMOTAN COLLEGE  II",URUBI/EVBIEMWEN/IWEHEN,OREDO,6.34694181,5.61939052,35573
12,12,04,003,12/12/04/003,"URUBI EVBIEMWEN,  EMOTAN COLLEGE   III",URUBI/EVBIEMWEN/IWEHEN,OREDO,6.34693313,5.61938852,35574
12,12,04,004,12/12/04/004,"URUBI EVBIEMWEN,  EMOTAN COLLEGE  IV",URUBI/EVBIEMWEN/IWEHEN,OREDO,6.34693275,5.61937617,35575
12,12,04,005,12/12/04/005,"URUBI EVBIEMWEN,  EMOTAN COLLEGE V",URUBI/EVBIEMWEN/IWEHEN,OREDO,6.34693796,5.61938337,35576
12,12,04,006,12/12/04/006,"URUBI EVBIEMWEN,  IDIA COLLEGE  I",URUBI/EVBIEMWEN/IWEHEN,OREDO,6.34373330,5.62198378,35577
12,12,04,007,12/12/04/007,"URUBI EVBIEMWEN,  IDIA COLLEGE  II",URUBI/EVBIEMWEN/IWEHEN,OREDO,6.34374196,5.62194944,35578
12,12,04,008,12/12/04/008,"URUBI EVBIEMWEN,  IDIA COLLEGE  III",URUBI/EVBIEMWEN/IWEHEN,OREDO,6.34373071,5.62196037,35579
12,12,04,009,12/12/04/009,"URUBI EVBIEMWEN,  IDIA COLLEGE  IV",URUBI/EVBIEMWEN/IWEHEN,OREDO,6.34371369,5.62196308,35580
12,12,04,010,12/12/04/010,"URUBI EVBIEMWEN,  IDIA COLLEGE  V",URUBI/EVBIEMWEN/IWEHEN,OREDO,6.34371120,5.62194693,35581
12,12,04,011,12/12/04/011,"URUBI EVBIEMWEN,  IDIA COLLEGE  VI",URUBI/EVBIEMWEN/IWEHEN,OREDO,6.34372087,5.62196980,35582
12,12,04,012,12/12/04/012,"IWEHEN/IGUISI , FABIYI AKPATA PRY. SCHOOL  I",URUBI/EVBIEMWEN/IWEHEN,OREDO,6.34578927,5.62368359,35583
12,12,04,013,12/12/04/013,"IWEHEN/IGUISI, FABIYI AKPATA PRY. SCHOOL  II",URUBI/EVBIEMWEN/IWEHEN,OREDO,6.34578958,5.62368430,35584
12,12,04,014,12/12/04/014,"IWEHEN/IGUISI,  FABIYI AKPATA PRY. SCHOOL  III",URUBI/EVBIEMWEN/IWEHEN,OREDO,6.34580254,5.62367621,35585
12,12,04,015,12/12/04/015,"IWEHEN/IGUISI , FABIYI AKPATA PRY. SCHOOL   IV",URUBI/EVBIEMWEN/IWEHEN,OREDO,6.34580082,5.62369400,35586
12,12,04,016,12/12/04/016,"IWEHEN/IGUISI , FABIYI AKPATA PRY. SCHOOL   V",URUBI/EVBIEMWEN/IWEHEN,OREDO,6.34579335,5.62368325,35587
12,12,04,017,12/12/04/017,"IWEHEN/IGUISI,  FABIYI AKPATA PRY. SCHOOL  VI",URUBI/EVBIEMWEN/IWEHEN,OREDO,6.34580388,5.62368829,35588
12,12,04,018,12/12/04/018,"IWEHEN/IGUISI , FABIYI AKPATA PRY. SCHOOL VII",URUBI/EVBIEMWEN/IWEHEN,OREDO,6.34579203,5.62367830,35589
12,12,04,019,12/12/04/019,"OKEMOLE I , EMOKPAE PRIMARY SCHOOL I",URUBI/EVBIEMWEN/IWEHEN,OREDO,6.33920310,5.62496036,35590
12,12,04,020,12/12/04/020,"OKEMOLE I , EMOKPAE PRIMARY SCHOOL II",URUBI/EVBIEMWEN/IWEHEN,OREDO,6.33918937,5.62496831,35591
12,12,04,021,12/12/04/021,"OKEMOLE I,  EMOKPAE PRIMARY SCHOOL III",URUBI/EVBIEMWEN/IWEHEN,OREDO,6.33918150,5.62495008,35592
12,12,04,022,12/12/04/022,"OKEMOLE I , EMOKPAE PRIMARY SCHOOL   IV",URUBI/EVBIEMWEN/IWEHEN,OREDO,6.33919654,5.62494359,35593
12,12,04,023,12/12/04/023,"OKEMOLE I , EMOKPAE PRIMARY SCHOOL V",URUBI/EVBIEMWEN/IWEHEN,OREDO,6.33918396,5.62500273,35594
12,12,04,024,12/12/04/024,"OKEMOLE I,  EMOKPAE PRIMARY SCHOOL VI",URUBI/EVBIEMWEN/IWEHEN,OREDO,6.33917602,5.62497324,35595
12,12,04,025,12/12/04/025,"OKEMOLE I,  EMOKPAE PRIMARY SCHOOL VII",URUBI/EVBIEMWEN/IWEHEN,OREDO,6.33917719,5.62497556,35596
12,12,04,026,12/12/04/026,"OKEMOLE I , EMOKPAE PRIMARY SCHOOL VIII",URUBI/EVBIEMWEN/IWEHEN,OREDO,6.33918651,5.62498065,35597
12,12,04,027,12/12/04/027,"OKEMOLE I , EMOKPAE PRIMARY SCHOOL IX",URUBI/EVBIEMWEN/IWEHEN,OREDO,6.33919258,5.62497739,35598
12,12,04,028,12/12/04/028,"OKEMOLE I , EMOKPAE PRIMARY SCHOOL X",URUBI/EVBIEMWEN/IWEHEN,OREDO,6.33920227,5.62500105,35599
12,12,04,029,12/12/04/029,"OPEN SPACE- GOLF COURSE, ALONG WIRE ROAD",URUBI/EVBIEMWEN/IWEHEN,OREDO,6.34601183,5.61944516,633729
12,12,04,030,12/12/04/030,OPEN SPACE- EVBIEMWEN LANE JUNCTION OPPOSITE PRINCE HOTEL,URUBI/EVBIEMWEN/IWEHEN,OREDO,6.34357164,5.61955344,633730
12,12,04,031,12/12/04/031,OPEN SPACE- AZAMA STREET JUNCTION OFF WIRE ROAD.,URUBI/EVBIEMWEN/IWEHEN,OREDO,6.34192485,5.61942167,633731
12,12,04,032,12/12/04/032,OPEN SPACE- ERO LANE JUNCTION OFF WIRE ROAD OPPOSITE CITY FURNITURE.,URUBI/EVBIEMWEN/IWEHEN,OREDO,6.34924174,5.61918161,633732
12,12,04,033,12/12/04/033,OPEN SPACE- TRIANGLE AVENUE OFF WIRE ROAD OPPOSITE ST JOHN CHERUBIM AND SERAPHIM CHURCH OF CHRIST,URUBI/EVBIEMWEN/IWEHEN,OREDO,6.35097015,5.61911490,633733
12,12,04,034,12/12/04/034,"OPEN SPACE- IRIEGIE JUNCTION OFF URUBI STREET, BESIDE FIRST BANK OF NIGERIA.",URUBI/EVBIEMWEN/IWEHEN,OREDO,6.34870659,5.62180985,633734
12,12,04,035,12/12/04/035,"OPEN SPACE, EVBIEMWEN STREET JUNCTION, OFF WIRE ROAD.",URUBI/EVBIEMWEN/IWEHEN,OREDO,6.34104814,5.61969526,633735
12,12,04,036,12/12/04/036,"OPEN SPACE, IWEHEN STREET JUNCTION BY IWEHEN LANE.",URUBI/EVBIEMWEN/IWEHEN,OREDO,6.34229673,5.62230002,633736
12,12,04,037,12/12/04/037,"OPEN SPACE, IYARO WATER BOARD.",URUBI/EVBIEMWEN/IWEHEN,OREDO,6.34610813,5.62424856,633737
12,12,04,038,12/12/04/038,"OPEN SPACE, JAMES WATTS JUNCTION OFF URUBI/DAWSON STREET.",URUBI/EVBIEMWEN/IWEHEN,OREDO,6.34552666,5.62613491,633738
12,12,04,039,12/12/04/039,"OPEN SPACE, JOHN HOLT/ IDAHOSA JUNCTION OFF JAMES WATTS ROAD.",URUBI/EVBIEMWEN/IWEHEN,OREDO,6.34155997,5.62612820,633739
12,12,04,040,12/12/04/040,"OPEN SPACE, IDAHOSA LANE JUNCTION OFF MISSION ROAD.",URUBI/EVBIEMWEN/IWEHEN,OREDO,6.34155997,5.62612820,633740
12,12,04,042,12/12/04/042,"OPEN SPACE, BUTCHER STREET OFF MISSION ROAD.",URUBI/EVBIEMWEN/IWEHEN,OREDO,6.33645994,5.62323845,633742
12,12,04,043,12/12/04/043,UGBAGUE STREET BESIDE MTN MAST.,URUBI/EVBIEMWEN/IWEHEN,OREDO,6.33810575,5.62309630,633743
12,12,05,001,12/12/05/001,IHOGBE I - INST. OF CONT. EDUCATION I,IHOGBE/ ISEKHERE/ OREOGHENE/ IBIWE/ ICE ROAD,OREDO,6.35074706,5.61780139,35600
12,12,05,002,12/12/05/002,IHOGBE I - INST. OF CONT. EDUCATION  II,IHOGBE/ ISEKHERE/ OREOGHENE/ IBIWE/ ICE ROAD,OREDO,6.35074954,5.61779993,35601
12,12,05,003,12/12/05/003,IHOGBE I - INST. OF CONT. EDUCATION  III,IHOGBE/ ISEKHERE/ OREOGHENE/ IBIWE/ ICE ROAD,OREDO,6.35075150,5.61779745,35602
12,12,05,004,12/12/05/004,IHOGBE I - AKENZUA II SEC. SCHOOL I,IHOGBE/ ISEKHERE/ OREOGHENE/ IBIWE/ ICE ROAD,OREDO,6.34970517,5.61690871,35603
12,12,05,005,12/12/05/005,"IHOGBE I,  - AKENZUA II SEC. SCHOOL  II",IHOGBE/ ISEKHERE/ OREOGHENE/ IBIWE/ ICE ROAD,OREDO,6.34970772,5.61688659,35604
12,12,05,006,12/12/05/006,"IHOGBE I , IHOGBE COLLEGE I",IHOGBE/ ISEKHERE/ OREOGHENE/ IBIWE/ ICE ROAD,OREDO,6.35026097,5.61734564,35605
12,12,05,007,12/12/05/007,"IHOGBE I , IHOGBE COLLEGE II",IHOGBE/ ISEKHERE/ OREOGHENE/ IBIWE/ ICE ROAD,OREDO,6.35026392,5.61734451,35606
12,12,05,008,12/12/05/008,"IHOGBE I , IHOGBE COLLEGE III",IHOGBE/ ISEKHERE/ OREOGHENE/ IBIWE/ ICE ROAD,OREDO,6.35026449,5.61735374,35607
12,12,05,009,12/12/05/009,"IHOGBE II , IVBIORE PRIMARY SCHOOL I",IHOGBE/ ISEKHERE/ OREOGHENE/ IBIWE/ ICE ROAD,OREDO,6.34556264,5.61383942,35608
12,12,05,010,12/12/05/010,"IHOGBE II , IVBIORE PRIMARY SCHOOL II",IHOGBE/ ISEKHERE/ OREOGHENE/ IBIWE/ ICE ROAD,OREDO,6.34553995,5.61382561,35609
12,12,05,011,12/12/05/011,"IHOGBE II , IVBIORE PRIMARY SCHOOL III",IHOGBE/ ISEKHERE/ OREOGHENE/ IBIWE/ ICE ROAD,OREDO,6.34555750,5.61383082,35610
12,12,05,012,12/12/05/012,"IHOGBE II , IVBIORE PRIMARY SCHOOL IV",IHOGBE/ ISEKHERE/ OREOGHENE/ IBIWE/ ICE ROAD,OREDO,6.34555078,5.61383424,35611
12,12,05,013,12/12/05/013,"IHOGBE II , IVBIORE PRIMARY SCHOOL V",IHOGBE/ ISEKHERE/ OREOGHENE/ IBIWE/ ICE ROAD,OREDO,6.34554893,5.61383085,35612
12,12,05,014,12/12/05/014,"IHOGBE II , IYOBA PRIMARY SCHOOL I",IHOGBE/ ISEKHERE/ OREOGHENE/ IBIWE/ ICE ROAD,OREDO,6.34723583,5.61324161,35613
12,12,05,015,12/12/05/015,"IHOGBE II , IYOBA PRIMARY SCHOOL II",IHOGBE/ ISEKHERE/ OREOGHENE/ IBIWE/ ICE ROAD,OREDO,6.34724111,5.61323203,35614
12,12,05,016,12/12/05/016,"IHOGBE II,  IYOBA PRIMARY SCHOOL III",IHOGBE/ ISEKHERE/ OREOGHENE/ IBIWE/ ICE ROAD,OREDO,6.34722720,5.61320721,35615
12,12,05,017,12/12/05/017,"IHOGBE II, SCHOOL FOR THE BLIND",IHOGBE/ ISEKHERE/ OREOGHENE/ IBIWE/ ICE ROAD,OREDO,6.34555356,5.61383838,35616
12,12,05,018,12/12/05/018,"ORE-OGHENE I,  ORE-OGHENE PRIMARY SCHOOL I",IHOGBE/ ISEKHERE/ OREOGHENE/ IBIWE/ ICE ROAD,OREDO,6.34347987,5.61320059,35617
12,12,05,019,12/12/05/019,"ORE-OGHENE I , ORE-OGHENE PRIMARY SCHOOL II",IHOGBE/ ISEKHERE/ OREOGHENE/ IBIWE/ ICE ROAD,OREDO,6.34348260,5.61319364,35618
12,12,05,020,12/12/05/020,"ORE-OGHENE I, ORE-OGHENE PRIMARY SCHOOL III",IHOGBE/ ISEKHERE/ OREOGHENE/ IBIWE/ ICE ROAD,OREDO,6.34346592,5.61320736,35619
12,12,05,021,12/12/05/021,"ORE-OGHENE I,  ORE-OGHENE PRIMARY SCHOOL IV",IHOGBE/ ISEKHERE/ OREOGHENE/ IBIWE/ ICE ROAD,OREDO,6.34348087,5.61319318,35620
12,12,05,022,12/12/05/022,"ORE-OGHENE I,  BAPTIST HIGH SCHOOL I",IHOGBE/ ISEKHERE/ OREOGHENE/ IBIWE/ ICE ROAD,OREDO,6.34813955,5.61169939,35621
12,12,05,023,12/12/05/023,"ORE-OGHENE I , BAPTIST HIGH SCHOOL II",IHOGBE/ ISEKHERE/ OREOGHENE/ IBIWE/ ICE ROAD,OREDO,6.34813597,5.61171355,35622
12,12,05,024,12/12/05/024,"ORE-OGHENE I ,,BAPTIST HIGH SCHOOL  III",IHOGBE/ ISEKHERE/ OREOGHENE/ IBIWE/ ICE ROAD,OREDO,6.34813498,5.61170562,35623
12,12,05,025,12/12/05/025,"OLIHA I , OLIHA PRIMARY SCHOOL I",IHOGBE/ ISEKHERE/ OREOGHENE/ IBIWE/ ICE ROAD,OREDO,6.34960520,5.60559009,35624
12,12,05,026,12/12/05/026,"OLIHA I , OLIHA PRIMARY SCHOOL II",IHOGBE/ ISEKHERE/ OREOGHENE/ IBIWE/ ICE ROAD,OREDO,6.34959611,5.60559744,35625
12,12,05,027,12/12/05/027,"OLIHA I , OLIHA PRIMARY SCHOOL III",IHOGBE/ ISEKHERE/ OREOGHENE/ IBIWE/ ICE ROAD,OREDO,6.34959488,5.60560411,35626
12,12,05,028,12/12/05/028,"OLIHA I , OLIHA PRIMARY SCHOOL IV",IHOGBE/ ISEKHERE/ OREOGHENE/ IBIWE/ ICE ROAD,OREDO,6.34957444,5.60557482,35627
12,12,05,029,12/12/05/029,"OLIHA I, OLIHA PRIMARY SCHOOL V",IHOGBE/ ISEKHERE/ OREOGHENE/ IBIWE/ ICE ROAD,OREDO,6.34960493,5.60560837,35628
12,12,05,030,12/12/05/030,"OLIHA I,  OLIHA PRIMARY SCHOOL VI",IHOGBE/ ISEKHERE/ OREOGHENE/ IBIWE/ ICE ROAD,OREDO,6.34960822,5.60559665,35629
12,12,05,031,12/12/05/031,OPEN SPACE -MOAT BEHIND NTA PREMISES,IHOGBE/ ISEKHERE/ OREOGHENE/ IBIWE/ ICE ROAD,OREDO,6.35457823,5.61749015,633578
12,12,05,032,12/12/05/032,OPEN SPACE -UWA LANE BY THE MOAT(BRIDGE),IHOGBE/ ISEKHERE/ OREOGHENE/ IBIWE/ ICE ROAD,OREDO,6.35528331,5.61549324,633579
12,12,05,033,12/12/05/033,OPEN SPACE -UWA STREET BY NTA FENCE,IHOGBE/ ISEKHERE/ OREOGHENE/ IBIWE/ ICE ROAD,OREDO,6.35307175,5.61631836,633580
12,12,05,034,12/12/05/034,OPEN SPACE -EKI-UWA MARKET,IHOGBE/ ISEKHERE/ OREOGHENE/ IBIWE/ ICE ROAD,OREDO,6.35146997,5.61324824,633581
12,12,05,035,12/12/05/035,"OPEN SPACE BEHIND EKI-UWA MARKET ,BY SECOND WEST ROAD",IHOGBE/ ISEKHERE/ OREOGHENE/ IBIWE/ ICE ROAD,OREDO,6.35303343,5.61256327,633582
12,12,05,036,12/12/05/036,OPEN SPACE OSASUMWEN STREET BY SECOND WEST JUNCTION,IHOGBE/ ISEKHERE/ OREOGHENE/ IBIWE/ ICE ROAD,OREDO,6.35094182,5.61026160,633583
12,12,05,037,12/12/05/037,BAPTIST SECONDARY SCHOOL,IHOGBE/ ISEKHERE/ OREOGHENE/ IBIWE/ ICE ROAD,OREDO,6.34915844,5.60966346,633584
12,12,05,038,12/12/05/038,OLIHA MARKET BY TV ROAD JUNCTION,IHOGBE/ ISEKHERE/ OREOGHENE/ IBIWE/ ICE ROAD,OREDO,6.34538504,5.61006010,633585
12,12,05,039,12/12/05/039,OLIHA MARKET PREMISES BY SECOND WEST JUNCTION,IHOGBE/ ISEKHERE/ OREOGHENE/ IBIWE/ ICE ROAD,OREDO,6.34658531,5.60848027,633586
12,12,05,040,12/12/05/040,OPEN SPACE IN FRONT OF UNIVERSITY PRESS PLC,IHOGBE/ ISEKHERE/ OREOGHENE/ IBIWE/ ICE ROAD,OREDO,6.34075157,5.61384503,633587
12,12,05,041,12/12/05/041,OPEN SPACE -UKHEGIE STREET JUNCTION BY OREOGHENE,IHOGBE/ ISEKHERE/ OREOGHENE/ IBIWE/ ICE ROAD,OREDO,6.34419844,5.61218843,633588
12,12,05,042,12/12/05/042,OPEN SPACE BY ORE - OGHENE LANE JUNCTION BY ORE - OGHENE STREET,IHOGBE/ ISEKHERE/ OREOGHENE/ IBIWE/ ICE ROAD,OREDO,6.34275491,5.61403178,633589
12,12,05,043,12/12/05/043,OPEN SPACE -ARAGUA STREET JUNCTION,IHOGBE/ ISEKHERE/ OREOGHENE/ IBIWE/ ICE ROAD,OREDO,6.34173991,5.61498832,633590
12,12,05,044,12/12/05/044,OPEN SPACE -ARAGUA STREET BY ORE-GHENE,IHOGBE/ ISEKHERE/ OREOGHENE/ IBIWE/ ICE ROAD,OREDO,6.34198516,5.61509829,633591
12,12,05,045,12/12/05/045,OPEN SPACE - OREGHOSA JUNCTION OFF ARAGUA STREET BY TRANSFORMER,IHOGBE/ ISEKHERE/ OREOGHENE/ IBIWE/ ICE ROAD,OREDO,6.34281156,5.61566658,633592
12,12,06,001,12/12/06/001,"NEW BENIN I,  MIN. OF EDUCATION IYARO I",NEW BENIN I,OREDO,6.34812469,5.62333860,35630
12,12,06,002,12/12/06/002,"NEW BENIN I,  MIN. OF EDUCATION IYARO II",NEW BENIN I,OREDO,6.34814825,5.62337407,35631
12,12,06,003,12/12/06/003,"NEW BENIN I,  MIN. OF EDUCATION IYARO III",NEW BENIN I,OREDO,6.34811930,5.62334914,35632
12,12,06,004,12/12/06/004,"NEW BENIN I,  MIN. OF EDUCATION IYARO  IV",NEW BENIN I,OREDO,6.34815909,5.62336361,35633
12,12,06,005,12/12/06/005,"NEW BENIN I, MIN. OF EDUCATION IYARO   V",NEW BENIN I,OREDO,6.34812566,5.62331567,35634
12,12,06,006,12/12/06/006,"NEW BENIN I ,  MIN. OF EDUCATION IYARO   VI",NEW BENIN I,OREDO,6.34808706,5.62334343,35635
12,12,06,007,12/12/06/007,"NEW BENIN I,  MIN. OF EDUCATION IYARO  VII",NEW BENIN I,OREDO,6.34807894,5.62333835,35636
12,12,06,008,12/12/06/008,"NEW BENIN I,  MIN. OF EDUCATION IYARO  VIII",NEW BENIN I,OREDO,6.34808494,5.62331761,35637
12,12,06,009,12/12/06/009,"NEW BENIN I, MIN. OF EDUCATION IYARO    IX",NEW BENIN I,OREDO,6.34810973,5.62331981,35638
12,12,06,010,12/12/06/010,"NEW BENIN I,  MIN. OF EDUCATION IYARO   X",NEW BENIN I,OREDO,6.34810030,5.62333030,35639
12,12,06,011,12/12/06/011,"NEW BENIN I , MIN. OF EDUCATION IYARO   XI",NEW BENIN I,OREDO,6.34811273,5.62334593,35640
12,12,06,012,12/12/06/012,"NEW BENIN II,  MIN. OF EDUCATION, IYARO  XII",NEW BENIN I,OREDO,6.34837464,5.62369060,35641
12,12,06,013,12/12/06/013,"NEW BENIN II, MIN. OF EDUCATION, IYARO  XIII",NEW BENIN I,OREDO,6.34830653,5.62369184,35642
12,12,06,014,12/12/06/014,"NEW BENIN II, MIN. OF EDUCATION, IYARO   XIV",NEW BENIN I,OREDO,6.34830965,5.62371857,35643
12,12,06,015,12/12/06/015,"NEW BENIN II,  MIN. OF EDUCATION, IYARO   XV",NEW BENIN I,OREDO,6.34839552,5.62368869,35644
12,12,06,016,12/12/06/016,"NEW BENIN II , MIN. OF EDUCATION, IYARO XVI",NEW BENIN I,OREDO,6.34841450,5.62369842,35645
12,12,06,017,12/12/06/017,"NEW BENIN II  MIN. OF EDUCATION, IYARO    XVII",NEW BENIN I,OREDO,6.34834493,5.62364384,35646
12,12,06,018,12/12/06/018,"NEW BENIN II,  MIN. OF EDUCATION, IYARO  XVIII",NEW BENIN I,OREDO,6.34828291,5.62368070,35647
12,12,06,019,12/12/06/019,"NEW BENIN II,   MIN. OF EDUCATION, IYARO   XIX",NEW BENIN I,OREDO,6.34838977,5.62368666,35648
12,12,06,020,12/12/06/020,"NEW BENIN II,  MIN. OF EDUCATION, IYARO   XX",NEW BENIN I,OREDO,6.34838767,5.62369118,35649
12,12,06,021,12/12/06/021,"NEW BENIN III,  MIN. OF EDUCATION, IYARO   XXI",NEW BENIN I,OREDO,6.34877170,5.62413016,35650
12,12,06,022,12/12/06/022,"NEW BENIN III,  MIN. OF EDUCATION, IYARO   XXII",NEW BENIN I,OREDO,6.34875184,5.62412294,35651
12,12,06,023,12/12/06/023,"NEW BENIN III,  MIN. OF EDUCATION, IYARO   XXIII",NEW BENIN I,OREDO,6.34875287,5.62412808,35652
12,12,06,024,12/12/06/024,"NEW BENIN III, MIN. OF EDUCATION, IYARO  XXIV",NEW BENIN I,OREDO,6.34876726,5.62412319,35653
12,12,06,025,12/12/06/025,"NEW BENIN III, MIN. OF EDUCATION, IYARO  XXV",NEW BENIN I,OREDO,6.34877134,5.62412919,35654
12,12,06,026,12/12/06/026,"NEW BENIN III,  MIN. OF EDUCATION, IYARO  XXVI",NEW BENIN I,OREDO,6.34875879,5.62411345,35655
12,12,06,027,12/12/06/027,"NEW BENIN III,  MIN. OF EDUCATION, IYARO XXVII",NEW BENIN I,OREDO,6.34879532,5.62413048,35656
12,12,06,028,12/12/06/028,"NEW BENIN II,  MIN. OF EDUCATION, IYARO   XXVIII",NEW BENIN I,OREDO,6.34842960,5.62369946,35657
12,12,06,029,12/12/06/029,"OPEN SPACE YAM MARKET GARAGE, DAWSON RD, OFF UPPER MISSION",NEW BENIN I,OREDO,6.34715350,5.62872530,633598
12,12,06,030,12/12/06/030,"OPEN SPACE  SECOND YAM MARKET, YORUBA STREET, OFF IYARO",NEW BENIN I,OREDO,6.42347754,5.62624230,633599
12,12,06,031,12/12/06/031,"OPEN SPACE BY PIONEER EDUCATION CENTRE, NEW BENIN",NEW BENIN I,OREDO,6.35285513,5.62367610,633600
12,12,06,032,12/12/06/032,OPEN SPACE PEUGEOT MOTORS DAWSON ROAD,NEW BENIN I,OREDO,6.35270180,5.61991040,633601
12,12,06,033,12/12/06/033,"OPEN SPACE FORMER PHCN BUILDING, NEW LAGOS RD",NEW BENIN I,OREDO,6.35225460,5.62844710,633602
12,12,06,034,12/12/06/034,"OPEN SPACE CHURCH OF JESUS CHRIST OF LATTER DAY SAINT, OWOSENI",NEW BENIN I,OREDO,6.34893830,5.62863780,633603
12,12,07,001,12/12/07/001,"EBEN/NEW BENIN I,  ADESUWA PRIMARY SCHOOL   I",NEW BENIN II,OREDO,6.34555879,5.62975403,35658
12,12,07,002,12/12/07/002,"EBEN/NEW BENIN I,  ADESUWA PRIMARY SCHOOL    II",NEW BENIN II,OREDO,6.34556188,5.62975121,35659
12,12,07,003,12/12/07/003,"EBEN/NEW BENIN I,  ADESUWA PRIMARY SCHOOL  III",NEW BENIN II,OREDO,6.34556689,5.62975578,35660
12,12,07,004,12/12/07/004,"EBEN/NEW BENIN I , ADESUWA PRIMARY SCHOOL  IV",NEW BENIN II,OREDO,6.34558347,5.62974291,35661
12,12,07,005,12/12/07/005,"EBEN/NEW BENIN I , ADESUWA PRIMARY SCHOOL  V",NEW BENIN II,OREDO,6.34555438,5.62975094,35662
12,12,07,006,12/12/07/006,"EBEN/NEW BENIN II, ESIGIE PRIMARY SCHOOL   I",NEW BENIN II,OREDO,6.34617744,5.63293850,35663
12,12,07,007,12/12/07/007,"EBEN/NEW BENIN II,  ESIGIE PRIMARY SCHOOL  II",NEW BENIN II,OREDO,6.34617595,5.63294844,35664
12,12,07,008,12/12/07/008,"EBEN/NEW BENIN II,  ESIGIE PRIMARY SCHOOL  III",NEW BENIN II,OREDO,6.34616390,5.63295061,35665
12,12,07,009,12/12/07/009,"EBEN/NEW BENIN III , OGUOLA PRIMARY SCHOOL  I",NEW BENIN II,OREDO,6.35038090,5.63427307,35666
12,12,07,010,12/12/07/010,"EBEN/NEW BENIN III , OGUOLA PRIMARY SCHOOL  II",NEW BENIN II,OREDO,6.35037968,5.63426989,35667
12,12,07,011,12/12/07/011,"EBEN/NEW BENIN III , OGUOLA PRIMARY SCHOOL  III",NEW BENIN II,OREDO,6.35037629,5.63427296,35668
12,12,07,012,12/12/07/012,"EBEN/NEW BENIN III , OGUOLA PRIMARY SCHOOL  IV",NEW BENIN II,OREDO,6.35036441,5.63427241,35669
12,12,07,013,12/12/07/013,"EBEN NEW/BENIN IV,  NEW ERA COLLEGE I",NEW BENIN II,OREDO,6.36713981,5.64263800,35670
12,12,07,014,12/12/07/014,"EBEN NEW/BENIN IV,  NEW ERA COLLEGE  II",NEW BENIN II,OREDO,6.36712024,5.64264618,35671
12,12,07,015,12/12/07/015,"EBEN/NEW BENIN IV , VICTORY PRIMARY SCHOOL  I",NEW BENIN II,OREDO,6.36170214,5.64328671,35672
12,12,07,016,12/12/07/016,"EBEN/NEW BENIN IV,  VICTORY PRIMARY SCHOOL  II",NEW BENIN II,OREDO,6.36165716,5.64332395,35673
12,12,07,017,12/12/07/017,"EBEN/NEW BENIN IV,  VICTORY PRIMARY SCHOOL   III",NEW BENIN II,OREDO,6.36167545,5.64332105,35674
12,12,07,018,12/12/07/018,"EBEN/NEW BENIN IV , VICTORY PRIMARY SCHOOL   IV",NEW BENIN II,OREDO,6.36168463,5.64332914,35675
12,12,07,019,12/12/07/019,"NEW BENIN I,  EDOKPOLOR GRAMM. SCHOOL   I",NEW BENIN II,OREDO,6.35360653,5.63174485,35676
12,12,07,020,12/12/07/020,"NEW BENIN I , EDOKPOLOR GRAMM. SCHOOL  II",NEW BENIN II,OREDO,6.35362893,5.63174760,35677
12,12,07,021,12/12/07/021,"NEW BENIN II , COMMUNITY PRIMARY SCHOOL  I",NEW BENIN II,OREDO,6.36081540,5.63353972,35678
12,12,07,022,12/12/07/022,"NEW BENIN II , COMMUNITY PRIMARY SCHOOL  II",NEW BENIN II,OREDO,6.36080507,5.63354483,35679
12,12,07,023,12/12/07/023,"NEW BENIN II , COMMUNITY PRIMARY SCHOOL  III",NEW BENIN II,OREDO,6.36083336,5.63357303,35680
12,12,07,024,12/12/07/024,"NEW BENIN III , PAYNE PRIMARY SCHOOL  I",NEW BENIN II,OREDO,6.35338462,5.63371367,35681
12,12,07,025,12/12/07/025,"NEW BENIN III,  PAYNE PRIMARY SCHOOL  II",NEW BENIN II,OREDO,6.35338222,5.63373917,35682
12,12,07,026,12/12/07/026,"NEW BENIN III , PAYNE PRIMARY SCHOOL  III",NEW BENIN II,OREDO,6.35337486,5.63370591,35683
12,12,07,027,12/12/07/027,"NEW BENIN III , PAYNE PRIMARY SCHOOL  IV",NEW BENIN II,OREDO,6.35340909,5.63374040,35684
12,12,07,028,12/12/07/028,IKPOBA I - USI PRIMARY SCHOOL I,NEW BENIN II,OREDO,6.35401294,5.64326160,35685
12,12,07,029,12/12/07/029,IKPOBA I - USI PRIMARY SCHOOL  II,NEW BENIN II,OREDO,6.35400817,5.64328214,35686
12,12,07,030,12/12/07/030,IKPOBA I - USI PRIMARY SCHOOL III,NEW BENIN II,OREDO,6.35401825,5.64325627,35687
12,12,07,031,12/12/07/031,"OPEN SPACE BY POLARIS BANK, EBEN JUNCTION, AKPAKPAVA I",NEW BENIN II,OREDO,6.34136050,5.63262510,633604
12,12,07,032,12/12/07/032,OPEN SPACE BESIDE LAPO MICRO FINANCE BANK DANWSON ROAD,NEW BENIN II,OREDO,6.34136640,5.63185490,633605
12,12,07,033,12/12/07/033,EMOTAN PRIMARY SCHOOL I,NEW BENIN II,OREDO,6.34544870,5.63003350,633606
12,12,07,034,12/12/07/034,EMOTAN PRIMARY SCHOOL II,NEW BENIN II,OREDO,6.34540470,5.63008220,633607
12,12,07,035,12/12/07/035,OUR LADY OF MERCY NURSERY/PRIMARY SCHOOL,NEW BENIN II,OREDO,6.34548470,5.62949640,633608
12,12,07,036,12/12/07/036,OREDO LOCAL GOVERNMENT EDUCATION AUTHORITY UPPER FORESTY I,NEW BENIN II,OREDO,6.34571920,5.63268020,633609
12,12,07,037,12/12/07/037,OREDO LOCAL GOVERNMENT EDUCATION AUTHORITY UPPER FORESTY II,NEW BENIN II,OREDO,6.34571920,5.63268020,633610
12,12,07,038,12/12/07/038,"OPEN SPACE FIDELITY BANK, NEW LAGOS RD",NEW BENIN II,OREDO,6.34588720,5.63469350,633611
12,12,07,039,12/12/07/039,IYOBOSA PRY SCH I,NEW BENIN II,OREDO,6.34972330,5.63423850,633612
12,12,07,040,12/12/07/040,IYOBOSA PRY SCH II,NEW BENIN II,OREDO,6.34930720,5.63453720,633613
12,12,07,041,12/12/07/041,OPEN SPACE OPPOSITE WINNERS CHAPEL COSTAIN,NEW BENIN II,OREDO,6.34903600,5.63768810,633614
12,12,07,042,12/12/07/042,OPEN SPACE BY VICTORY JUNCTION,NEW BENIN II,OREDO,6.34711840,5.63442940,633615
12,12,07,043,12/12/07/043,OPEN SPACE BESIDE UBA BANK,NEW BENIN II,OREDO,6.35230510,5.63336090,633616
12,12,07,044,12/12/07/044,OPEN SPACE UPPER MISSION JUNCTION,NEW BENIN II,OREDO,6.34961650,5.63154120,633617
12,12,07,045,12/12/07/045,OPEN SPACE OPPOSITE IYOBOSA INTERNATIONAL SCH,NEW BENIN II,OREDO,6.37035530,5.64236770,633618
12,12,07,046,12/12/07/046,OPEN SPACE OPPOSITE DISCOVERY DEDICATION SCHOOLS,NEW BENIN II,OREDO,6.37035530,5.64469030,633619
12,12,07,047,12/12/07/047,OPEN SPACE OPPOSITE NEW ERA COLLEGE,NEW BENIN II,OREDO,6.36838430,5.64334400,633620
12,12,07,048,12/12/07/048,OPEN SPACE ADJACENT TO JUBILEE ACADEMY,NEW BENIN II,OREDO,6.36166470,5.64172710,633621
12,12,07,049,12/12/07/049,OPEN SPACE OPPOSITE MTN MAST EWAH RD,NEW BENIN II,OREDO,6.35980030,5.64223200,633622
12,12,07,050,12/12/07/050,OPEN SPACE BY EWAH  ROAD JUNCTION,NEW BENIN II,OREDO,6.34344620,5.64044010,633623
12,12,07,051,12/12/07/051,OPEN SPACE BY AIGBE DAVIS JUNCTION OFF EWAH ROAD,NEW BENIN II,OREDO,6.36498340,5.64210530,633624
12,12,07,052,12/12/07/052,PRIMARY HEALTH CARE CENTRE BY POLICE STATION I,NEW BENIN II,OREDO,6.35553630,5.62903390,633625
12,12,07,054,12/12/07/054,EDO STATE INTERNAL REVENUE SERVICE I,NEW BENIN II,OREDO,6.35311100,5.62787780,633627
12,12,07,055,12/12/07/055,EDO STATE INTERNAL REVENUE SERVICE II,NEW BENIN II,OREDO,6.35296130,5.62806490,633628
12,12,07,056,12/12/07/056,OPEN SPACE BY TRANSFORMER EWEKA STREET,NEW BENIN II,OREDO,6.35789980,5.63115590,633629
12,12,07,057,12/12/07/057,OPEN SPACE AKUGBE STREET OFF NEW LAGOS ROAD I,NEW BENIN II,OREDO,6.36121710,5.63185400,633630
12,12,07,058,12/12/07/058,OPEN SPACE AKUGBE STREET OFF NEW LAGOS ROAD II,NEW BENIN II,OREDO,6.31207900,5.63183970,633631
12,12,07,059,12/12/07/059,OPEN SPACE YAM MARKET UPPER MISSION ROAD,NEW BENIN II,OREDO,6.35809340,5.63654670,633632
12,12,07,060,12/12/07/060,OPEN SPACE OWIE CLOSE BESIDE YAM MARKET,NEW BENIN II,OREDO,6.35835670,5.63672540,633633
12,12,07,061,12/12/07/061,OPEN SPACE BESIDE FORTE OIL FILLING STATION,NEW BENIN II,OREDO,6.35536640,5.63487820,633634
12,12,07,063,12/12/07/063,NOSAKHARE MODEL EDUCATION CENTRE II,NEW BENIN II,OREDO,6.35368910,5.63408040,633636
12,12,07,064,12/12/07/064,OPEN SPACE OBAZE JUNCTION OFF EGHAREVBA,NEW BENIN II,OREDO,6.35471510,5.63756200,633637
12,12,07,065,12/12/07/065,OPEN SPACE SLAUGHTER MARKET IKPOBA SLOPE I,NEW BENIN II,OREDO,6.35176060,5.64318750,633638
12,12,07,066,12/12/07/066,OPEN SPACE SLAUGHTER MARKET IKPOBA SLOPE II,NEW BENIN II,OREDO,6.35170590,5.64298070,633639
12,12,07,067,12/12/07/067,"OPEN SPACE BY ST. TERESA CATHOLIC CHURCH, OVIASOGIE ST. OFF EWAH RD",NEW BENIN II,OREDO,6.35508540,5.64152090,633640
12,12,08,001,12/12/08/001,"OKEDO I ,IZEVBIGIE PRIMARY SCHOOL I",OREDO,OREDO,6.33887580,5.63482972,35688
12,12,08,002,12/12/08/002,"OKEDO I,  IZEVBIGIE PRIMARY SCHOOL II",OREDO,OREDO,6.33886520,5.63483350,35689
12,12,08,003,12/12/08/003,"OKEDO I , IZEVBIGIE PRIMARY SCHOOL III",OREDO,OREDO,6.33884571,5.63483994,35690
12,12,08,004,12/12/08/004,"OKEDO I , IZEVBIGIE PRIMARY SCHOOL IV",OREDO,OREDO,6.33885432,5.63483456,35691
12,12,08,005,12/12/08/005,"OKEDO I , IZEVBIGIE PRIMARY SCHOOL V",OREDO,OREDO,6.33886101,5.63483532,35692
12,12,08,006,12/12/08/006,"OKEDO I , IZEVBIGIE PRIMARY SCHOOL VI",OREDO,OREDO,6.33884909,5.63483868,35693
12,12,08,007,12/12/08/007,"OKEDO II,  OGBOE PRIMARY SCHOOL I",OREDO,OREDO,6.34412671,5.63841877,35694
12,12,08,008,12/12/08/008,"OKEDO II , OGBOE PRIMARY SCHOOL II",OREDO,OREDO,6.34410327,5.63845528,35695
12,12,08,009,12/12/08/009,"OKEDO II , OGBOE PRIMARY SCHOOL  III",OREDO,OREDO,6.34410822,5.63844474,35696
12,12,08,010,12/12/08/010,"OKEDO II , OGBOE PRIMARY SCHOOL  IV",OREDO,OREDO,6.34409254,5.63845532,35697
12,12,08,011,12/12/08/011,"OKEDO II,  OGBOE PRIMARY SCHOOL   V",OREDO,OREDO,6.34409556,5.63844645,35698
12,12,08,012,12/12/08/012,"OKEDO III,  VIRGINIA PRIMARY SCHOOL I",OREDO,OREDO,6.34039851,5.63988124,35699
12,12,08,013,12/12/08/013,"OKEDO III , VIRGINIA PRIMARY SCHOOL  II",OREDO,OREDO,6.34039469,5.63990023,35700
12,12,08,014,12/12/08/014,"OKEDO III , VIRGINIA PRIMARY SCHOOL   III",OREDO,OREDO,6.34039495,5.63990126,35701
12,12,08,015,12/12/08/015,"OKEDO III,  VIRGINIA PRIMARY SCHOOL   IV",OREDO,OREDO,6.34039763,5.63988264,35702
12,12,08,016,12/12/08/016,"OKEDO II,  VIRGINIA PRIMARY SCHOOL   V",OREDO,OREDO,6.34039904,5.63989328,35703
12,12,08,017,12/12/08/017,"OKEDO III , VIRGINIA PRIMARY SCHOOL VI",OREDO,OREDO,6.34041277,5.63987324,35704
12,12,08,018,12/12/08/018,"OKEDO III,  VIRGINIA PRIMARY SCHOOL  VII",OREDO,OREDO,6.34040028,5.63987534,35705
12,12,08,019,12/12/08/019,"OKEDO IV,  EYAENUGIE PRIMARY SCHOOL  I",OREDO,OREDO,6.33880372,5.63905537,35706
12,12,08,020,12/12/08/020,"OKEDO IV , EYAENUGIE PRIMARY SCHOOL   II",OREDO,OREDO,6.33881214,5.63904705,35707
12,12,08,021,12/12/08/021,"OKEDO IV , EYAENUGIE PRIMARY SCHOOL   III",OREDO,OREDO,6.33880270,5.63905312,35708
12,12,08,022,12/12/08/022,"OKEDO IV, EYAENUGIE PRIMARY SCHOOL     IV",OREDO,OREDO,6.33882669,5.63904940,35709
12,12,08,023,12/12/08/023,"OKEDO IV , EYAENUGIE PRIMARY SCHOOL   V",OREDO,OREDO,6.33879524,5.63905542,35710
12,12,08,024,12/12/08/024,"OKEDO IV , EYAENUGIE PRIMARY SCHOOL    VI",OREDO,OREDO,6.33879196,5.63906622,35711
12,12,08,025,12/12/08/025,"OKEDO IV, EYAENUGIE PRIMARY SCHOOL   VII",OREDO,OREDO,6.33880405,5.63906415,35712
12,12,08,026,12/12/08/026,"IKPOBA I , EDO COLLEGE  I",OREDO,OREDO,6.33280537,5.64533316,35713
12,12,08,027,12/12/08/027,"IKPOBA I,  EDO COLLEGE   II",OREDO,OREDO,6.33282134,5.64532390,35714
12,12,08,028,12/12/08/028,"IKPOBA I , EDO COLLEGE    III",OREDO,OREDO,6.33280377,5.64533009,35715
12,12,08,029,12/12/08/029,"IKPOBA I , EDO COLLEGE    IV",OREDO,OREDO,6.33280989,5.64532104,35716
12,12,08,030,12/12/08/030,"IKPOBA I , EDO COLLEGE    V",OREDO,OREDO,6.33281107,5.64533236,35717
12,12,08,031,12/12/08/031,OPEN SPACE -NEKPEN NEKPEN ROAD JUNCTION,OREDO,OREDO,6.33112993,5.64443327,633696
12,12,08,032,12/12/08/032,"OPEN SPACE -ERIAMATOE STREET JUNCTION, OFF M.M WAY",OREDO,OREDO,6.32161179,5.64476184,633697
12,12,08,033,12/12/08/033,OPEN SPACE -JARA GATE BY SECOND EAST CIRCULAR ROAD,OREDO,OREDO,6.32324329,5.63541167,633698
12,12,08,034,12/12/08/034,OPEN SPACE - OSAMERE STREET JUNCTION OFF OGIAMEN LANE,OREDO,OREDO,6.32457157,5.63484002,633699
12,12,08,035,12/12/08/035,OPEN SPACE -LUCKY WAY  STREET BY SECOND MARKET,OREDO,OREDO,6.32441328,5.63645002,633700
12,12,08,036,12/12/08/036,OPEN SPACE -ONORUWA STREET BY SECOND JUNCTION,OREDO,OREDO,6.33814008,5.63745685,633701
12,12,08,037,12/12/08/037,OPEN SPACE -OSAGEDE STREET JUNCTION BY IGUN STREET,OREDO,OREDO,6.34379990,5.63806839,633702
12,12,08,038,12/12/08/038,OPEN SPACE -IGUN STREET JUNCTION BESIDE CENTRAL MOSQUE,OREDO,OREDO,6.34289683,5.63726004,633703
12,12,08,039,12/12/08/039,OPEN SPACE -AGBOMONBA STREET BY SECOND EAST CIRCULAR RD.,OREDO,OREDO,6.34186154,5.63848983,633704
12,12,08,040,12/12/08/040,OPEN SPACE -AWAKHIONBA STREET JUNCTION BY SECOND EAST CIRCULAR RD.,OREDO,OREDO,6.34038835,5.63682988,633705
12,12,08,041,12/12/08/041,OPEN SPACE -SECOND NEW MARKET,OREDO,OREDO,6.33606673,5.63841674,633706
12,12,08,042,12/12/08/042,OPEN SPACE -EKI UWA LANE CROSS JUNCTION,OREDO,OREDO,6.33607007,5.64012017,633707
12,12,08,043,12/12/08/043,OPEN SPACE -FIRST OSAMEDE LANE JUNCTION,OREDO,OREDO,6.33363830,5.63980830,633708
12,12,08,044,12/12/08/044,OPEN SPACE -IYOBOSA STREET JUNCTION,OREDO,OREDO,6.33295670,5.63834330,633709
12,12,08,045,12/12/08/045,OPEN SPACE - OZOULA STREET JUNCTION,OREDO,OREDO,6.33232670,5.63829170,633710
12,12,09,001,12/12/09/001,"IKPEMA/EGUADASE I, IGBESAMWAN PRIMARY SCHOOL  I",IKPEMA/EGUADASE,OREDO,6.33333680,5.63179725,35718
12,12,09,002,12/12/09/002,"IKPEMA/EGUADASE I, IGBESAMWAN PRIMARY SCHOOL  II",IKPEMA/EGUADASE,OREDO,6.33333291,5.63179929,35719
12,12,09,003,12/12/09/003,"IKPEMA/EGUADASE I, IGBESAMWAN PRIMARY SCHOOL  III",IKPEMA/EGUADASE,OREDO,6.33333610,5.63179756,35720
12,12,09,004,12/12/09/004,"IKPEMA/EGUADASE I, IGBESAMWAN PRIMARY SCHOOL  IV",IKPEMA/EGUADASE,OREDO,6.33333917,5.63179681,35721
12,12,09,005,12/12/09/005,"IKPEMA/EGUADASE I, IGBESAMWAN PRIMARY SCHOOL V",IKPEMA/EGUADASE,OREDO,6.33333938,5.63179839,35722
12,12,09,006,12/12/09/006,"IKPEMA/EGUADASE I, IGBESAMWAN PRIMARY SCHOOL   VI",IKPEMA/EGUADASE,OREDO,6.33332624,5.63179292,35723
12,12,09,007,12/12/09/007,"IKPEMA/EGUADASE I, IGBESAMWAN PRIMARY SCHOOL   VII",IKPEMA/EGUADASE,OREDO,6.33331421,5.63179373,35724
12,12,09,008,12/12/09/008,"IKPEMA/EGUADASE I, IGBESAMWAN PRIMARY SCHOOL  VIII",IKPEMA/EGUADASE,OREDO,6.33332262,5.63179966,35725
12,12,09,009,12/12/09/009,"IKPEMA/EGUADASE I, IGBESAMWAN PRIMARY SCHOOL  IX",IKPEMA/EGUADASE,OREDO,6.33331946,5.63180111,35726
12,12,09,010,12/12/09/010,"IKPEMA/EGUADASE I, IGBESAMWAN PRIMARY SCHOOL    X",IKPEMA/EGUADASE,OREDO,6.33331246,5.63179706,35727
12,12,09,011,12/12/09/011,"IKPEMA/EGUADASE I, IGBESAMWAN PRIMARY SCHOOL    XI",IKPEMA/EGUADASE,OREDO,6.33332761,5.63179815,35728
12,12,09,012,12/12/09/012,"IKPEMA/EGUADASE I, IGBESAMWAN PRIMARY SCHOOL  XII",IKPEMA/EGUADASE,OREDO,6.33332498,5.63179776,35729
12,12,09,013,12/12/09/013,"IKPEMA/EGUADASE II, IGBESAMWAN PRIMARY SCHOOL  XIII",IKPEMA/EGUADASE,OREDO,6.33333732,5.63179389,35730
12,12,09,014,12/12/09/014,"IKPEMA/EGUADASE II, IGBESAMWAN PRIMARY SCHOOL  XIV",IKPEMA/EGUADASE,OREDO,6.33334195,5.63179775,35731
12,12,09,015,12/12/09/015,"IKPEMA/EGUADASE II, IGBESAMWAN PRIMARY SCHOOL  XV",IKPEMA/EGUADASE,OREDO,6.33334046,5.63179120,35732
12,12,09,016,12/12/09/016,"IKPEMA/EGUADASE II, IGBESAMWAN PRIMARY SCHOOL  XVI",IKPEMA/EGUADASE,OREDO,6.33332267,5.63179368,35733
12,12,09,017,12/12/09/017,"IKPEMA/EGUADASE II, IGBESAMWAN PRIMARY SCHOOL  XVII",IKPEMA/EGUADASE,OREDO,6.33332465,5.63179939,35734
12,12,09,018,12/12/09/018,"IKPEMA/EGUADASE II, IGBESAMWAN PRIMARY SCHOOL   XVIII",IKPEMA/EGUADASE,OREDO,6.33332813,5.63179475,35735
12,12,09,019,12/12/09/019,"IKPEMA/EGUADASE II, IGBESAMWAN PRIMARY SCHOOL XIX",IKPEMA/EGUADASE,OREDO,6.33334371,5.63179376,35736
12,12,09,020,12/12/09/020,"IKPEMA/EGUADASE II, IGBESAMWAN PRIMARY SCHOOL  XX",IKPEMA/EGUADASE,OREDO,6.33335312,5.63179601,35737
12,12,09,021,12/12/09/021,"IKPEMA/EGUADASE II, IGBESAMWAN PRIMARY SCHOOL  XXI",IKPEMA/EGUADASE,OREDO,6.33335458,5.63179486,35738
12,12,09,022,12/12/09/022,"IKPEMA/EGUADASE II, IGBESAMWAN PRIMARY SCHOOL XXII",IKPEMA/EGUADASE,OREDO,6.33334776,5.63178768,35739
12,12,09,023,12/12/09/023,"IKPEMA/EGUADASE II, IGBESAMWAN PRIMARY SCHOOL  XXIII",IKPEMA/EGUADASE,OREDO,6.33334397,5.63179308,35740
12,12,09,024,12/12/09/024,"IKPEMA/EGUADASE II, IGBESAMWAN PRIMARY SCHOOL XXIV",IKPEMA/EGUADASE,OREDO,6.33334780,5.63179873,35741
12,12,09,025,12/12/09/025,"IKPEMA/EGUADASE II, IGBESAMWAN PRIMARY SCHOOL  XXV",IKPEMA/EGUADASE,OREDO,6.33334153,5.63179462,35742
12,12,09,026,12/12/09/026,OPEN SPACE FIRST AFRICAN CHURCH LANE BY SAWMILL,IKPEMA/EGUADASE,OREDO,6.33363683,5.63050322,633593
12,12,09,027,12/12/09/027,OPEN SPACE URBAN HEALTH CENTER I,IKPEMA/EGUADASE,OREDO,6.33400000,5.63258328,633594
12,12,09,028,12/12/09/028,OPEN SPACE URBAN HEALTH CENTER II,IKPEMA/EGUADASE,OREDO,6.33422331,5.63273013,633595
12,12,09,029,12/12/09/029,OPEN SPACE - FRONT OF EGEDEGE N'OKARO (FIRST UPSTAIRS),IKPEMA/EGUADASE,OREDO,6.33102997,5.63107990,633596
12,12,09,030,12/12/09/030,OPEN SPACE - AGBADO STREET BY EKI JUNCTION.,IKPEMA/EGUADASE,OREDO,6.33604941,5.63310999,633597
12,12,10,001,12/12/10/001,"OGBOKA/UNUERU  I , ASORO PRIMARY SCHOOL I",UNUERU/OGBOKA,OREDO,6.33062237,5.62595827,35743
12,12,10,002,12/12/10/002,"OGBOKA/UNUERU  I , ASORO PRIMARY SCHOOL II",UNUERU/OGBOKA,OREDO,6.33062230,5.62595422,35744
12,12,10,003,12/12/10/003,"OGBOKA/UNUERU  I, ,ASORO PRIMARY SCHOOL  III",UNUERU/OGBOKA,OREDO,6.33061413,5.62594356,35745
12,12,10,004,12/12/10/004,"OGBOKA/UNUERU  I , ASORO PRIMARY SCHOOL  IV",UNUERU/OGBOKA,OREDO,6.33061363,5.62595253,35746
12,12,10,005,12/12/10/005,"OGBOKA/UNUERU  I, ASORO PRIMARY SCHOOL V",UNUERU/OGBOKA,OREDO,6.33060623,5.62593223,35747
12,12,10,006,12/12/10/006,"OGBOKA/UNUERU  I, ASORO PRIMARY SCHOOL VI",UNUERU/OGBOKA,OREDO,6.33061258,5.62592741,35748
12,12,10,007,12/12/10/007,"OGBOKA/UNUERU  I,  ASORO PRIMARY SCHOOL VII",UNUERU/OGBOKA,OREDO,6.33061467,5.62594967,35749
12,12,10,008,12/12/10/008,"OGBOKA/UNUERU  I, ASORO PRIMARY SCHOOL V III",UNUERU/OGBOKA,OREDO,6.33062165,5.62593848,35750
12,12,10,009,12/12/10/009,OGBOKA/UNUERU  II OZA PRIMARY SCHOOL    I,UNUERU/OGBOKA,OREDO,6.33271924,5.62966623,35751
12,12,10,010,12/12/10/010,OGBOKA/UNUERU  II OZA PRIMARY SCHOOL    II,UNUERU/OGBOKA,OREDO,6.33270545,5.62965943,35752
12,12,10,011,12/12/10/011,"OGBOKA/UNUERU  I I, OZA PRIMARY SCHOOL  III",UNUERU/OGBOKA,OREDO,6.33272350,5.62966362,35753
12,12,10,012,12/12/10/012,"OGBOKA/UNUERU  I I, OZA PRIMARY SCHOOL  IV",UNUERU/OGBOKA,OREDO,6.33272477,5.62967253,35754
12,12,10,013,12/12/10/013,"OGBOKA/UNUERU  I I, OZA PRIMARY SCHOOL  V",UNUERU/OGBOKA,OREDO,6.33272242,5.62966607,35755
12,12,10,014,12/12/10/014,"OGBOKA/UNUERU  I I, OZA PRIMARY SCHOOL   VI",UNUERU/OGBOKA,OREDO,6.33273032,5.62967572,35756
12,12,10,015,12/12/10/015,"OGBOKA/UNUERU  I I, OZA PRIMARY SCHOOL  VII",UNUERU/OGBOKA,OREDO,6.33272233,5.62967757,35757
12,12,10,016,12/12/10/016,"OGBOKA/UNUERU  I I, OZA PRIMARY SCHOOL  VIII",UNUERU/OGBOKA,OREDO,6.33274235,5.62967365,35758
12,12,10,017,12/12/10/017,"OGBOKA/UNUERU  II, OZA PRIMARY SCHOOL   IX",UNUERU/OGBOKA,OREDO,6.33274494,5.62968800,35759
12,12,10,018,12/12/10/018,"OGBOKA/UNUERU  I I , OZA PRIMARY SCHOOL  X",UNUERU/OGBOKA,OREDO,6.33272466,5.62966580,35760
12,12,10,019,12/12/10/019,"OGBOKA/UNUERU  I I, OZA PRIMARY SCHOOL  XI",UNUERU/OGBOKA,OREDO,6.33271837,5.62967333,35761
12,12,10,020,12/12/10/020,"OGBOKA/UNUERU  III,  UWA PRIMARY SCHOOL  I",UNUERU/OGBOKA,OREDO,6.32980039,5.63387083,35762
12,12,10,021,12/12/10/021,"OGBOKA/UNUERU  III,  UWA PRIMARY SCHOOL   II",UNUERU/OGBOKA,OREDO,6.32979364,5.63387436,35763
12,12,10,022,12/12/10/022,"OGBOKA/UNUERU  III , UWA PRIMARY SCHOOL   III",UNUERU/OGBOKA,OREDO,6.32979086,5.63389353,35764
12,12,10,023,12/12/10/023,"OGBOKA/UNUERU  III , UWA PRIMARY SCHOOL   IV",UNUERU/OGBOKA,OREDO,6.32980663,5.63385148,35765
12,12,10,024,12/12/10/024,"OGBOKA/UNUERU  III,  UWA PRIMARY SCHOOL  V",UNUERU/OGBOKA,OREDO,6.32980003,5.63387743,35766
12,12,10,025,12/12/10/025,"OGBOKA/UNUERU  III,  UWA PRIMARY SCHOOL  VI",UNUERU/OGBOKA,OREDO,6.32980427,5.63387672,35767
12,12,10,026,12/12/10/026,"OGBOKA/UNUERU  III, UWA PRIMARY SCHOOL  VII",UNUERU/OGBOKA,OREDO,6.32980346,5.63386577,35768
12,12,10,027,12/12/10/027,"OGBOKA/UNUERU  III , URUBI PRIMARY SCHOOL   I",UNUERU/OGBOKA,OREDO,6.32755888,5.63413613,35769
12,12,10,028,12/12/10/028,"OGBOKA/UNUERU  III , URUBI PRIMARY SCHOOL    II",UNUERU/OGBOKA,OREDO,6.32755842,5.63413950,35770
12,12,10,029,12/12/10/029,"OPEN SPACE OPP. THE TRADITIONAL HALL / BACK OF ST, MATTHEW ANGLICAN CHURCH",UNUERU/OGBOKA,OREDO,6.32916587,5.62596157,633711
12,12,10,031,12/12/10/031,OPEN SPACE CENTRAL BAPTIST CHURCH KING SQUARE RING ROAD I,UNUERU/OGBOKA,OREDO,6.33201300,5.62377121,633713
12,12,10,032,12/12/10/032,OPEN SPACE CENTRAL BAPTIST CHURCH KING SQUARE RING ROAD II,UNUERU/OGBOKA,OREDO,6.33192269,5.62367264,633714
12,12,10,033,12/12/10/033,OPEN SPACE MECHANIC WORKSHOP IGUN STREET OFF SAKPONBA ROAD,UNUERU/OGBOKA,OREDO,6.33359451,5.62638737,633715
12,12,10,034,12/12/10/034,OPEN SPACE HAUSA QUARTERS ERIE OFF SAKPONBA ROAD I,UNUERU/OGBOKA,OREDO,6.32885196,5.28594160,633716
12,12,10,035,12/12/10/035,OPEN SPACE HAUSA QUARTERS ERIE OFF SAKPONBA ROAD II,UNUERU/OGBOKA,OREDO,6.32898759,5.62873900,633717
12,12,10,036,12/12/10/036,OPEN SPACE EZOBA STREET BY OMORUYI JUNCTION OFF SAKPONBA ROAD,UNUERU/OGBOKA,OREDO,6.32749570,5.62992077,633718
12,12,10,037,12/12/10/037,OPEN SPACE ARUOSA STREET OPP. OGBELAKA OFF SAKPONBA RD,UNUERU/OGBOKA,OREDO,6.32907856,5.62811840,633719
12,12,10,038,12/12/10/038,OPEN SPACE FIRST JUNCTION OFF  SAKPONBA ROAD,UNUERU/OGBOKA,OREDO,6.32539266,5.63241664,633720
12,12,10,039,12/12/10/039,OPEN SPACE ERIE JUNCTION BY IGBESAMWAN STREET,UNUERU/OGBOKA,OREDO,6.33196901,5.63209478,633721
12,12,10,040,12/12/10/040,"OPEN SPACE BY FIRST UNUERU JUNCTION OFF ASORO STREET,OFF SAKPONBA ROAD",UNUERU/OGBOKA,OREDO,6.32790824,5.63125323,633722
12,12,10,041,12/12/10/041,OPEN SPACE THIRD UNUERU JUNCTION BY ASORO STREET OFF FIRST EAST CIRCULAR ROAD,UNUERU/OGBOKA,OREDO,6.32849274,5.63248705,633723
12,12,10,042,12/12/10/042,OPEN SPACE MECHANIC WORKSHOP IYAMU STREET OFF ASORO STREET OFF IGBESAMWAN RD,UNUERU/OGBOKA,OREDO,6.33038616,5.63259266,633724
12,12,10,043,12/12/10/043,"OPEN SPACE SECOND ERIE LANE JUNCTION, BY FIRST ERIE OFF EZOBA STREET OFF SAKPONBA ROAD BENIN CITY",UNUERU/OGBOKA,OREDO,6.32885329,5.63059652,633725
12,12,10,044,12/12/10/044,"OPEN SPACE MECHANIC WORKSHOP, UNUERU JUNCTION OFF FIRST EAST CIRCULAR RD",UNUERU/OGBOKA,OREDO,6.32711981,5.63384794,633726
12,12,10,045,12/12/10/045,OPEN SPACE THIRD UNUERU LANE OFF FIRST EAST CIRCULAR RD,UNUERU/OGBOKA,OREDO,6.32706950,5.63188557,633727
12,12,10,046,12/12/10/046,OPEN SPACE ST. JOSEPH CATHOLIC CHURCH JUNCTION  OFF FIRST EAST CIRCULAR ROAD,UNUERU/OGBOKA,OREDO,6.32893793,5.63473005,633728
12,12,11,001,12/12/11/001,"OGBELAKA I,  IMAGUERO COLLEGE I",OGBELAKA/ NEKPENEKPEN,OREDO,6.32241459,5.62686720,35771
12,12,11,002,12/12/11/002,"OGBELAKA  I,  IMAGUERO COLLEGE II",OGBELAKA/ NEKPENEKPEN,OREDO,6.32244424,5.62688786,35772
12,12,11,003,12/12/11/003,"OGBELAKA I,  IMAGUERO COLLEGE III",OGBELAKA/ NEKPENEKPEN,OREDO,6.32243443,5.62688071,35773
12,12,11,004,12/12/11/004,"OGBELAKA I,  IMAGUERO COLLEGE IV",OGBELAKA/ NEKPENEKPEN,OREDO,6.32243866,5.62688163,35774
12,12,11,005,12/12/11/005,"OGBELAKA II,  OREDO GIRLS SC. SCHOOL I",OGBELAKA/ NEKPENEKPEN,OREDO,6.32353850,5.62954182,35775
12,12,11,006,12/12/11/006,"OGBELAKA II,  OREDO GIRLS SC. SCHOOL II",OGBELAKA/ NEKPENEKPEN,OREDO,6.32354388,5.62952875,35776
12,12,11,007,12/12/11/007,"OGBELAKA II,  OREDO GIRLS SC. SCHOOL III",OGBELAKA/ NEKPENEKPEN,OREDO,6.32355350,5.62953205,35777
12,12,11,008,12/12/11/008,"OGBELAKA II,  OREDO GIRLS SC. SCHOOL IV",OGBELAKA/ NEKPENEKPEN,OREDO,6.32353537,5.62953522,35778
12,12,11,009,12/12/11/009,"OGBELAKA III,  ARINZE PRIMARY SCHOOL I",OGBELAKA/ NEKPENEKPEN,OREDO,6.32142198,5.63187117,35779
12,12,11,010,12/12/11/010,"OGBELAKA III,  ARINZE PRIMARY SCHOOL II",OGBELAKA/ NEKPENEKPEN,OREDO,6.32143745,5.63187561,35780
12,12,11,011,12/12/11/011,"OGBELAKA III,  ARINZE PRIMARY SCHOOL III",OGBELAKA/ NEKPENEKPEN,OREDO,6.32143142,5.63187962,35781
12,12,11,012,12/12/11/012,"OGBELAKA III,  ARINZE PRIMARY SCHOOL   IV",OGBELAKA/ NEKPENEKPEN,OREDO,6.32144134,5.63186857,35782
12,12,11,013,12/12/11/013,"OGBELAKA II, I ARINZE PRIMARY SCHOOL   V",OGBELAKA/ NEKPENEKPEN,OREDO,6.32141384,5.63187324,35783
12,12,11,014,12/12/11/014,"OGBELAKA III , ARINZE PRIMARY SCHOOL  VI",OGBELAKA/ NEKPENEKPEN,OREDO,6.32142885,5.63187400,35784
12,12,11,015,12/12/11/015,"OGBELAKA III,  ARINZE PRIMARY SCHOOL VII",OGBELAKA/ NEKPENEKPEN,OREDO,6.32144295,5.63188778,35785
12,12,11,016,12/12/11/016,"OGBELAKA III,  ARINZE PRIMARY SCHOOL  VIII",OGBELAKA/ NEKPENEKPEN,OREDO,6.32144394,5.63186615,35786
12,12,11,017,12/12/11/017,"ISIEMWENRO,  B.D.P.A. PREMISES I",OGBELAKA/ NEKPENEKPEN,OREDO,6.32215501,5.63558337,35787
12,12,11,018,12/12/11/018,"ISIEMWENRO,  B.D.P.A. PREMISES II",OGBELAKA/ NEKPENEKPEN,OREDO,6.32215926,5.63558728,35788
12,12,11,019,12/12/11/019,"ISIEMWENRO,  B.D.P.A. PREMISES III",OGBELAKA/ NEKPENEKPEN,OREDO,6.32215997,5.63559438,35789
12,12,11,020,12/12/11/020,"ISIEMWENRO ,  B.D.P.A. PREMISES IV",OGBELAKA/ NEKPENEKPEN,OREDO,6.32216675,5.63560219,35790
12,12,11,021,12/12/11/021,"ISIEMWENRO, B.D.P.A. PREMISES V",OGBELAKA/ NEKPENEKPEN,OREDO,6.32215879,5.63560844,35791
12,12,11,022,12/12/11/022,"UHUNMUDUMU I,  OHUOBA PRIMARY SCHOOL I",OGBELAKA/ NEKPENEKPEN,OREDO,6.32435814,5.63939103,35792
12,12,11,023,12/12/11/023,"UHUNMUDUMU I,  OHUOBA PRIMARY SCHOOL  II",OGBELAKA/ NEKPENEKPEN,OREDO,6.32434991,5.63940015,35793
12,12,11,024,12/12/11/024,"UHUNMUDUMU I,  OHUOBA PRIMARY SCHOOL  III",OGBELAKA/ NEKPENEKPEN,OREDO,6.32435210,5.63939480,35794
12,12,11,025,12/12/11/025,"UHUNMUDUMU I,  OHUOBA PRIMARY SCHOOL IV",OGBELAKA/ NEKPENEKPEN,OREDO,6.32435961,5.63940220,35795
12,12,11,026,12/12/11/026,"UHUNMUDUMU I,  OHUOBA PRIMARY SCHOOL V",OGBELAKA/ NEKPENEKPEN,OREDO,6.32435706,5.63940557,35796
12,12,11,027,12/12/11/027,"UHUNMUDUMU,   II I.C.C.-  I",OGBELAKA/ NEKPENEKPEN,OREDO,6.32563045,5.64066761,35797
12,12,11,028,12/12/11/028,"UHUNMUDUMU,   II I.C.C.  -II",OGBELAKA/ NEKPENEKPEN,OREDO,6.32563148,5.64067991,35798
12,12,11,029,12/12/11/029,UHUNMUDUMU  II I.C.C. - III,OGBELAKA/ NEKPENEKPEN,OREDO,6.32563806,5.64067066,35799
12,12,11,030,12/12/11/030,"UHUNMUDUMU III, IGUODALA PRY.  SCH. I",OGBELAKA/ NEKPENEKPEN,OREDO,6.33004529,5.64415590,35800
12,12,11,031,12/12/11/031,"UHUNMUDUMU III,  IGUODALA PRY. SCH. II",OGBELAKA/ NEKPENEKPEN,OREDO,6.33003682,5.64416705,35801
12,12,11,032,12/12/11/032,"UHUNMUDUMU III,  IGUODALA PRY.  SCH. III",OGBELAKA/ NEKPENEKPEN,OREDO,6.33003820,5.64417154,35802
12,12,11,033,12/12/11/033,OPEN SPACE - EKI-OSA STREET JUNCTION BY EVBARUNEGBEFU STREET,OGBELAKA/ NEKPENEKPEN,OREDO,6.32518339,5.63883718,633684
12,12,11,034,12/12/11/034,OPEN SPACE -THE STREET BETWEEN EVBARUNEGBEFU LANE  (BEHIND EKI - OSA  MARKET),OGBELAKA/ NEKPENEKPEN,OREDO,6.32471886,5.63732542,633685
12,12,11,035,12/12/11/035,OPEN SPACE - LUCKY WAY STREET BEHIND EKI-OSA MARKET,OGBELAKA/ NEKPENEKPEN,OREDO,6.32367619,5.63711755,633686
12,12,11,036,12/12/11/036,OPEN SPACE -OGUNEDE STREET JUNTION,OGBELAKA/ NEKPENEKPEN,OREDO,6.32743505,5.64203471,633687
12,12,11,037,12/12/11/037,OPEN SPACE - OSARIEMEN STREET JUNCTION,OGBELAKA/ NEKPENEKPEN,OREDO,6.32743505,5.64245012,633688
12,12,11,038,12/12/11/038,OPEN SPACE -UWA STREET JUNCTION OFF MM WAY,OGBELAKA/ NEKPENEKPEN,OREDO,6.32839001,5.64337112,633689
12,12,11,039,12/12/11/039,OPEN SPACE - OYENMWONSA STREET  JUNCTION OFF MM WAY,OGBELAKA/ NEKPENEKPEN,OREDO,6.32912754,5.64374831,633690
12,12,11,040,12/12/11/040,OPEN SPACE -WISDOM STREET JUNCTION OFF MM WAY,OGBELAKA/ NEKPENEKPEN,OREDO,6.33043415,5.64420495,633691
12,12,11,041,12/12/11/041,OPEN SPACE -OTAMERE  LANE JUNCTION,OGBELAKA/ NEKPENEKPEN,OREDO,6.32999153,5.64518396,633692
12,12,11,042,12/12/11/042,OPEN SPACE -ARINZE SCHOOL COMPOUND,OGBELAKA/ NEKPENEKPEN,OREDO,6.35131118,5.63191038,633693
12,12,11,043,12/12/11/043,OPEN SPACE -AWO STREET JUNCTION OFF SECOND,OGBELAKA/ NEKPENEKPEN,OREDO,6.32035779,5.63250750,633694
12,12,11,044,12/12/11/044,OPEN SPACE -AWO LANE JUNCTION OFF OMORUYI STREET,OGBELAKA/ NEKPENEKPEN,OREDO,6.32466021,5.62830683,633695
12,12,12,001,12/12/12/001,"IBIWE  I,  OBA MKT. PREMISES I",IBIWE/ IWEGIE/ UGBAGUE,OREDO,6.33530346,5.62064949,35803
12,12,12,002,12/12/12/002,"IBIWE  I,  OBA MKT. PREMISES II",IBIWE/ IWEGIE/ UGBAGUE,OREDO,6.33529344,5.62063568,35804
12,12,12,003,12/12/12/003,"IBIWE  I,  OBA MKT. PREMISES III",IBIWE/ IWEGIE/ UGBAGUE,OREDO,6.33530549,5.62064252,35805
12,12,12,004,12/12/12/004,"IBIWE  I, OBA MKT. PREMISES IV",IBIWE/ IWEGIE/ UGBAGUE,OREDO,6.33531198,5.62064854,35806
12,12,12,005,12/12/12/005,"IBIWE I, OBA MKT PREMISES V",IBIWE/ IWEGIE/ UGBAGUE,OREDO,6.33531604,5.62065686,35807
12,12,12,006,12/12/12/006,IBIWE  I  OBA MKT. PREMISES VI,IBIWE/ IWEGIE/ UGBAGUE,OREDO,6.33524553,5.62062428,35808
12,12,12,000,12/12/12/000,"020 - UGBAGUE  I FIRE SERVICES (FORESTRY)  XIV
12,12,12,015,12/12/12/015,UGBAGUE  I FIRE SERVICES (FORESTRY) IX,IBIWE/ IWEGIE/ UGBAGUE,OREDO,6.33463252,5.62339216,35817
12,12,12,021,12/12/12/021,"IWEGIE  I, AGBADO PRIMARY SCHOOL  I",IBIWE/ IWEGIE/ UGBAGUE,OREDO,6.33913292,5.63042069,35823
12,12,12,022,12/12/12/022,"IWEGIE  I, AGBADO PRIMARY SCHOOL  II",IBIWE/ IWEGIE/ UGBAGUE,OREDO,6.33910211,5.63044046,35824
12,12,12,023,12/12/12/023,"IWEGIE  I, AGBADO PRIMARY SCHOOL  III",IBIWE/ IWEGIE/ UGBAGUE,OREDO,6.33917216,5.63041966,35825
12,12,12,024,12/12/12/024,"IWEGIE  I, AGBADO PRIMARY SCHOOL  IV",IBIWE/ IWEGIE/ UGBAGUE,OREDO,6.33917626,5.63042523,35826
12,12,12,025,12/12/12/025,"IWEGIE  I, AGBADO PRIMARY SCHOOL V",IBIWE/ IWEGIE/ UGBAGUE,OREDO,6.33915342,5.63041031,35827
12,12,12,026,12/12/12/026,"IWEGIE  I, AGBADO PRIMARY SCHOOL VI",IBIWE/ IWEGIE/ UGBAGUE,OREDO,6.33912746,5.63042229,35828
12,12,12,027,12/12/12/027,"IWEGIE,  AGBADO PRIMARY SCHOOL I",IBIWE/ IWEGIE/ UGBAGUE,OREDO,6.33914031,5.63042538,35829
12,12,12,028,12/12/12/028,"IWEGIE,  AGBADO PRIMARY SCHOOL II",IBIWE/ IWEGIE/ UGBAGUE,OREDO,6.33915625,5.63041735,35830
12,12,12,029,12/12/12/029,"IWEGIE,  AGBADO PRIMARY SCHOOL III",IBIWE/ IWEGIE/ UGBAGUE,OREDO,6.33913909,5.63043275,35831
12,12,12,030,12/12/12/030,"IWEGIE,  AGBADO PRIMARY SCHOOL IV",IBIWE/ IWEGIE/ UGBAGUE,OREDO,6.33913162,5.63043427,35832
12,12,12,031,12/12/12/031,OPEN SPACE -OBA MARKET  IKPENEDE JUNCTION,IBIWE/ IWEGIE/ UGBAGUE,OREDO,6.33584181,5.61905924,633563
12,12,12,032,12/12/12/032,JUDICIARY COURT OF APPEAL,IBIWE/ IWEGIE/ UGBAGUE,OREDO,6.33535429,5.62373869,633564
12,12,12,033,12/12/12/033,OPEN SPACE - BUTCHER STREET JUNCTION,IBIWE/ IWEGIE/ UGBAGUE,OREDO,6.33548625,5.62417857,633565
12,12,12,036,12/12/12/036,OPEN SPACE - IWEGIE STREET JUNCTION,IBIWE/ IWEGIE/ UGBAGUE,OREDO,6.33942762,5.62735263,633568
12,12,12,038,12/12/12/038,OPEN SPACE-  IRHREMILA STREET JUNCTION BY COOKE ROAD,IBIWE/ IWEGIE/ UGBAGUE,OREDO,6.34007379,5.62997181,633570
12,12,12,039,12/12/12/039,OPEN SPACE BY  OGHOGHO STREET JUNCTION BY MUYI LINE,IBIWE/ IWEGIE/ UGBAGUE,OREDO,6.34312912,5.63240826,633571
12,12,12,040,12/12/12/040,OPEN SPACE-  DAWNSON JUNCTION BY AKPAKPAVA ROAD,IBIWE/ IWEGIE/ UGBAGUE,OREDO,6.34188053,5.63336145,633572
12,12,12,041,12/12/12/041,OPEN SPACE - JAMES WATT STREET JUNCTION BY AKPAKPAVA ROAD,IBIWE/ IWEGIE/ UGBAGUE,OREDO,6.34001880,5.63134778,633573
12,12,12,042,12/12/12/042,NIGERIAN POSTAL SERVICE,IBIWE/ IWEGIE/ UGBAGUE,OREDO,6.33409835,5.62465467,633574
12,12,12,043,12/12/12/043,OPEN SPACE- IBIWE JUNCTION BY OBA MARKET ROAD,IBIWE/ IWEGIE/ UGBAGUE,OREDO,6.33566453,5.62097132,633575
12,12,12,044,12/12/12/044,OPEN SPACE - EBO STREET JUNCTION BY IBIWE,IBIWE/ IWEGIE/ UGBAGUE,OREDO,6.33787916,5.62021024,633576
12,12,12,045,12/12/12/045,OPEN SPACE - OMO STREET JUNCTION BY MISSION ROAD,IBIWE/ IWEGIE/ UGBAGUE,OREDO,6.33564487,5.62299002,633577
12,13,01,001,12/13/01/001,"OBASEKI PRIMARY SCHOOL,  ABUDU I",AIBIOKUNLA  I,ORHIONMWON,6.29452265,6.03545382,35833
12,13,01,002,12/13/01/002,"OBASEKI PRIMARY SCHOOL,  ABUDU II",AIBIOKUNLA  I,ORHIONMWON,6.29470488,6.03477067,35834
12,13,01,003,12/13/01/003,"OBASEKI PRIMARY SCHOOL , ABUDU  III",AIBIOKUNLA  I,ORHIONMWON,6.29452102,6.03397117,35835
12,13,01,004,12/13/01/004,AGO-OGBEIDE VILLAGE HALL,AIBIOKUNLA  I,ORHIONMWON,6.29517078,6.03751901,35836
12,13,01,005,12/13/01/005,"ESIGIE COLLEGE,  ABUDU I",AIBIOKUNLA  I,ORHIONMWON,6.29004845,6.02877465,35837
12,13,01,006,12/13/01/006,"ESIGIE COLLEGE,  ABUDU II",AIBIOKUNLA  I,ORHIONMWON,6.29035261,6.02814378,35838
12,13,01,007,12/13/01/007,"EVBOBANOSA P/S,  EVBOBANOSA I",AIBIOKUNLA  I,ORHIONMWON,6.29185400,5.97709750,35839
12,13,01,008,12/13/01/008,"EVBOBANOSA P/S,  EVBOBANOSA II",AIBIOKUNLA  I,ORHIONMWON,6.29184547,5.97709783,35840
12,13,01,009,12/13/01/009,"UWEMUWE P/S,  UWEMUWE",AIBIOKUNLA  I,ORHIONMWON,6.35590924,5.98761595,35841
12,13,01,010,12/13/01/010,"LICY P/S,OSSIOMO",AIBIOKUNLA  I,ORHIONMWON,6.28480820,6.05403433,35842
12,13,01,011,12/13/01/011,"ALOPHANME CITY HALL, OSSIOMO",AIBIOKUNLA  I,ORHIONMWON,6.27911397,6.07362818,35843
12,13,01,012,12/13/01/012,"EWUARE P/S, OGAN I",AIBIOKUNLA  I,ORHIONMWON,6.27958538,6.06653528,35844
12,13,01,013,12/13/01/013,"EWUARE P/S, OGAN II",AIBIOKUNLA  I,ORHIONMWON,6.27959043,6.06654336,35845
12,13,01,014,12/13/01/014,"EWUARE P/S, OGAN III",AIBIOKUNLA  I,ORHIONMWON,6.28100131,6.06143482,35846
12,13,01,015,12/13/01/015,"AREA CUSTOMARY COURT, ABUDU",AIBIOKUNLA  I,ORHIONMWON,6.29418990,6.03213960,633773
12,13,01,016,12/13/01/016,ABUDU PRIMARY HEALTH CARE CENTER,AIBIOKUNLA  I,ORHIONMWON,6.29451180,6.03178750,633774
12,13,01,017,12/13/01/017,"POST OFFICE, ABUDU",AIBIOKUNLA  I,ORHIONMWON,6.29378135,6.03276215,633775
12,13,01,018,12/13/01/018,"OPEN SPACE BY OZA ROAD JUNCTION, AGO-OGBEIDE QUARTERS",AIBIOKUNLA  I,ORHIONMWON,6.29648005,6.03894331,633776
12,13,01,019,12/13/01/019,"GIRLS MODEL SEC. SCH, ABUDU I",AIBIOKUNLA  I,ORHIONMWON,6.29078470,6.02883070,633777
12,13,01,020,12/13/01/020,"GIRLS MODEL SEC SCH, ABUDU II",AIBIOKUNLA  I,ORHIONMWON,6.29082200,6.02886020,633778
12,13,01,021,12/13/01/021,"EDO STATE COLLEGE OF EDUCATION ABUDU, LECTURE HALL I",AIBIOKUNLA  I,ORHIONMWON,6.29163252,6.02800492,633779
12,13,01,022,12/13/01/022,"EDO STATE COLLEGE OF EDUCATION ABUDU, SPACE UNDER MANGO TREE - BEHIND LIBRARY",AIBIOKUNLA  I,ORHIONMWON,6.29186849,6.02766864,633780
12,13,01,023,12/13/01/023,EVBOBANOSA TOWN HALL,AIBIOKUNLA  I,ORHIONMWON,6.29198500,5.98002720,633781
12,13,01,024,12/13/01/024,EVBOBANOSA PRIMARY HEALTH CENTRE,AIBIOKUNLA  I,ORHIONMWON,6.29135350,5.98777100,633782
12,13,01,025,12/13/01/025,"OGAN PRIMARY HEALTH CENTRE, OGAN",AIBIOKUNLA  I,ORHIONMWON,6.27968446,6.06702838,633783
12,13,02,001,12/13/02/001,"EVBOHEN P/S, EVBOHEN",AIBIOKUNLA II,ORHIONMWON,6.31503051,5.98515348,35847
12,13,02,002,12/13/02/002,"IRU P/S, IRU I",AIBIOKUNLA II,ORHIONMWON,6.32457694,6.03084033,35848
12,13,02,003,12/13/02/003,"IRU P/S, IRU II",AIBIOKUNLA II,ORHIONMWON,6.32458174,6.03087502,35849
12,13,02,004,12/13/02/004,"IRU P/S, IRU III",AIBIOKUNLA II,ORHIONMWON,6.32463327,6.03073583,35850
12,13,02,005,12/13/02/005,"IGUEHENZA P/S,  IGUEHENZA",AIBIOKUNLA II,ORHIONMWON,6.33200273,6.03967802,35851
12,13,02,006,12/13/02/006,"ODIONZA P/S, OZA",AIBIOKUNLA II,ORHIONMWON,6.34249919,6.05315560,35852
12,13,02,007,12/13/02/007,"ODIONZA P/S, EGUEHENZA",AIBIOKUNLA II,ORHIONMWON,6.34250854,6.05316379,35853
12,13,02,008,12/13/02/008,"OZA P/S, OZA I",AIBIOKUNLA II,ORHIONMWON,6.34603662,6.06056636,35854
12,13,02,009,12/13/02/009,"OZA P/S, OZA  II",AIBIOKUNLA II,ORHIONMWON,6.34604380,6.06057059,35855
12,13,02,010,12/13/02/010,"OZA P/S, OZA  III",AIBIOKUNLA II,ORHIONMWON,6.34604730,6.06057777,35856
12,13,02,011,12/13/02/011,"OZA P/S, OZA   IV",AIBIOKUNLA II,ORHIONMWON,6.34604954,6.06058404,35857
12,13,02,012,12/13/02/012,"OZA P/S, OZA  V",AIBIOKUNLA II,ORHIONMWON,6.34604600,6.06058163,35858
12,13,02,013,12/13/02/013,"OPEN SPACE BY COMMUNITY BOREHOLE, EVBOHEN",AIBIOKUNLA II,ORHIONMWON,6.31435713,5.98384168,633784
12,13,02,014,12/13/02/014,"IRU TOWN HALL, IRU",AIBIOKUNLA II,ORHIONMWON,6.32456324,6.03035487,633785
12,13,02,015,12/13/02/015,"ODIONZA P/S, OZA",AIBIOKUNLA II,ORHIONMWON,6.34355665,6.05302524,633786
12,13,02,016,12/13/02/016,"OHENSA TOWN HALL, OZA",AIBIOKUNLA II,ORHIONMWON,6.34075680,6.05442440,633787
12,13,02,017,12/13/02/017,"NEW HEALTH CENTRE ALONG EVBOANOSA-IGBANKE RD, OZA",AIBIOKUNLA II,ORHIONMWON,6.34594510,6.06057000,633788
12,13,02,018,12/13/02/018,"NEW TOWN HALL BY POSTAL AGENCY, OZA",AIBIOKUNLA II,ORHIONMWON,6.34687300,6.06122250,633789
12,13,02,020,12/13/02/020,"OZA GRAMMAR SCHOOL I, OZA,  STAFF QUARTERS, OZA",AIBIOKUNLA II,ORHIONMWON,6.34890920,6.06595300,633791
12,13,02,021,12/13/02/021,"OZA GRAMMAR SCHOOL II, OZA",AIBIOKUNLA II,ORHIONMWON,6.34881355,6.06682480,633792
12,13,02,022,12/13/02/022,"OPEN SPACE BY FORMER MODERN SCHOOL, OZA",AIBIOKUNLA II,ORHIONMWON,6.34961160,6.06222820,633793
12,13,03,001,12/13/03/001,ELAKA P/S. IDUNMUNLAKA  I,UGBEKA,ORHIONMWON,6.15397705,6.07350048,35859
12,13,03,002,12/13/03/002,ELAKA P/S. IDUNMUNLAKA   II,UGBEKA,ORHIONMWON,6.15397783,6.07350338,35860
12,13,03,003,12/13/03/003,"UGBEKA COLLEGE, EVBOEHIGHE  I",UGBEKA,ORHIONMWON,6.15223676,6.05723642,35861
12,13,03,004,12/13/03/004,"UGBEKA COLLEGE, EVBOEHIGHE  II",UGBEKA,ORHIONMWON,6.15224286,6.05722757,35862
12,13,03,005,12/13/03/005,"EVBOEGHAE P/S,  EVBOEGHAE I",UGBEKA,ORHIONMWON,6.15386263,6.06427448,35863
12,13,03,006,12/13/03/006,"EVBOEGHAE P/S,  EVBOEGHAE  II",UGBEKA,ORHIONMWON,6.15424822,6.06478002,35864
12,13,03,007,12/13/03/007,EGUAOGIEGHAE TOWN HALL,UGBEKA,ORHIONMWON,6.17818294,6.08144791,35865
12,13,03,008,12/13/03/008,"OKUOR P/S, OKUOR I",UGBEKA,ORHIONMWON,6.18462840,6.08357769,35866
12,13,03,009,12/13/03/009,"OKUOR P/S, OKUOR  II",UGBEKA,ORHIONMWON,6.18647998,6.08362079,35867
12,13,03,010,12/13/03/010,"IDUNMWONGO P/S,  IDUNMWONGO",UGBEKA,ORHIONMWON,6.18424025,6.08364241,35868
12,13,03,011,12/13/03/011,"OTOBAYE P/S, OTOBAYE",UGBEKA,ORHIONMWON,6.20015612,6.10609071,35869
12,13,03,012,12/13/03/012,"OHEZE P/S, UTE - OTEZE  I",UGBEKA,ORHIONMWON,6.24032082,6.07281118,35870
12,13,03,013,12/13/03/013,"OHEZE P/S, UTE - OTEZE  II",UGBEKA,ORHIONMWON,6.24032197,6.07279517,35871
12,13,03,014,12/13/03/014,"ADOLO P/S, OHEZE - NAKA  I",UGBEKA,ORHIONMWON,6.20352086,6.02037343,35872
12,13,03,015,12/13/03/015,"ADOLO P/S, OHEZE - NAKA   II",UGBEKA,ORHIONMWON,6.20349234,6.02041201,35873
12,13,03,016,12/13/03/016,"OLOTEN P/S, OLOTEN, OLOTEN  I",UGBEKA,ORHIONMWON,6.22246339,6.08348067,35874
12,13,03,017,12/13/03/017,"OLOTEN P/SCH. OLOTEN, OLOTEN  II",UGBEKA,ORHIONMWON,6.22276791,6.08291820,35875
12,13,03,018,12/13/03/018,EVBOMEDE P/SCH.  EVBOMEDE,UGBEKA,ORHIONMWON,6.23625371,6.09052188,35876
12,13,03,019,12/13/03/019,"USON P/SCH.,  USON",UGBEKA,ORHIONMWON,6.23613533,6.07429269,35877
12,13,03,021,12/13/03/021,"OBAGIE P/SCH.,  OBAGIE",UGBEKA,ORHIONMWON,6.25921025,6.03636236,35879
12,13,03,022,12/13/03/022,UTE-OHEZE PRIMARY HEALTH CARE CENTER,UGBEKA,ORHIONMWON,6.23941130,6.06664690,633807
12,13,04,001,12/13/04/001,"EVBOBEMWEN P/SCH.,  EVBOBEMWEN  I",IYOBA,ORHIONMWON,6.13259479,6.06236591,35880
12,13,04,002,12/13/04/002,"EVBOBEMWEN P/SCH., EVBOBEMWEN   II",IYOBA,ORHIONMWON,6.13258871,6.06237120,35881
12,13,04,003,12/13/04/003,"EVBOBEMWEN P/SCH.,  EVBOBEMWEN III",IYOBA,ORHIONMWON,6.13259755,6.06236066,35882
12,13,04,004,12/13/04/004,"EVBOKABUA P/SCHOL,  EVBOKABUA  I",IYOBA,ORHIONMWON,6.12322423,6.08095273,35883
12,13,04,005,12/13/04/005,"EVBOKABUA P/SCHOOL,  EVBOKABUA   II",IYOBA,ORHIONMWON,6.12325890,6.08089163,35884
12,13,04,006,12/13/04/006,"EVBOKABUA P/SCHOOL,  EVBOKABUA    III",IYOBA,ORHIONMWON,6.12326826,6.08088187,35885
12,13,04,007,12/13/04/007,"IYOBA PRY. SCH., EVBODODIAN I",IYOBA,ORHIONMWON,6.12327353,6.08086622,35886
12,13,04,008,12/13/04/008,"IYOBA PRY. SCH., EVBODODIAN II",IYOBA,ORHIONMWON,6.12327960,6.08089115,35887
12,13,04,009,12/13/04/009,"EVBOKABUAP/SCHOOL,  EVBOKABUA  VI",IYOBA,ORHIONMWON,6.12326764,6.08088554,35888
12,13,04,010,12/13/04/010,OTOBAYE II VILLAGE HALL I,IYOBA,ORHIONMWON,6.13096560,6.08306317,35889
12,13,04,011,12/13/04/011,OTOBAYE II VILLAGE HALL  II,IYOBA,ORHIONMWON,6.13065598,6.08285011,35890
12,13,04,012,12/13/04/012,UGBOKHIRIMA P/SCHOOL I,IYOBA,ORHIONMWON,6.14400698,6.03849145,35891
12,13,04,013,12/13/04/013,UGBOKHIRIMA P/SCHOOL  II,IYOBA,ORHIONMWON,6.14400768,6.03848619,35892
12,13,04,014,12/13/04/014,"EGBOKOR P/SCH.,  EGBOKOR I",IYOBA,ORHIONMWON,6.11661462,6.02488909,35893
12,13,04,015,12/13/04/015,"EGBOKOR P/SCH.,  EGBOKOR  II",IYOBA,ORHIONMWON,6.11661997,6.02488633,35894
12,13,04,016,12/13/04/016,"IYOBA PRY. SCH., EVBODODIAN III",IYOBA,ORHIONMWON,6.12397491,6.08093999,633804
12,13,04,017,12/13/04/017,EVBOKABUA PRIMARY HEALTH CARE CENTER,IYOBA,ORHIONMWON,6.11758330,6.07940309,633805
12,13,04,018,12/13/04/018,EGBOKOR COMMUNITY TOWN HALL,IYOBA,ORHIONMWON,6.11512590,6.02671280,633806
12,13,05,001,12/13/05/001,"ADANAKO P/SCHOOL,  UGO",UGBOKO,ORHIONMWON,6.08795828,6.00009744,35895
12,13,05,002,12/13/05/002,"OLD COUNCIL HALL, UGO",UGBOKO,ORHIONMWON,6.09093677,6.00406762,35896
12,13,05,003,12/13/05/003,"OLD DISPENSARY,  UGO",UGBOKO,ORHIONMWON,6.08795331,6.00009833,35897
12,13,05,004,12/13/05/004,"UGBUKUEN P/SCHOOL , UGO I",UGBOKO,ORHIONMWON,6.08271133,5.99189056,35898
12,13,05,005,12/13/05/005,"UGBUKUEN P/SCHOOL,  UGO  II",UGBOKO,ORHIONMWON,6.08270886,5.99188738,35899
12,13,05,006,12/13/05/006,"IBIEGUAE VILLAGE SQUARE, UGO",UGBOKO,ORHIONMWON,6.09136150,5.99949985,35900
12,13,05,007,12/13/05/007,UGBUGO P/SCHOOL UGBUGO I,UGBOKO,ORHIONMWON,6.12990942,6.00597445,35901
12,13,05,008,12/13/05/008,UGBUGO TOWN HALL I,UGBOKO,ORHIONMWON,6.12988215,6.00599089,35902
12,13,05,009,12/13/05/009,"UGBUGO P/SCHOOL,  UGBUGO II",UGBOKO,ORHIONMWON,6.12988856,6.00599429,35903
12,13,05,010,12/13/05/010,"UGBUGO,  UGBUGO TOWN HALL II",UGBOKO,ORHIONMWON,6.12988608,6.00595998,35904
12,13,05,011,12/13/05/011,"UGBOKO NIRO P/SCH. , UGBOKO NIRO I",UGBOKO,ORHIONMWON,6.13669342,5.95841265,35905
12,13,05,012,12/13/05/012,"UGBOKO NIRO P/SCH. , UGBOKO NIRO  II",UGBOKO,ORHIONMWON,6.13665628,5.95835878,35906
12,13,05,013,12/13/05/013,"UGBOKONIRO P/SCH. , UGBOKO NIRO  III",UGBOKO,ORHIONMWON,6.13685719,5.95840954,35907
12,13,05,014,12/13/05/014,"IKPEBA CAMP HALL, IKPEBA CAMP",UGBOKO,ORHIONMWON,6.11435009,5.95562843,35908
12,13,05,015,12/13/05/015,"OBOZOGBE- NIRO P/SCH. , UGBOKO - NIRO  I",UGBOKO,ORHIONMWON,6.13714722,5.93905544,35909
12,13,05,016,12/13/05/016,"OBOZOGBE- NIRO P/SCH. , UGBOKO - NIRO  II",UGBOKO,ORHIONMWON,6.13715947,5.93905392,35910
12,13,05,017,12/13/05/017,OBOZOGBE- NIRO P/SCH. UGBOKO - NIRO  III,UGBOKO,ORHIONMWON,6.13712919,5.93905003,35911
12,13,05,018,12/13/05/018,"OBOZOGBE- NIRO P/SCH. , UGBOKO - NIRO  IV",UGBOKO,ORHIONMWON,6.13714327,5.93904917,35912
12,13,05,019,12/13/05/019,OBOZOGBE NIRO P/SCH. UGBOKO - NIRO  V,UGBOKO,ORHIONMWON,6.13713890,5.93905297,35913
12,13,05,020,12/13/05/020,UGBOKO-NUMAGBAE P/SCH. UGBOKO NUMAGBAE  I,UGBOKO,ORHIONMWON,6.16321147,5.96528042,35914
12,13,05,021,12/13/05/021,"UGBOKO-NUMAGBAE P/SCH.,  UGBOKO NUMAGBAE   II",UGBOKO,ORHIONMWON,6.16393711,5.96598277,35915
12,13,05,022,12/13/05/022,"OTELEKU CAMP HALL,  OTELEKU",UGBOKO,ORHIONMWON,6.15606974,5.96043041,35916
12,13,05,023,12/13/05/023,"IDUNMEKE TOWN HALL, IDUNMEKE I",UGBOKO,ORHIONMWON,6.16915905,5.97964529,35917
12,13,05,024,12/13/05/024,"IDUNMEKE TOWN HALL, IDUNMEKE  II",UGBOKO,ORHIONMWON,6.16903562,5.97929922,35918
12,13,05,025,12/13/05/025,UGBIGHELE P/SCHOOL,UGBOKO,ORHIONMWON,6.15339256,5.95885627,35919
12,13,05,026,12/13/05/026,IGUODODO P/SCHOOL,UGBOKO,ORHIONMWON,6.22225365,6.00097386,35920
12,13,05,027,12/13/05/027,"ESO P/SCHOOL,  IDUMEBO I",UGBOKO,ORHIONMWON,6.19312618,6.00631447,35921
12,13,05,028,12/13/05/028,"ESO P/SCHOOL,  IDUMEBO  II",UGBOKO,ORHIONMWON,6.19312459,6.00631887,35922
12,13,05,029,12/13/05/029,UGO SKILL ACQUISITION CENTRE,UGBOKO,ORHIONMWON,6.09212150,6.00564300,633808
12,13,05,030,12/13/05/030,UGO HEALTH CENTER,UGBOKO,ORHIONMWON,6.09187070,6.00500780,633809
12,13,05,031,12/13/05/031,"ST JOHN BOSCO CATHOLIC COLLEGE, UGO",UGBOKO,ORHIONMWON,6.08409390,6.00050400,633810
12,13,05,032,12/13/05/032,"UGO MARKET, UGO",UGBOKO,ORHIONMWON,6.09124670,5.99957190,633811
12,13,05,033,12/13/05/033,"FAMILY HEALTH CENTER, IGUODODO",UGBOKO,ORHIONMWON,6.22176630,6.00173340,633812
12,13,06,001,12/13/06/001,"OKOGBO P/SCHOOL,  OKOGBO  I",UKPATO,ORHIONMWON,6.20317464,5.87430529,35923
12,13,06,002,12/13/06/002,"OKOGBO P/SCHOOL,  OKOGBO  II",UKPATO,ORHIONMWON,6.20280194,5.87422351,35924
12,13,06,003,12/13/06/003,EVBUEHIA VILLAE HALL,UKPATO,ORHIONMWON,6.19812730,5.87443955,35925
12,13,06,004,12/13/06/004,"IGUERE P/SCHOOL,  IGUERE  I",UKPATO,ORHIONMWON,6.18592092,5.88731808,35926
12,13,06,005,12/13/06/005,"IGUERE P/SCHOOL,  IGUERE  II",UKPATO,ORHIONMWON,6.18580962,5.88749678,35927
12,13,06,006,12/13/06/006,AVBIUGO PRIMARY SCHOOL,UKPATO,ORHIONMWON,6.20582413,5.83592620,35928
12,13,06,007,12/13/06/007,AGOWIE VILLAGE HALL,UKPATO,ORHIONMWON,6.19225438,5.80926151,35929
12,13,06,008,12/13/06/008,EVBARHUE P/SCHOOL EVBARHUE,UKPATO,ORHIONMWON,6.20827545,5.77301924,35930
12,13,06,009,12/13/06/009,IDU CITY HALL,UKPATO,ORHIONMWON,6.18884727,5.77716964,35931
12,13,06,010,12/13/06/010,IDUNMUMOWINA P/SCHOOL IDUNM-OWINA  I,UKPATO,ORHIONMWON,6.17319763,5.89893809,35932
12,13,06,011,12/13/06/011,"IDUNMUMOWINA P/SCHOOL,  IDUNM-OWINA   II",UKPATO,ORHIONMWON,6.17208405,5.89962073,35933
12,13,06,012,12/13/06/012,"IGBEKHUE P/SCHOOL,  IDUNMU-OWINA",UKPATO,ORHIONMWON,6.15385513,5.89839278,35934
12,13,06,013,12/13/06/013,"FORESTRY HALL , SAKPONBA",UKPATO,ORHIONMWON,6.14677960,5.81932728,35935
12,13,06,014,12/13/06/014,ONA TOWN HALL,UKPATO,ORHIONMWON,6.14387316,5.82221800,35936
12,13,06,015,12/13/06/015,PAMOL ESTATE HALL  I,UKPATO,ORHIONMWON,6.09960942,5.89912578,35937
12,13,06,016,12/13/06/016,PAMOL ESTATE HALL  II,UKPATO,ORHIONMWON,6.09959666,5.89948038,35938
12,13,06,017,12/13/06/017,PAMOL ESTATE HALL   III,UKPATO,ORHIONMWON,6.09951889,5.90045638,35939
12,13,06,018,12/13/06/018,"EVBUOSA P/SCHOOL EVBUOSA, IGUEMOKHUA",UKPATO,ORHIONMWON,6.10648853,5.89246577,35940
12,13,06,019,12/13/06/019,"ABE VILLAGE HALL, IGUEMOKHUA",UKPATO,ORHIONMWON,6.14776946,5.81834548,35941
12,13,06,020,12/13/06/020,IGUEMOKHUA P/SCHOOL IGUEMOKHUA,UKPATO,ORHIONMWON,6.14094667,5.82499516,35942
12,13,06,021,12/13/06/021,EVBUEKA VILLAGE HALL,UKPATO,ORHIONMWON,6.16206750,5.80423136,35943
12,13,06,022,12/13/06/022,"AIDEYANBA P/SCHOOL,  SAKPOBA I",UKPATO,ORHIONMWON,6.09969993,5.89556052,35944
12,13,06,023,12/13/06/023,"AIDEYANBA P/SCHOOL,  SAKPOBA  II",UKPATO,ORHIONMWON,6.10663297,5.89623742,35945
12,13,06,024,12/13/06/024,OKOGBO MIXED SECONDARY SCHOOL,UKPATO,ORHIONMWON,6.20711000,5.86688340,633818
12,13,06,025,12/13/06/025,"PRIMARY HEALTH CENTRE, EVBARUE",UKPATO,ORHIONMWON,6.20096800,5.76951650,633819
12,13,06,026,12/13/06/026,IDU TOWN HALL BY OLD ABRAKA ROAD,UKPATO,ORHIONMWON,6.18895002,5.77592189,633820
12,13,06,027,12/13/06/027,"PRIMARY HEALTH CARE CENTER, IGBEKHUE",UKPATO,ORHIONMWON,6.15483490,5.90036677,633821
12,13,07,001,12/13/07/001,IYOBASA P/SCHOOL UROMEHE I,URHONIGBE NORTH,ORHIONMWON,6.04717935,6.14459703,35946
12,13,07,002,12/13/07/002,IYOBASA P/SCHOOL UROMEHE II,URHONIGBE NORTH,ORHIONMWON,6.04718383,6.14459244,35947
12,13,07,003,12/13/07/003,IYOBASA P/SCHOOL UROMEHE III,URHONIGBE NORTH,ORHIONMWON,6.04718137,6.14458482,35948
12,13,07,004,12/13/07/004,IDUMWONGO P/SCHOOL URHONIGBE I,URHONIGBE NORTH,ORHIONMWON,5.98731007,6.17836879,35949
12,13,07,005,12/13/07/005,IDUMWONGO P/SCHOOL URHONIGBE II,URHONIGBE NORTH,ORHIONMWON,5.98731017,6.17837110,35950
12,13,07,006,12/13/07/006,IDUMWONGO P/SCHOOL URHONIGBE III,URHONIGBE NORTH,ORHIONMWON,5.98730944,6.17837682,35951
12,13,07,007,12/13/07/007,IDUMWONGO P/SCHOOL URHONIGBE IV,URHONIGBE NORTH,ORHIONMWON,5.98730941,6.17838222,35952
12,13,07,008,12/13/07/008,AKUGBE PRIMARY SCHOOL I,URHONIGBE NORTH,ORHIONMWON,5.98942357,6.17944872,35953
12,13,07,009,12/13/07/009,AKUGBE PRIMARY SCHOOL II,URHONIGBE NORTH,ORHIONMWON,5.98942661,6.17944980,35954
12,13,07,010,12/13/07/010,AKUGBE PRIMARY SCHOOL  III,URHONIGBE NORTH,ORHIONMWON,5.98951101,6.17905631,35955
12,13,07,011,12/13/07/011,OLD MODERN,URHONIGBE NORTH,ORHIONMWON,5.99650686,6.17719306,35956
12,13,07,012,12/13/07/012,OVBIEBO CAMP SQUARE,URHONIGBE NORTH,ORHIONMWON,6.05246399,6.15305764,35957
12,13,07,013,12/13/07/013,ESTATE QUARTERS,URHONIGBE NORTH,ORHIONMWON,5.94705364,6.19000697,35958
12,13,07,014,12/13/07/014,IDALE P/SCHOOL IDALE,URHONIGBE NORTH,ORHIONMWON,5.95256321,6.18798445,35959
12,13,07,015,12/13/07/015,URHOMEHE PRIMARY HEALTH CENTRE,URHONIGBE NORTH,ORHIONMWON,6.04844400,6.14261990,633822
12,13,07,016,12/13/07/016,URHOMEHE- MARKET SQUARE,URHONIGBE NORTH,ORHIONMWON,6.04819650,6.14493180,633823
12,13,07,017,12/13/07/017,IYOBASA P/ SCHOOL UROMEHE IV,URHONIGBE NORTH,ORHIONMWON,6.04765305,6.14373185,633824
12,13,07,018,12/13/07/018,IDUMWUGHA TOWN HALL,URHONIGBE NORTH,ORHIONMWON,5.99238610,6.18309990,633825
12,13,07,019,12/13/07/019,IDUMWONGO  -SMALL MARKET SQUARE,URHONIGBE NORTH,ORHIONMWON,5.99743560,6.18793080,633826
12,13,08,001,12/13/08/001,OKARO P/SCHOOL URHONIGBE   I,URHONIGBE SOUTH,ORHIONMWON,5.98320968,6.17589334,35960
12,13,08,002,12/13/08/002,OKARO P/SCHOOL URHONIGBE    II,URHONIGBE SOUTH,ORHIONMWON,5.98321041,6.17589700,35961
12,13,08,003,12/13/08/003,OKARO P/SCHOOL URHONIGBE    III,URHONIGBE SOUTH,ORHIONMWON,5.98320220,6.17588913,35962
12,13,08,004,12/13/08/004,EGBO STREET SQUARE,URHONIGBE SOUTH,ORHIONMWON,5.98573626,6.18316208,35963
12,13,08,005,12/13/08/005,UMUGBO SQUARE,URHONIGBE SOUTH,ORHIONMWON,5.98299679,6.17961497,35964
12,13,08,006,12/13/08/006,UMUGBO TOWN HALL,URHONIGBE SOUTH,ORHIONMWON,5.98286922,6.17952276,35965
12,13,08,007,12/13/08/007,"OLD COUNCIL HALL, URHONIGBE",URHONIGBE SOUTH,ORHIONMWON,5.97682210,6.17999100,35966
12,13,08,008,12/13/08/008,UMWENI CAMP HALL,URHONIGBE SOUTH,ORHIONMWON,5.96058374,6.18529272,35967
12,13,08,009,12/13/08/009,EDOGUN P/SCHOOL HALL  I,URHONIGBE SOUTH,ORHIONMWON,5.98161323,6.17076562,35968
12,13,08,010,12/13/08/010,EDOGUN P/SCHOOL HALL   II,URHONIGBE SOUTH,ORHIONMWON,5.98161461,6.17077393,35969
12,13,08,011,12/13/08/011,EDOGUN P/SCHOOL HALL   III,URHONIGBE SOUTH,ORHIONMWON,5.98161851,6.17077780,35970
12,13,08,012,12/13/08/012,EDOGUN P/SCHOOL HALL    IV,URHONIGBE SOUTH,ORHIONMWON,5.98162872,6.17077277,35971
12,13,08,013,12/13/08/013,ENIGBE P/SCHOOL HALL      V,URHONIGBE SOUTH,ORHIONMWON,5.98537679,6.17363356,35972
12,13,08,014,12/13/08/014,ENIGBE P/SCHOOL HALL      VI,URHONIGBE SOUTH,ORHIONMWON,5.98538332,6.17363255,35973
12,13,08,015,12/13/08/015,ENIGBE P/SCHOOL HALL      VII,URHONIGBE SOUTH,ORHIONMWON,5.98538728,6.17362978,35974
12,13,08,016,12/13/08/016,URHONIGBE PRIMARY HEALTH CENTER,URHONIGBE SOUTH,ORHIONMWON,5.98355300,6.17791200,633827
12,13,08,017,12/13/08/017,"GENERAL HOSPITAL, URHONIGBE",URHONIGBE SOUTH,ORHIONMWON,5.97461110,6.18184690,633828
12,13,08,018,12/13/08/018,"DISTRICT CUSTOMARY COURT, URHONIGBE",URHONIGBE SOUTH,ORHIONMWON,5.97677840,6.18019240,633829
12,13,09,001,12/13/09/001,"UMOGHUN - NOKHUA P/SCH,  UMOGHUN-NOKHUA  I",UGU,ORHIONMWON,5.94459898,5.96659769,35975
12,13,09,002,12/13/09/002,"UMOGUHN - NOKHUA P/SCH , UMOGHUN - NOKHUA  II",UGU,ORHIONMWON,5.94319107,5.96648555,35976
12,13,09,003,12/13/09/003,"OBOWEN P/SCHOOL,  OLOGBO",UGU,ORHIONMWON,5.89643174,5.97647841,35977
12,13,09,004,12/13/09/004,OBOZOGBE - NUGU PRIMARY SCHO0L  I,UGU,ORHIONMWON,6.02318673,5.94301811,35978
12,13,09,005,12/13/09/005,OBOZOGBE - NUGU PRIMARY SCHO0L  II,UGU,ORHIONMWON,6.02319052,5.94302008,35979
12,13,09,006,12/13/09/006,"IGUELABA P/SCHOO,  IGUELABA  I",UGU,ORHIONMWON,5.95586612,5.85518598,35980
12,13,09,007,12/13/09/007,"IGUELABA P/SCHOOL,  IGUELABA  II",UGU,ORHIONMWON,5.95586584,5.85517109,35981
12,13,09,008,12/13/09/008,NEW MARKET SQUARE - IGUELABA,UGU,ORHIONMWON,5.95594381,5.85556633,35982
12,13,09,009,12/13/09/009,"UKPAKELE TOWN HALL,  UKPAKELE",UGU,ORHIONMWON,5.95967765,5.85924636,35983
12,13,09,010,12/13/09/010,"OBEN P/SCHOOL,  URHEHUE - OBEN",UGU,ORHIONMWON,5.99692510,5.89858763,35984
12,13,09,011,12/13/09/011,"URHEHUE P/SCHOOL, URHEHUE",UGU,ORHIONMWON,5.96520331,5.99783505,35985
12,13,09,012,12/13/09/012,"HEALTH CENTRE, URHEHUE",UGU,ORHIONMWON,5.96599757,5.99814692,35986
12,13,09,013,12/13/09/013,"IKOBI P/SCHOOL, IKOBI",UGU,ORHIONMWON,6.00666443,5.92680149,35987
12,13,09,014,12/13/09/014,"ESOE P/SCHOOL, OROGHO",UGU,ORHIONMWON,5.88100652,5.95503495,35988
12,13,09,015,12/13/09/015,HEALTH CENTRE OROGHO,UGU,ORHIONMWON,5.88100466,5.95505163,35989
12,13,09,016,12/13/09/016,OROGHO GRAMMAR SCHOOL,UGU,ORHIONMWON,5.87681796,5.95479593,35990
12,13,09,017,12/13/09/017,"OKHUERE P/SCHOOL,  OWUO - OROGHO",UGU,ORHIONMWON,5.88425951,5.94329254,35991
12,13,09,018,12/13/09/018,"OBANAKHORO P/SCHOOL,  OBANAKHORO",UGU,ORHIONMWON,5.88717493,5.94101542,35992
12,13,09,019,12/13/09/019,"UGBIGUN P/ SCHOOL,  UGBIGUN",UGU,ORHIONMWON,5.88471842,5.94207505,35993
12,13,09,020,12/13/09/020,"ATO P/SCHOOL, , IWEVBO",UGU,ORHIONMWON,5.88937884,5.94140160,35994
12,13,09,021,12/13/09/021,"OBAGIE P/SCHOOL,  OBAGIE   I",UGU,ORHIONMWON,5.87459870,5.95364501,35995
12,13,09,022,12/13/09/022,"OBAGIE P/SCHOOL,  OBAGIE  II",UGU,ORHIONMWON,5.87484854,5.95382846,35996
12,13,09,023,12/13/09/023,"UMOGHUN- NOKHUA P/ SCHOOL EXTENSION I, UMOGHUN-NOKHUA",UGU,ORHIONMWON,5.93616327,5.96489657,633813
12,13,09,024,12/13/09/024,"UMOGHUN-NOKHUA P/ SCHOOL EXTENSION II, UMOGHUN-NOKHUA",UGU,ORHIONMWON,5.93596185,5.96491668,633814
12,13,09,025,12/13/09/025,"MARKET SQUARE, OLOGBO",UGU,ORHIONMWON,5.89532380,5.97608140,633815
12,13,09,026,12/13/09/026,"UGO SECONDARY SCHOOL, UGO",UGU,ORHIONMWON,5.99931170,5.89808609,633816
12,13,09,027,12/13/09/027,"URHEHUE MARKET SQUARE, OPPOSITE HEALTH CENTER, URHEHUE.",UGU,ORHIONMWON,5.96957678,5.99886339,633817
12,13,10,001,12/13/10/001,IDUSI P/SCHOOL EVBOESI         I,EVBOESI,ORHIONMWON,5.96339541,6.02833819,35997
12,13,10,002,12/13/10/002,IDUSI P/SCHOOL EVBOESI          II,EVBOESI,ORHIONMWON,5.96294789,6.02833448,35998
12,13,10,003,12/13/10/003,OBAZAGBON - NUGU P/SCHOOL EVBOESI,EVBOESI,ORHIONMWON,6.03546188,6.08093826,35999
12,13,10,004,12/13/10/004,CAMP 34 SQUARE,EVBOESI,ORHIONMWON,6.04782533,6.08450405,36000
12,13,10,005,12/13/10/005,"AIWAGU ORE P/SCHOOL, EVBOESI           I",EVBOESI,ORHIONMWON,5.95913820,6.03093994,36001
12,13,10,006,12/13/10/006,"AIWAGU ORE P/SCHOOL, EVBOESI           II",EVBOESI,ORHIONMWON,5.95912646,6.03094213,36002
12,13,10,007,12/13/10/007,"AIWAGU ORE P/SCHOOL, EVBOESI            III",EVBOESI,ORHIONMWON,5.95910051,6.03093530,36003
12,13,10,008,12/13/10/008,"EVEONOGBON TOWN HALL, EVEONOGBON",EVBOESI,ORHIONMWON,5.88876110,6.04985598,36004
12,13,10,009,12/13/10/009,OGBA - NUGU P/SCHOOL,EVBOESI,ORHIONMWON,6.06700051,6.11839025,36005
12,13,10,010,12/13/10/010,OGBA - NUGU TOWN HALL  I,EVBOESI,ORHIONMWON,6.06699628,6.11842257,36006
12,13,10,011,12/13/10/011,OGBA - NUGU TOWN HALL    II,EVBOESI,ORHIONMWON,6.06701907,6.11839144,36007
12,13,10,012,12/13/10/012,UMOGHUA - ZUAGBOR P/SCHOOL   I,EVBOESI,ORHIONMWON,6.05348914,6.05756706,36008
12,13,10,013,12/13/10/013,UMOGHUA - ZUAGBOR P/SCHOOL    II,EVBOESI,ORHIONMWON,6.05348139,6.05756532,36009
12,13,10,014,12/13/10/014,EVBOESI PRIMARY HEALTH CARE CENTER,EVBOESI,ORHIONMWON,5.96598000,6.02456140,633794
12,13,10,015,12/13/10/015,EVBOESI GRAMMAR SCHOOL,EVBOESI,ORHIONMWON,5.97205460,6.03378150,633795
12,13,10,016,12/13/10/016,OBAZAGBON OLD MARKET,EVBOESI,ORHIONMWON,6.03811190,6.08023750,633796
12,13,10,017,12/13/10/017,EVBOESI MARKET SQUARE,EVBOESI,ORHIONMWON,5.96526220,6.02765370,633797
12,13,10,018,12/13/10/018,EVBOESI TOWN HALL,EVBOESI,ORHIONMWON,5.96581500,6.02485170,633798
12,13,11,001,12/13/11/001,"AKE P/SCHOOL AKE, IGBANKE   I",IGBANKE EAST,ORHIONMWON,6.34799644,6.20882691,36010
12,13,11,002,12/13/11/002,"AKE P/SCHOOL AKE, IGBANKE   II",IGBANKE EAST,ORHIONMWON,6.34798579,6.20883497,36011
12,13,11,003,12/13/11/003,IGBANKE GRAMMER SCHOOL,IGBANKE EAST,ORHIONMWON,6.35633527,6.20733923,36012
12,13,11,004,12/13/11/004,AGUBA HALL OZUKE,IGBANKE EAST,ORHIONMWON,6.35415702,6.20812204,36013
12,13,11,005,12/13/11/005,"OBIOGBA P/SCHOOL, AKE  I",IGBANKE EAST,ORHIONMWON,6.35137463,6.21428450,36014
12,13,11,006,12/13/11/006,"OBIOGBA P/SCHOOL, AKE   II",IGBANKE EAST,ORHIONMWON,6.35137570,6.21427862,36015
12,13,11,007,12/13/11/007,OMU-OGBA HALL,IGBANKE EAST,ORHIONMWON,6.35415338,6.20813158,36016
12,13,11,008,12/13/11/008,"WIRE - AKE P/SCHOOL, WIRE - AKE I",IGBANKE EAST,ORHIONMWON,6.35057948,6.23148553,36017
12,13,11,009,12/13/11/009,"WIRE - AKE P/SCHOOL, WIRE - AKE  II",IGBANKE EAST,ORHIONMWON,6.35061459,6.23150476,36018
12,13,11,010,12/13/11/010,ENOGIE P/SCHOOL OLIGIE   I,IGBANKE EAST,ORHIONMWON,6.33104902,6.22111689,36019
12,13,11,011,12/13/11/011,ENOGIE P/SCHOOL OLIGIE    II,IGBANKE EAST,ORHIONMWON,6.33103827,6.22109663,36020
12,13,11,012,12/13/11/012,BENIN BAPTIST SCHOOL OLIGIE,IGBANKE EAST,ORHIONMWON,6.33104730,6.22111461,36021
12,13,11,013,12/13/11/013,OSAFILE P/SCHOOL OTTAH I,IGBANKE EAST,ORHIONMWON,6.30632669,6.20891934,36022
12,13,11,014,12/13/11/014,"AGUBA HALL, OTTAH",IGBANKE EAST,ORHIONMWON,6.31386916,6.21142378,36023
12,13,11,015,12/13/11/015,"OSAFILE P/SCHOOL, OTTAH",IGBANKE EAST,ORHIONMWON,6.30641241,6.20888303,36024
12,13,11,016,12/13/11/016,"OPEN SPACE BY AGUBA HALL, AKE",IGBANKE EAST,ORHIONMWON,6.34652660,6.20999980,633799
12,13,11,017,12/13/11/017,"OLIGIE VILLAGE HALL, OLIGIE ( BENIN BAPTIST SCHOOL)",IGBANKE EAST,ORHIONMWON,6.33274810,6.22195747,633800
12,13,11,018,12/13/11/018,OTTAH PRY SCHOOL BY CATHOLIC CHURCH,IGBANKE EAST,ORHIONMWON,6.31241220,6.20902970,633801
12,13,12,001,12/13/12/001,"IGBONTOR P/SCHOOL,  IGBONTOR I",IGBANKE WEST,ORHIONMWON,6.35266428,6.20269471,36025
12,13,12,002,12/13/12/002,"IGBONOR P/SCHOOL,  IGBONTOR   II",IGBANKE WEST,ORHIONMWON,6.35379282,6.20158428,36026
12,13,12,003,12/13/12/003,"CENTRAL P/SCHOOL, IGBANKE   I",IGBANKE WEST,ORHIONMWON,6.35144707,6.19902180,36027
12,13,12,004,12/13/12/004,"CENTRAL P/SCHOOL, IGBANKE   II",IGBANKE WEST,ORHIONMWON,6.35145166,6.19903822,36028
12,13,12,005,12/13/12/005,"IDUMU - IRU COMM. HALL, IDUMU IRU   I",IGBANKE WEST,ORHIONMWON,6.35447516,6.18671180,36029
12,13,12,006,12/13/12/006,"IDUMU - IRU COMM. HALL, IDUMU IRU  II",IGBANKE WEST,ORHIONMWON,6.35547144,6.18713274,36030
12,13,12,007,12/13/12/007,"ENOGIE P/SCHOO, L OMOLUA   I",IGBANKE WEST,ORHIONMWON,6.35923766,6.17954922,36031
12,13,12,008,12/13/12/008,"ENOGIE P/SCHOOL,  OMOLUA   II",IGBANKE WEST,ORHIONMWON,6.35924907,6.17955492,36032
12,13,12,009,12/13/12/009,OMOLUA COMM. HALL  I,IGBANKE WEST,ORHIONMWON,6.35740110,6.18424364,36033
12,13,12,010,12/13/12/010,OMOLUA COMM. HALL   II,IGBANKE WEST,ORHIONMWON,6.35901583,6.18369897,36034
12,13,12,011,12/13/12/011,OMOLUA COMM. HALL    III,IGBANKE WEST,ORHIONMWON,6.35932931,6.18237111,36035
12,13,12,012,12/13/12/012,"ONUIYI P/SCHOOL,  ONUIYI       I",IGBANKE WEST,ORHIONMWON,6.37881483,6.14021328,36036
12,13,12,013,12/13/12/013,"ONUIYI P/SCHOOL,  ONUIYI        II",IGBANKE WEST,ORHIONMWON,6.37881161,6.14021432,36037
12,13,12,014,12/13/12/014,"COMMUNITY HALL, IDUMODIN   I",IGBANKE WEST,ORHIONMWON,6.34510485,6.20461158,36038
12,13,12,015,12/13/12/015,"OGODINEZE HALL, IDUMODIN    II",IGBANKE WEST,ORHIONMWON,6.34543951,6.20368269,36039
12,13,12,016,12/13/12/016,"OROGHO GRAMMAR SCHOOL, OROGHO",IGBANKE WEST,ORHIONMWON,6.36048665,6.18273890,36040
12,13,12,017,12/13/12/017,"IDUMODIN P/SCHOOL, IDUMODIN III (COMMUNITY HALL)",IGBANKE WEST,ORHIONMWON,6.33921340,6.21122494,633802
12,13,12,018,12/13/12/018,"MARKET SQUARE, IDUMODIN IV",IGBANKE WEST,ORHIONMWON,6.34463662,6.20476987,633803
12,14,01,001,12/14/01/001,"OKADA,  IKALADERHAN PRIMARY SCHOOL I",OKADA WEST,OVIA NORTH EAST,6.73301182,5.38890189,36041
12,14,01,002,12/14/01/002,"OKADA,  IKALADERHAN PRIMARY SCHOOL  II",OKADA WEST,OVIA NORTH EAST,6.73313889,5.38862927,36042
12,14,01,003,12/14/01/003,"OKADA,  OKADA GRAMMAR SCHOOL   I",OKADA WEST,OVIA NORTH EAST,6.73659420,5.39486506,36043
12,14,01,004,12/14/01/004,"OKADA,  OKADA GRAMMAR SCHOOL   II",OKADA WEST,OVIA NORTH EAST,6.73665865,5.39464411,36044
12,14,01,005,12/14/01/005,"IGUOMO,  OVONRAMWEN PRIMARY SCHOOL",OKADA WEST,OVIA NORTH EAST,6.74498425,5.41837027,36045
12,14,01,006,12/14/01/006,IKALADERHAN PRIMARY SCHOOL III,OKADA WEST,OVIA NORTH EAST,6.73317661,5.00000000,633890
12,14,01,007,12/14/01/007,"OKADA COMMUNITY TOWN HALL, I",OKADA WEST,OVIA NORTH EAST,6.73545008,5.38930994,633891
12,14,01,008,12/14/01/008,"OKADA COMMUNITY TOWN HALL, II",OKADA WEST,OVIA NORTH EAST,6.73540313,5.38939275,633892
12,14,01,009,12/14/01/009,"OPEN SPACE, MARKET SQUARE, OKADA",OKADA WEST,OVIA NORTH EAST,6.73398837,5.38997718,633893
12,14,01,010,12/14/01/010,OPEN SPACE BY HEALTH CENTER JUNCTION,OKADA WEST,OVIA NORTH EAST,6.73101334,5.38750682,633894
12,14,01,011,12/14/01/011,OPEN SPACE BY IYARO QUARTERS I,OKADA WEST,OVIA NORTH EAST,6.73001744,5.38715344,633895
12,14,01,012,12/14/01/012,OPEN SPACE BY IYARO QUARTERS II,OKADA WEST,OVIA NORTH EAST,6.73007104,5.38718998,633896
12,14,01,013,12/14/01/013,OKADA PRIMARY HEALTH CARE CENTER I,OKADA WEST,OVIA NORTH EAST,6.73165330,5.38644500,633897
12,14,01,014,12/14/01/014,OKADA PRIMARY HEALTH CARE CENTER II,OKADA WEST,OVIA NORTH EAST,6.73168127,5.38652014,633898
12,14,01,015,12/14/01/015,OKADA GRAMMAR SCH III,OKADA WEST,OVIA NORTH EAST,6.73529250,5.39369863,633899
12,14,01,016,12/14/01/016,"OPEN SPACE IN FRONT OF SKILL ACQUISITION CENTER I, OKADA",OKADA WEST,OVIA NORTH EAST,6.73891654,5.39710913,633900
12,14,01,017,12/14/01/017,"OPEN SPACE IN FRONT OF SKILL ACQUISITION CENTER II, OKADA",OKADA WEST,OVIA NORTH EAST,6.73909434,5.39711013,633901
12,14,01,018,12/14/01/018,"OPEN SPACE BY CAC CHURCH, OKADA",OKADA WEST,OVIA NORTH EAST,6.73817170,5.40629167,633902
12,14,01,019,12/14/01/019,"NIGERIA POST OFFICE I, OKADA",OKADA WEST,OVIA NORTH EAST,6.73472600,5.39390154,633903
12,14,01,020,12/14/01/020,"NIGERIA POST OFFICE II, OKADA",OKADA WEST,OVIA NORTH EAST,6.73466426,5.39679526,633904
12,14,01,021,12/14/01/021,OPEN SPACE BY UWAILA STREET I,OKADA WEST,OVIA NORTH EAST,6.73728330,5.39221342,633905
12,14,01,022,12/14/01/022,OPEN SPACE BY UWAILA STREET II,OKADA WEST,OVIA NORTH EAST,6.73729755,5.39217152,633906
12,14,01,023,12/14/01/023,"OPEN SPACE BY OSATOHAMWEN JUNCTION I, OKADA",OKADA WEST,OVIA NORTH EAST,6.73933170,5.39194658,633907
12,14,01,024,12/14/01/024,"OPEN SPACE BY OSATOHAMWEN JUNCTION, II, OKADA",OKADA WEST,OVIA NORTH EAST,6.73927314,5.39108489,633908
12,14,01,025,12/14/01/025,"OPEN SPACE BY GOSPEL FAITH MISSION, OKADA",OKADA WEST,OVIA NORTH EAST,6.73927047,5.39319176,633909
12,14,01,026,12/14/01/026,OPEN SPACE -OKADA HIGH COURT ROAD,OKADA WEST,OVIA NORTH EAST,6.73807182,5.39716009,633910
12,14,01,027,12/14/01/027,"OVORAMWEN PRIMARY SCHOOL II, IGUOMO",OKADA WEST,OVIA NORTH EAST,6.74536159,5.41830830,633911
12,14,01,028,12/14/01/028,"OVORAMWEN PRIMARY SCHOOL III, IGUOMO",OKADA WEST,OVIA NORTH EAST,6.74557169,5.41841157,633912
12,14,01,029,12/14/01/029,IGUOMO HEALTH CENTRE I,OKADA WEST,OVIA NORTH EAST,6.74814310,5.42175159,633913
12,14,01,030,12/14/01/030,IGUOMO HEALTH CENTER II,OKADA WEST,OVIA NORTH EAST,6.74813877,5.42193901,633914
12,14,02,001,12/14/02/001,"UGBOKUN, UGBOKUN PRIMARY SCHOOL",OKADA EAST,OVIA NORTH EAST,6.60924129,5.46301341,36046
12,14,02,002,12/14/02/002,"IYANOMO, IYANOMO PRIMARY SCHOOL",OKADA EAST,OVIA NORTH EAST,6.60704121,5.48299344,36047
12,14,02,003,12/14/02/003,IGUIYE - OBANOSA PRIMARY SCHOOL,OKADA EAST,OVIA NORTH EAST,6.56777275,5.50044610,36048
12,14,02,004,12/14/02/004,"IGUOBO , OBOH PRIMARY SCHOOL  I",OKADA EAST,OVIA NORTH EAST,6.64381508,5.44207300,36049
12,14,02,005,12/14/02/005,"IGUOBO,  OBOH PRIMARY SCHOOL  II",OKADA EAST,OVIA NORTH EAST,6.64412350,5.44168636,36050
12,14,02,006,12/14/02/006,"ISIUWA,  EHIAGHE PRIMARY SCHOOL",OKADA EAST,OVIA NORTH EAST,6.60312132,5.42642196,36051
12,14,02,007,12/14/02/007,"EGBOHA ,  EGBOHA",OKADA EAST,OVIA NORTH EAST,6.66764475,5.37595316,36052
12,14,02,008,12/14/02/008,UGBOKUN PRIMARY SCHOOL II,OKADA EAST,OVIA NORTH EAST,6.60906450,5.46298180,633882
12,14,02,009,12/14/02/009,IGUIYE - OBANOSA PRIMARY SCHOOL II,OKADA EAST,OVIA NORTH EAST,6.56749346,5.50053008,633883
12,14,02,010,12/14/02/010,ULAKPA COMMUNITY HALL,OKADA EAST,OVIA NORTH EAST,6.66476670,5.46014000,633884
12,14,02,011,12/14/02/011,OGHOBAGHAHON HEALTH CENTER,OKADA EAST,OVIA NORTH EAST,6.62071830,5.45741000,633885
12,14,02,012,12/14/02/012,"ISIUWA COMMUNITY TOWN HALL, ISIUWA",OKADA EAST,OVIA NORTH EAST,6.60581304,5.42080846,633886
12,14,02,013,12/14/02/013,"UGBOKUN II, TOWN HALL",OKADA EAST,OVIA NORTH EAST,6.59525500,5.43622670,633887
12,14,02,014,12/14/02/014,EGBOHA PRIMARY SCHOOL I,OKADA EAST,OVIA NORTH EAST,6.65965320,5.37971200,633888
12,14,02,015,12/14/02/015,"EGBOHA COMMUNITY TOWN HALL, EGBOHA",OKADA EAST,OVIA NORTH EAST,6.66777796,5.37670590,633889
12,14,03,001,12/14/03/001,"EGBETA, EGBETA P/SCHOOL  I",UHEN,OVIA NORTH EAST,6.78859534,5.51158975,36053
12,14,03,002,12/14/03/002,"EGBETA, EGBETA P/SCHOOL   II",UHEN,OVIA NORTH EAST,6.78849986,5.51141431,36054
12,14,03,003,12/14/03/003,"UTESSE, OGIYAN PRIMARY SCHOOL",UHEN,OVIA NORTH EAST,6.78886048,5.50428613,36055
12,14,03,004,12/14/03/004,UGBUWE EGHIANRUWA PRIMARY SCHOOL,UHEN,OVIA NORTH EAST,6.79202992,5.46830959,36056
12,14,03,005,12/14/03/005,"UHEN, HEALTH CENTRE",UHEN,OVIA NORTH EAST,6.76746179,5.54035296,36057
12,14,03,006,12/14/03/006,"UHEN, ARAZUWA PRIMARY SCHOOL",UHEN,OVIA NORTH EAST,6.76643660,5.53329425,36058
12,14,03,007,12/14/03/007,"OGBESSE, EDAIKEN PRIMARY SCHOOL",UHEN,OVIA NORTH EAST,6.76200710,5.55846199,36059
12,14,03,008,12/14/03/008,"OLUMOYE,  OSE PRIMARY SCHOOL",UHEN,OVIA NORTH EAST,6.68827058,5.56721489,36060
12,14,03,009,12/14/03/009,"EGBETA MARKET SQUARE, EGBETA",UHEN,OVIA NORTH EAST,6.78946817,5.51380500,633954
12,14,03,010,12/14/03/010,EGBETA HEALTH CENTER,UHEN,OVIA NORTH EAST,6.78491320,5.51597670,633955
12,14,03,011,12/14/03/011,"EGBETA SECONDARY SCHOOL, EGBETA",UHEN,OVIA NORTH EAST,6.78075845,5.51680170,633956
12,14,03,012,12/14/03/012,"EGBETA COMMUNITY TOWN HALL, EGBETA",UHEN,OVIA NORTH EAST,6.78893516,5.51468340,633957
12,14,03,013,12/14/03/013,"UTESSE, OGIYAN PRIMARY SCHOOL II",UHEN,OVIA NORTH EAST,6.78890480,5.50441650,633958
12,14,03,014,12/14/03/014,UTESSE SECONDARY SCHOOL,UHEN,OVIA NORTH EAST,6.79386510,5.50237490,633959
12,14,03,015,12/14/03/015,UTESSE TOWN HALL,UHEN,OVIA NORTH EAST,6.78778050,5.50514820,633960
12,14,03,016,12/14/03/016,"UGBUWE, EGHIANRUWA PRIMARY SCHOOL II",UHEN,OVIA NORTH EAST,6.79175980,5.46847940,633961
12,14,03,017,12/14/03/017,AGIDIGBI PRIMARY SCHOOL-AGHENOKPE,UHEN,OVIA NORTH EAST,6.77499670,5.74694670,633962
12,14,03,018,12/14/03/018,UHEN HEALTH CENTER II,UHEN,OVIA NORTH EAST,6.76763530,5.54032280,633963
12,14,03,019,12/14/03/019,"UHEN, ARAZUWA PRIMARY SCHOOL II",UHEN,OVIA NORTH EAST,6.76659480,5.53388260,633964
12,14,03,020,12/14/03/020,UHEN TOWN HALL,UHEN,OVIA NORTH EAST,6.76586970,5.53247680,633965
12,14,03,021,12/14/03/021,OGBESSE SECONDARY SCHOOL,UHEN,OVIA NORTH EAST,6.76277704,5.55079490,633966
12,14,03,022,12/14/03/022,OLUMOYE HEALTH CENTER,UHEN,OVIA NORTH EAST,6.70409500,5.54903670,633967
12,14,04,001,12/14/04/001,"EKIADOLOR, OPPOSITE COLLEGE OF EDUCATION I",ADOLOR,OVIA NORTH EAST,6.49273383,5.59347436,36061
12,14,04,002,12/14/04/002,"EKIADOLOR, OPPOSITE COLLEGE OF EDUCATION  II",ADOLOR,OVIA NORTH EAST,6.49274223,5.59355871,36062
12,14,04,003,12/14/04/003,EKIADOLOR COOPERATIVE HOUSE,ADOLOR,OVIA NORTH EAST,6.49457811,5.58631761,36063
12,14,04,004,12/14/04/004,EKIADOLOR ADOLOR PRMARY SCHOOL,ADOLOR,OVIA NORTH EAST,6.49373260,5.58435825,36064
12,14,04,005,12/14/04/005,EKIADOLOR EKIADOLOR SEC. SCHOOL,ADOLOR,OVIA NORTH EAST,6.50003245,5.58732936,36065
12,14,04,006,12/14/04/006,"OVBIOGIE,  EKHIBI PRIMARY SCHOOL  I",ADOLOR,OVIA NORTH EAST,6.47224391,5.58681248,36066
12,14,04,007,12/14/04/007,"OVBIOGIE,  EKHIBI PRIMARY SCHOOL   II",ADOLOR,OVIA NORTH EAST,6.47252237,5.58701758,36067
12,14,04,008,12/14/04/008,"OVBIOGIE,  EKHIBI PRIMARY SCHOOL    III",ADOLOR,OVIA NORTH EAST,6.47225014,5.58660200,36068
12,14,04,009,12/14/04/009,"ISIUKHUKHU , OBANOKHUA PRIMARY SCHOOL",ADOLOR,OVIA NORTH EAST,6.52976094,5.59125622,36069
12,14,04,010,12/14/04/010,"ORA-IFON,  EZOMO COLLEGE",ADOLOR,OVIA NORTH EAST,6.46978948,5.60081940,36070
12,14,04,011,12/14/04/011,"IYOWA, EZUWARHA PRIMARY SCHOOL",ADOLOR,OVIA NORTH EAST,6.47990608,5.60337098,36071
12,14,04,012,12/14/04/012,EKO-ABETU ELUKOTUN PIMARY SCHOOL,ADOLOR,OVIA NORTH EAST,6.50020027,5.61111294,36072
12,14,04,013,12/14/04/013,"UKPOKE,  UKPOKE VILLAGE HALL",ADOLOR,OVIA NORTH EAST,6.47588090,5.60490489,36073
12,14,04,014,12/14/04/014,"UTEKON,  ISE PRIMARY SCHOOL I",ADOLOR,OVIA NORTH EAST,6.47384659,5.61168265,36074
12,14,04,015,12/14/04/015,"UTEKON,  ISE PRIMARY SCHOOL  II",ADOLOR,OVIA NORTH EAST,6.47286159,5.61432627,36075
12,14,04,016,12/14/04/016,"UTEKON,  ISE PRIMARY SCHOOL   III",ADOLOR,OVIA NORTH EAST,6.47410118,5.61057974,36076
12,14,04,018,12/14/04/018,"COMMUNITY TOWN HALL I, EKIADOLOR",ADOLOR,OVIA NORTH EAST,6.49532667,5.58651720,633831
12,14,04,019,12/14/04/019,"COMMUNITY TOWN HALL II, EKIADOLOR",ADOLOR,OVIA NORTH EAST,6.49520175,5.58640502,633832
12,14,04,020,12/14/04/020,EKIADOLOR COPERATATIVE HOUSE II,ADOLOR,OVIA NORTH EAST,6.49380496,5.53620654,633833
12,14,04,021,12/14/04/021,"EKIADOLOR, ADOLOR PRIMARY SCHOOL II",ADOLOR,OVIA NORTH EAST,6.49392988,5.58448657,633834
12,14,04,022,12/14/04/022,EKIADOLOR PRIMARY HEALTH CARE CENTER,ADOLOR,OVIA NORTH EAST,6.48897995,5.58135634,633835
12,14,04,023,12/14/04/023,EKIADOLOR SECONDARY SCHOOL II,ADOLOR,OVIA NORTH EAST,6.49933680,5.58696494,633836
12,14,04,024,12/14/04/024,"OPEN SPACE BY THE TRANSFORMER, OVBIOGIE",ADOLOR,OVIA NORTH EAST,6.47465157,5.58674999,633837
12,14,04,025,12/14/04/025,OVBIOGIE PRIMARY HEALTH CARE CENTER I,ADOLOR,OVIA NORTH EAST,6.47668337,5.58650525,633838
12,14,04,026,12/14/04/026,OVBIOGIE PRIMARY HEALTH CARE CENTER II,ADOLOR,OVIA NORTH EAST,6.47000000,5.58646670,633839
12,14,04,027,12/14/04/027,"OVBIOGIE COMMUNITY TOWN HALL, I",ADOLOR,OVIA NORTH EAST,6.47353588,5.58484364,633840
12,14,04,028,12/14/04/028,OVBIOGIE COMMUNITY TOWN HALL II,ADOLOR,OVIA NORTH EAST,6.47546211,5.58473501,633841
12,14,04,029,12/14/04/029,OTOFURE COMMUNITY TOWN HALL,ADOLOR,OVIA NORTH EAST,6.46284004,5.59761498,633842
12,14,04,030,12/14/04/030,"IYOWA, EZUWARHA PRIMARY SCHOOL II",ADOLOR,OVIA NORTH EAST,6.48002672,5.60327511,633843
12,14,04,031,12/14/04/031,"IYOWA COMMUNITY TOWN HALL I, IYOWA",ADOLOR,OVIA NORTH EAST,6.47609472,5.60432822,633844
12,14,04,032,12/14/04/032,"IYOWA COMMUNITY TOWN HALL II, IYOWA",ADOLOR,OVIA NORTH EAST,6.47623830,5.60422998,633845
12,14,04,033,12/14/04/033,"UTEKON, ISE SECONDARY SCHOOL",ADOLOR,OVIA NORTH EAST,6.45546814,5.62639777,633846
12,14,05,001,12/14/05/001,IWU EGBAEN PRIMARY SCHOOL    I,OFUNMWEGBE,OVIA NORTH EAST,6.49891689,5.56974589,36077
12,14,05,002,12/14/05/002,IWU EGBAEN PRIMARY SCHOOL    II,OFUNMWEGBE,OVIA NORTH EAST,6.49893184,5.56982908,36078
12,14,05,003,12/14/05/003,IWU EGBAEN PRIMARY SCHOOL    III,OFUNMWEGBE,OVIA NORTH EAST,6.49892279,5.56975300,36079
12,14,05,004,12/14/05/004,IWU EGBAEN PRIMARY SCHOOL     IV,OFUNMWEGBE,OVIA NORTH EAST,6.49876628,5.57021592,36080
12,14,05,005,12/14/05/005,IWU EGBAEN PRIMARY SCHOOL      V,OFUNMWEGBE,OVIA NORTH EAST,6.49886024,5.56997298,36081
12,14,05,006,12/14/05/006,IGUOSAGIE OHENHEN PRIMARY SCHOOL  I,OFUNMWEGBE,OVIA NORTH EAST,6.50218007,5.52004554,36082
12,14,05,007,12/14/05/007,IGUOSAGIE OHENHEN PRIMARY SCHOOL   II,OFUNMWEGBE,OVIA NORTH EAST,6.50233961,5.52016778,36083
12,14,05,008,12/14/05/008,OFUNMWENGBE IKUOBASE PRIMARY SCHOOL,OFUNMWEGBE,OVIA NORTH EAST,6.54345117,5.52987581,36084
12,14,05,009,12/14/05/009,IZAKAGBO COMMUNITY TOWN HALL,OFUNMWEGBE,OVIA NORTH EAST,6.50898610,5.56032658,633863
12,14,05,010,12/14/05/010,IWU COMMUNITY TOWN HALL,OFUNMWEGBE,OVIA NORTH EAST,6.49921654,5.56807816,633864
12,14,05,011,12/14/05/011,"IWU PRIMARY HEALTH CARE CENTER, IWU",OFUNMWEGBE,OVIA NORTH EAST,6.49996673,5.56874603,633865
12,14,05,012,12/14/05/012,"IGUERO, OBA EWUARE II PRIMARY SCHOOL I",OFUNMWEGBE,OVIA NORTH EAST,6.51231837,5.55310003,633866
12,14,05,013,12/14/05/013,"IGUERO, OBA EWUARE II PRIMARY SCHOOL II",OFUNMWEGBE,OVIA NORTH EAST,6.51240332,5.55300182,633867
12,14,05,014,12/14/05/014,IGUERO COMMUNITY TOWN HALL,OFUNMWEGBE,OVIA NORTH EAST,6.51111315,5.55487163,633868
12,14,05,015,12/14/05/015,"OGUA SECONDARY SCHOOL, OGUA",OFUNMWEGBE,OVIA NORTH EAST,6.52649678,5.53904828,633869
12,14,06,001,12/14/06/001,OKHUMWUN ELABA PRIMARY SCHOOL,OLUKU,OVIA NORTH EAST,6.44535845,5.57376841,36085
12,14,06,002,12/14/06/002,"OLUKU,  ERESOYEN PRIMARY SCHOOL  I",OLUKU,OVIA NORTH EAST,6.44873233,5.59734223,36086
12,14,06,003,12/14/06/003,"OLUKU,  ERESOYEN PRIMARY SCHOOL   II",OLUKU,OVIA NORTH EAST,6.44888404,5.59725358,36087
12,14,06,004,12/14/06/004,"OLUKU , ERESOYEN PRIMARY SCHOOL   III",OLUKU,OVIA NORTH EAST,6.44902924,5.59713207,36088
12,14,06,005,12/14/06/005,"ISIOHOR,  ARMY CHILDREN SCHOOL   I",OLUKU,OVIA NORTH EAST,6.40629749,5.59692241,36089
12,14,06,006,12/14/06/006,"ISIOHOR,  ARMY CHILDREN SCHOOL  II",OLUKU,OVIA NORTH EAST,6.40658655,5.59755683,36090
12,14,06,007,12/14/06/007,"IDUNMWOWINA,  OWINA PRIMARY SCHOOL",OLUKU,OVIA NORTH EAST,6.43020054,5.59959326,36091
12,14,06,008,12/14/06/008,"UGBOWO,  UNIBEN STAFF SCHOOL   I",OLUKU,OVIA NORTH EAST,6.40402854,5.61657487,36092
12,14,06,009,12/14/06/009,"UGBOWO,  UNIBEN STAFF SCHOOL   II",OLUKU,OVIA NORTH EAST,6.40435928,5.61680912,36093
12,14,06,010,12/14/06/010,"UGBOWO,  UNIBEN STAFF SCHOOL III",OLUKU,OVIA NORTH EAST,6.40425938,5.61672900,36094
12,14,06,011,12/14/06/011,"EKOSODIN,  EKOSODIN PRIMARY SCHOOL  I",OLUKU,OVIA NORTH EAST,6.40866779,5.62726970,36095
12,14,06,012,12/14/06/012,"EKOSODIN,  EKOSODIN PRIMARY SCHOOL   II",OLUKU,OVIA NORTH EAST,6.40849838,5.62659925,36096
12,14,06,013,12/14/06/013,"EKOSODIN,  EKOSODIN PRIMARY SCHOOL    III",OLUKU,OVIA NORTH EAST,6.40846467,5.62682007,36097
12,14,06,014,12/14/06/014,"ELABA PRIMARY SCHOOL II, OKHUNMWUN",OLUKU,OVIA NORTH EAST,6.44484186,5.57373326,633921
12,14,06,015,12/14/06/015,"ELABA PRIMARY SCHOOL III, OKHUNMWUN",OLUKU,OVIA NORTH EAST,6.44715930,5.57366520,633922
12,14,06,016,12/14/06/016,"OLUKU COMMUNITY TOWN HALL I, OLUKU",OLUKU,OVIA NORTH EAST,6.45085099,5.59083570,633923
12,14,06,017,12/14/06/017,"OLUKU COMMUNITY TOWN HALL II, OLUKU",OLUKU,OVIA NORTH EAST,6.45098953,5.97146920,633924
12,14,06,018,12/14/06/018,"OLUKU NEW MODERN TOWN HALL I, BY POWERLINE, OLUKU",OLUKU,OVIA NORTH EAST,6.44925318,5.58576833,633925
12,14,06,019,12/14/06/019,"OLUKU NEW MODERN TOWN HALL II, BY POWERLINE, OLUKU",OLUKU,OVIA NORTH EAST,6.44135779,5.58579180,633926
12,14,06,020,12/14/06/020,OPEN SPACE IN FRONT OF FEDERAL ROAD SAFETY OFFICE I,OLUKU,OVIA NORTH EAST,6.45859185,5.52772660,633927
12,14,06,021,12/14/06/021,OPEN SPACE IN FRONT OF FEDERAL ROAD SAFETY OFFICE II,OLUKU,OVIA NORTH EAST,6.48432170,5.59266827,633928
12,14,06,022,12/14/06/022,IGUOSA PRIMARY HEALTH CARE CENTER,OLUKU,OVIA NORTH EAST,6.44759507,5.60239501,633929
12,14,06,023,12/14/06/023,OLUKU PRIMARY HEALTH CARE CENTER I,OLUKU,OVIA NORTH EAST,6.45147332,5.59310183,633930
12,14,06,024,12/14/06/024,OLUKU PRIMARY HEALTH CARE CENTER II,OLUKU,OVIA NORTH EAST,6.45147765,5.59295867,633931
12,14,06,025,12/14/06/025,"ARMY CHILDREN SCHOOL III, ISIOHOR",OLUKU,OVIA NORTH EAST,6.40744251,5.59683178,633932
12,14,06,026,12/14/06/026,"EVBUOMORE PRIMARY SCHOOL, EVBUOMORE",OLUKU,OVIA NORTH EAST,6.43262371,5.62009994,633933
12,14,06,027,12/14/06/027,ISIOHOR COMMUNITY TOWN HALL  I,OLUKU,OVIA NORTH EAST,6.41744473,5.59262871,633934
12,14,06,028,12/14/06/028,ISIOHOR COMMUNITY TOWN HALL II,OLUKU,OVIA NORTH EAST,6.41751990,5.59264988,633935
12,14,06,029,12/14/06/029,"OPEN SPACE -AIBALEGBE ST BY 1ST POWERLINE, ISIOHOR",OLUKU,OVIA NORTH EAST,6.42214002,5.59273001,633936
12,14,06,030,12/14/06/030,"IDUNMWOWINA, OWINA PRIMARY SCHOOL II",OLUKU,OVIA NORTH EAST,6.43078343,5.59988178,633937
12,14,06,031,12/14/06/031,"OPEN SPACE ON OMOROGIEVA ST BY BELLO OSAGIE JUNCTION, IDUNMWOWINA",OLUKU,OVIA NORTH EAST,6.43087838,5.59977516,633938
12,14,06,032,12/14/06/032,IGUE-IHEYA COMMUNITY TOWN HALL,OLUKU,OVIA NORTH EAST,6.42907328,5.59277996,633939
12,14,06,033,12/14/06/033,EVBUOMORE COMMUNITY TOWN HALL,OLUKU,OVIA NORTH EAST,6.52501995,5.51789315,633940
12,14,06,034,12/14/06/034,"UNIBEN MOTOR PARK I, UGBOWO",OLUKU,OVIA NORTH EAST,6.40217495,5.60931511,633941
12,14,06,035,12/14/06/035,"UNIBEN MOTOR PARK II, UGBOWO",OLUKU,OVIA NORTH EAST,6.40188841,5.60937345,633942
12,14,06,036,12/14/06/036,"NIGERIA POST OFFICE I, UGBOWO",OLUKU,OVIA NORTH EAST,6.40042006,5.60850341,633943
12,14,06,037,12/14/06/037,"NIGERIA POST OFFICE II, UGBOWO",OLUKU,OVIA NORTH EAST,6.40028999,5.60840014,633944
12,14,06,038,12/14/06/038,"OPEN SPACE BY PALM ROYAL ROAD I, UGBOWO",OLUKU,OVIA NORTH EAST,6.40680854,5.60680562,633945
12,14,06,039,12/14/06/039,"OPEN SPACE BY PALM ROYAL ROAD II, UGBOWO",OLUKU,OVIA NORTH EAST,6.40668428,5.60666537,633946
12,14,06,040,12/14/06/040,"UNIBEN DEMONSTRATION SECONDARY SCHOOL I, UNIBEN",OLUKU,OVIA NORTH EAST,6.40639907,5.60857482,633947
12,14,06,041,12/14/06/041,"UNIBEN DEMONSTRATION  SECONDARY SCHOOL II, UGBOWO",OLUKU,OVIA NORTH EAST,6.40623542,5.60868982,633948
12,14,06,042,12/14/06/042,"OPEN SPACE, UNIBEN SPORTS COMPLEX, UGBOWO",OLUKU,OVIA NORTH EAST,6.39934153,5.61114505,633949
12,14,06,043,12/14/06/043,"EKOSODIN PRIMARY HEALTH CARE CENTER, EKOSODIN",OLUKU,OVIA NORTH EAST,6.41263486,5.62771171,633950
12,14,06,044,12/14/06/044,"EKOSODIN COMMUNITY TOWN HALL, EKOSODIN",OLUKU,OVIA NORTH EAST,6.40899870,5.62370986,633951
12,14,06,045,12/14/06/045,EGUAVOEN COMMUNITY TOWN HALL I,OLUKU,OVIA NORTH EAST,6.41796002,5.63414124,633952
12,14,06,046,12/14/06/046,EGUAVOEN COMMUNITY TOWN HALL II,OLUKU,OVIA NORTH EAST,6.41793670,5.63141819,633953
12,14,07,001,12/14/07/001,"OBAZUWA  II,  OBAZUWA  II",UHIERE,OVIA NORTH EAST,6.53493721,5.66057093,36098
12,14,07,002,12/14/07/002,"AIHUOBABEKUN,  CROWTHER PRIMARY SCHOOL",UHIERE,OVIA NORTH EAST,6.54000412,5.67939244,36099
12,14,07,003,12/14/07/003,"OBARENREN,  ODARO PRIMARY SCHOOL I",UHIERE,OVIA NORTH EAST,6.54411212,5.69186488,36100
12,14,07,004,12/14/07/004,"OBARENREN,  ODARO PRIMARY SCHOOL  II",UHIERE,OVIA NORTH EAST,6.54434348,5.69201796,36101
12,14,07,005,12/14/07/005,"OKHUEN CAMP,  OKHUEN CAMP",UHIERE,OVIA NORTH EAST,6.51608642,5.69936248,36102
12,14,07,006,12/14/07/006,OKHUO EREDIAUWA GRAMMAR. SCHOOL,UHIERE,OVIA NORTH EAST,6.53610520,5.69675988,36103
12,14,07,007,12/14/07/007,IDUMWENHIGIE IDUMWENHIGIE P/SCHOOL,UHIERE,OVIA NORTH EAST,6.55587061,5.72813575,36104
12,14,07,008,12/14/07/008,OSASIMWIONBA IMADIYI P/SCHOOL,UHIERE,OVIA NORTH EAST,6.56681191,5.74294172,36105
12,14,07,009,12/14/07/009,"EKO-EKPETIN, EKO-EKPETIN VILLAGE SQUARE",UHIERE,OVIA NORTH EAST,6.57102873,5.74481196,36106
12,14,07,010,12/14/07/010,"IGBEKHUE, OSARO P/SCHOOL",UHIERE,OVIA NORTH EAST,6.58699457,5.75184105,36107
12,14,07,011,12/14/07/011,"ODIGHI,  AMAYO PRIMARY SCHOOL I",UHIERE,OVIA NORTH EAST,6.64201593,5.76301842,36108
12,14,07,012,12/14/07/012,"ODIGHI,  AMAYO PRIMARY SCHOOL  II",UHIERE,OVIA NORTH EAST,6.64199058,5.76319792,36109
12,14,07,013,12/14/07/013,"ODIGUETUE,  EHI P/SCHOOL",UHIERE,OVIA NORTH EAST,6.67003428,5.76699716,36110
12,14,07,014,12/14/07/014,"UHIERE,  IKPESIRA P/SCHOOL",UHIERE,OVIA NORTH EAST,6.73053291,5.78855570,36111
12,14,07,015,12/14/07/015,"OWAN,  OWAN P/SCHOOL",UHIERE,OVIA NORTH EAST,6.75367160,5.77436935,36112
12,14,07,016,12/14/07/016,"AGBANIKAKA,  MARKET PLACE",UHIERE,OVIA NORTH EAST,6.78226320,5.77705393,36113
12,14,07,017,12/14/07/017,"OFITEBE , OFITEBE",UHIERE,OVIA NORTH EAST,6.76078185,5.76841342,36114
12,14,07,018,12/14/07/018,AIHUOBABEKUN CROWTHER PRIMARY SCHOOL II,UHIERE,OVIA NORTH EAST,6.54007989,5.67889329,633968
12,14,07,019,12/14/07/019,"OSASIMWIONBA, IMADIYI PRIMARY SCHOOL II",UHIERE,OVIA NORTH EAST,6.56660814,5.74283816,633969
12,14,07,020,12/14/07/020,"IKPESIRA PRIMARY SCHOOL II, UHIERE.",UHIERE,OVIA NORTH EAST,6.73075840,5.78850090,633970
12,14,07,021,12/14/07/021,OWAN PRIMARY SCHOOL II,UHIERE,OVIA NORTH EAST,6.75743341,5.76959655,633971
12,14,07,022,12/14/07/022,"UGBOKE, OWAN SECONDARY SCHOOL.",UHIERE,OVIA NORTH EAST,6.75357686,5.77387566,633972
12,14,08,001,12/14/08/001,"NIFOR,  ISIUWA P/SCHOOL    I",ISIUWA,OVIA NORTH EAST,6.53827576,5.62619686,36115
12,14,08,002,12/14/08/002,"NIFOR , ISIUWA P/SCHOOL   II",ISIUWA,OVIA NORTH EAST,6.53783499,5.62648128,36116
12,14,08,003,12/14/08/003,"NIFOR,  ISIUWA P/SCHOOL   III",ISIUWA,OVIA NORTH EAST,6.53796583,5.62623394,36117
12,14,08,004,12/14/08/004,"EVBONEKA,  AKUGBE P/SCHOOL",ISIUWA,OVIA NORTH EAST,6.55997727,5.62646163,36118
12,14,08,005,12/14/08/005,"EVBONEKA,  PAYNE P/SCHOOL",ISIUWA,OVIA NORTH EAST,6.51736455,5.62096530,36119
12,14,08,006,12/14/08/006,"UGBOGIOBO,  OGIOBO P/SCHOOL",ISIUWA,OVIA NORTH EAST,6.53036492,5.64528119,36120
12,14,08,007,12/14/08/007,"EKO-NOBORE,  NOBORE P/SCHOOL",ISIUWA,OVIA NORTH EAST,6.56352420,5.66344922,36121
12,14,08,008,12/14/08/008,"UWAN,  UWAN P/SCHOOL",ISIUWA,OVIA NORTH EAST,6.52267731,5.63743575,36122
12,14,08,009,12/14/08/009,"OZUGUO,  ESIGIE P/SCHOOL",ISIUWA,OVIA NORTH EAST,6.51825540,5.67225383,36123
12,14,08,010,12/14/08/010,"AZALAMA,  AZALAMA",ISIUWA,OVIA NORTH EAST,6.51937583,5.64951656,36124
12,14,08,011,12/14/08/011,"UNIARO,  ARO P/SCHOL",ISIUWA,OVIA NORTH EAST,6.50510966,5.63663248,36125
12,14,08,016,12/14/08/016,"UGBOGIOBO, COMMUNITY PRIMARY HEALTH CARE CENTER",ISIUWA,OVIA NORTH EAST,6.53215618,5.64531588,632273
12,14,08,012,12/14/08/012,"OPEN SPACE BY NIFOR GATE I, NIFOR",ISIUWA,OVIA NORTH EAST,6.53337162,5.62907602,633854
12,14,08,013,12/14/08/013,"OPEN SPACE BY NIFOR GATE II, NIFOR",ISIUWA,OVIA NORTH EAST,6.53346629,5.52911049,633855
12,14,08,014,12/14/08/014,"OPEN SPACE BY NIFOR JUNCTION, NIFOR",ISIUWA,OVIA NORTH EAST,6.52861498,5.63234154,633856
12,14,08,017,12/14/08/017,UWAN PRIMARY SCHOOL II,ISIUWA,OVIA NORTH EAST,6.52218841,5.63880332,633858
12,14,09,001,12/14/09/001,"OKOKHUO,  OKOKHUO P/SCHOOL I",OKOKHUO,OVIA NORTH EAST,6.58448174,5.60485763,36126
12,14,09,002,12/14/09/002,"OKOKHUO,  OKOKHUO P/SCHOOL II",OKOKHUO,OVIA NORTH EAST,6.58412218,5.60536898,36127
12,14,09,003,12/14/09/003,"OKOKHUO,  OKOKHUO P/SCHOOL  III",OKOKHUO,OVIA NORTH EAST,6.58421545,5.60524508,36128
12,14,09,004,12/14/09/004,"ABUMWENRE,  OZOLUA P/SCHOOL",OKOKHUO,OVIA NORTH EAST,6.55656608,5.59523013,36129
12,14,09,005,12/14/09/005,"ABUMWENRE,  TOWN HALL",OKOKHUO,OVIA NORTH EAST,6.55677491,5.59527290,36130
12,14,09,006,12/14/09/006,"AGEMOKPAE,  AGEMOKPAE",OKOKHUO,OVIA NORTH EAST,6.62397654,5.57440243,36131
12,14,09,007,12/14/09/007,"EMAH, EMAH P/SCHOOL",OKOKHUO,OVIA NORTH EAST,6.59507377,5.59491541,36132
12,14,09,008,12/14/09/008,"UGBOKE, UGBOKE PRY. SCH.",OKOKHUO,OVIA NORTH EAST,6.63878282,5.60380422,36133
12,14,09,009,12/14/09/009,"IGUOGHO, OGHO PRY. SCH.",OKOKHUO,OVIA NORTH EAST,6.64681915,5.60711789,36134
12,14,09,010,12/14/09/010,"AGEKPANU, ODIASE PRY. SCH.",OKOKHUO,OVIA NORTH EAST,6.69032095,5.56651397,36135
12,14,09,011,12/14/09/011,"UGBOKULI, UGBOKULI",OKOKHUO,OVIA NORTH EAST,6.65762523,5.57499673,36136
12,14,09,012,12/14/09/012,"IGUHORO, ORIRI PRIMARY SCHOOL",OKOKHUO,OVIA NORTH EAST,6.65684152,5.57492598,36137
12,14,09,013,12/14/09/013,OKOKHUO SECONDARY SCHOOL I,OKOKHUO,OVIA NORTH EAST,6.58970214,5.60678679,633915
12,14,09,014,12/14/09/014,OKOKHUO SECONDARY SCHOOL II,OKOKHUO,OVIA NORTH EAST,6.58407504,5.60562003,633916
12,14,09,015,12/14/09/015,"OKOKHUO PRIMARY HEALTH CARE CENTER,",OKOKHUO,OVIA NORTH EAST,6.58400676,5.60318828,633917
12,14,09,016,12/14/09/016,"OZOLUA PRIMARY SCHOOL II, ABUMWENRE,",OKOKHUO,OVIA NORTH EAST,6.55663140,5.59533014,633918
12,14,09,017,12/14/09/017,"EMAH PRIMARY SCHOOL II, EMAH",OKOKHUO,OVIA NORTH EAST,6.59489986,5.59500016,633919
12,14,09,018,12/14/09/018,"ODIASE PRIMARY SCHOOL II, AGEKPANU",OKOKHUO,OVIA NORTH EAST,6.69061266,5.56670889,633920
12,14,10,001,12/14/10/001,"IGUOGIE, IGUOGIE PRIMARY SCHOOL",OGHEDE,OVIA NORTH EAST,6.27858862,5.52837423,36138
12,14,10,002,12/14/10/002,"OROVIE, OGUN PRY. SCH.",OGHEDE,OVIA NORTH EAST,6.31226644,5.52173869,36139
12,14,10,003,12/14/10/003,"EVBORO, ADOLOR PRY. SCH.",OGHEDE,OVIA NORTH EAST,6.31299925,5.50551376,36140
12,14,10,004,12/14/10/004,"OBAZUWA, OBAZUWA PRY. SCH.",OGHEDE,OVIA NORTH EAST,6.27699568,5.52496172,36141
12,14,10,005,12/14/10/005,"IKORO, IKORO PRY. SCH.",OGHEDE,OVIA NORTH EAST,6.28350889,5.53332593,36142
12,14,10,006,12/14/10/006,"IGBOBI, NIKARO PRY. SCH.",OGHEDE,OVIA NORTH EAST,6.30880540,5.55846375,36143
12,14,10,007,12/14/10/007,"OGHEDE, OGHEDE PRY. SCH.",OGHEDE,OVIA NORTH EAST,6.29261626,5.54308717,36144
12,14,10,008,12/14/10/008,"AGIVBIIGIE,  AGIVBIIGIE",OGHEDE,OVIA NORTH EAST,6.30103727,5.55135615,36145
12,14,10,009,12/14/10/009,"IGO, IGO PRIMARY SCHOOL",OGHEDE,OVIA NORTH EAST,6.27494535,5.51989846,36146
12,14,10,010,12/14/10/010,"EKENWAN BARRACKS, ARMY CHILDRENS' SCHOOL I",OGHEDE,OVIA NORTH EAST,6.28177377,5.52018259,36147
12,14,10,011,12/14/10/011,"EKENWAN BARRACKS, ARMY CHILDRENS' SCHOOL  II",OGHEDE,OVIA NORTH EAST,6.28182251,5.52049164,36148
12,14,10,012,12/14/10/012,"EKENWAN BARRACKS, ARMY CHILDRENS' SCHOOL    III",OGHEDE,OVIA NORTH EAST,6.28108856,5.52240632,36149
12,14,10,013,12/14/10/013,"IGUEHIE, EDEGBE PRY. SCH.",OGHEDE,OVIA NORTH EAST,6.26976737,5.53062426,36150
12,14,10,014,12/14/10/014,"OKUNDAYE PRIMARY SCHOOL, EVBOLEKPEN",OGHEDE,OVIA NORTH EAST,6.29603982,5.50957789,633870
12,14,10,015,12/14/10/015,"IKORO PRIMARY HEALTH CARE CENTER, IKORO",OGHEDE,OVIA NORTH EAST,6.28157610,5.54518917,633871
12,14,10,016,12/14/10/016,"AGBONMWOMBA PRIMARY SCHOOL, AGBONMWOMBA",OGHEDE,OVIA NORTH EAST,6.27247290,5.44545330,633872
12,14,10,017,12/14/10/017,"OPEN SPACE, OZOMU",OGHEDE,OVIA NORTH EAST,6.25111760,5.45444100,633873
12,14,10,018,12/14/10/018,"OGHEDE SECONDARY SCHOOL, OGHEDE",OGHEDE,OVIA NORTH EAST,6.29702525,5.54853659,633874
12,14,10,019,12/14/10/019,"OGHEDE PRIMARY HEALTH CARE CENTER, OGHEDE",OGHEDE,OVIA NORTH EAST,6.29360673,5.54556839,633875
12,14,10,020,12/14/10/020,"AGIVBIIGIE II,  AGIVBIGIE",OGHEDE,OVIA NORTH EAST,6.30150215,5.55064816,633876
12,14,10,021,12/14/10/021,"EGBAEN COMMUNITY TOWN HALL , EGBAEN",OGHEDE,OVIA NORTH EAST,6.27018167,5.51198680,633877
12,14,10,022,12/14/10/022,"IGO PRIMARY SCHOOL II, IGO",OGHEDE,OVIA NORTH EAST,6.27492309,5.51949833,633878
12,14,10,023,12/14/10/023,IGO COMMUNITY TOWN HALL I,OGHEDE,OVIA NORTH EAST,6.27777652,5.27461800,633879
12,14,10,024,12/14/10/024,IGO COMMUNITY TOWN HALL II,OGHEDE,OVIA NORTH EAST,6.27767882,5.52735016,633880
12,14,10,025,12/14/10/025,"EDEGBE PRIMARY SCHOOL II, IGUIHIE",OGHEDE,OVIA NORTH EAST,6.26914985,5.53169332,633881
12,14,11,001,12/14/11/001,"URHUOKHOKHO, IKALADERHAN PRY. SCH",ODUNA,OVIA NORTH EAST,6.30057108,5.55430131,36151
12,14,11,002,12/14/11/002,"UGBINEH, AKEN PRY. SCH I",ODUNA,OVIA NORTH EAST,6.34052359,5.63194284,36152
12,14,11,003,12/14/11/003,"UGBINEH, AKEN PRY. SCH. II",ODUNA,OVIA NORTH EAST,6.33962303,5.63098795,36153
12,14,11,004,12/14/11/004,"ODUNA, EWEKA PRY. SCH.",ODUNA,OVIA NORTH EAST,6.32983904,5.59438440,36154
12,14,11,005,12/14/11/005,"EGHUDU, EGHUDU PRY. SCH.",ODUNA,OVIA NORTH EAST,6.32794625,5.58100209,36155
12,14,11,006,12/14/11/006,"EGBATAN, OTIKU PRY. SCH.",ODUNA,OVIA NORTH EAST,6.33218958,5.60161393,36156
12,14,11,007,12/14/11/007,"IKPAKO, OBANOSA PRY. SCH.",ODUNA,OVIA NORTH EAST,6.31468515,5.56205511,36157
12,14,11,008,12/14/11/008,EKENWAN OROGBUA P/SCHOOL,ODUNA,OVIA NORTH EAST,6.33482386,5.62564575,36158
12,14,11,009,12/14/11/009,"UGHOTON,  EREDIAUWA P/SCHOOL",ODUNA,OVIA NORTH EAST,6.31644271,5.56856359,36159
12,14,11,010,12/14/11/010,"EVBUOROKHO, EVBUOROKHO",ODUNA,OVIA NORTH EAST,6.28540484,5.53676760,36160
12,14,11,011,12/14/11/011,GELE-GELE OSA P/SCHOL,ODUNA,OVIA NORTH EAST,6.33605873,5.60931791,36161
12,14,11,012,12/14/11/012,DANIKORO DANIKORO P/ SCHOOL,ODUNA,OVIA NORTH EAST,6.32041256,5.57503841,36162
12,14,11,013,12/14/11/013,"SALLOGUN,  SALLOGUN",ODUNA,OVIA NORTH EAST,6.33440984,5.61591781,36163
12,14,11,014,12/14/11/014,IGUEHOLOR COMMUNITY TOWN HALL,ODUNA,OVIA NORTH EAST,6.17675720,5.45164150,633859
12,14,11,015,12/14/11/015,"IKPAKO OBANOSA PRIMARY SCHOOL II, IKPAKO",ODUNA,OVIA NORTH EAST,6.18283419,5.38350329,633860
12,14,11,016,12/14/11/016,"WALDEN PRIMARY SCHOOL, IBORO",ODUNA,OVIA NORTH EAST,6.21845633,5.37300000,633861
12,14,11,017,12/14/11/017,"IKPITI PRIMARY SCHOOL, GELE-GELE",ODUNA,OVIA NORTH EAST,6.14173598,5.34609280,633862
12,14,12,001,12/14/12/001,"IGUOSHODIN-NEBUDIN, IGUOSHODIN-NEBUDIN PRY SCH. I",IGUOSHODIN,OVIA NORTH EAST,6.45447261,5.53961584,36164
12,14,12,002,12/14/12/002,"PARKERS CAMP,  IGUOSHODIN NEBUDIN P/SCH.",IGUOSHODIN,OVIA NORTH EAST,6.45486786,5.53923321,36165
12,14,12,003,12/14/12/003,IYEKEZE  OBANOSA P/SCHOOL,IGUOSHODIN,OVIA NORTH EAST,6.46432793,5.52114785,36166
12,14,12,004,12/14/12/004,"AGBONMOBA,  OKUNGBOWA P/SCHOOL",IGUOSHODIN,OVIA NORTH EAST,6.47478074,5.48948253,36167
12,14,12,005,12/14/12/005,"OBAYANTOR, OBAKPOLOR P/SCHOOL",IGUOSHODIN,OVIA NORTH EAST,6.47265512,5.48518265,36168
12,14,12,006,12/14/12/006,IGUOSHODIN-NIGBEMABA - IGUOSHODIN-NIGBEMABA P/SCHOOL,IGUOSHODIN,OVIA NORTH EAST,6.39452057,5.52955109,36169
12,14,12,007,12/14/12/007,IGUESOGBAN- OSAYANDE PRIMARY SCHOOL,IGUOSHODIN,OVIA NORTH EAST,6.41579363,5.55871721,36170
12,14,12,008,12/14/12/008,"IGUZAMA ,  IGUZAMA PRIMARY SCHOOL",IGUOSHODIN,OVIA NORTH EAST,6.41964367,5.48524317,36171
12,14,12,009,12/14/12/009,"UNUAMEN,  ESIGIE PRIMARY SCHOOL",IGUOSHODIN,OVIA NORTH EAST,6.41061870,5.55265867,36172
12,14,12,010,12/14/12/010,"IGUADOLOR,  ARUOSA PRIMARY SCHOOL",IGUOSHODIN,OVIA NORTH EAST,6.42674789,5.55433626,36173
12,14,12,011,12/14/12/011,"UHOGUA,  UHOGUA PRIMARY SCHOOL",IGUOSHODIN,OVIA NORTH EAST,6.43123153,5.56576992,36174
12,14,12,012,12/14/12/012,"OGHEGHE,  OGHEGHE PRIMARY SCHOOL",IGUOSHODIN,OVIA NORTH EAST,6.40949544,5.55316123,36175
12,14,12,013,12/14/12/013,"OBAGIE,  EWEKA PRIMARY SCHOOL",IGUOSHODIN,OVIA NORTH EAST,6.41387008,5.53708736,36176
12,14,12,014,12/14/12/014,"IGUOSHODIN-NEBUDIN, IGUOSHODIN-NEBUDIN PRY SCH II",IGUOSHODIN,OVIA NORTH EAST,6.45538081,5.53944893,633847
12,14,12,015,12/14/12/015,OMI  COMMUNITY TOWN HALL,IGUOSHODIN,OVIA NORTH EAST,6.40873730,5.52415110,633848
12,14,12,016,12/14/12/016,"ARUOSA  PRIMARY SCHOOL II, IGUADOLOR",IGUOSHODIN,OVIA NORTH EAST,6.42354960,5.55433653,633849
12,14,12,017,12/14/12/017,UHOGUA- ERESOYEN PRIMARY SCHOOL II,IGUOSHODIN,OVIA NORTH EAST,6.43111327,5.56608362,633850
12,14,12,018,12/14/12/018,"EGBAEN PRIMARY SCHOOL, EGBAEN",IGUOSHODIN,OVIA NORTH EAST,6.40718332,5.57391331,633851
12,14,12,019,12/14/12/019,OGHEGHE PRIMARY SCHOOL II,IGUOSHODIN,OVIA NORTH EAST,6.41026429,5.55293684,633852
12,14,12,020,12/14/12/020,OBAGIE PRIMARY HEALTH CARE CENTER,IGUOSHODIN,OVIA NORTH EAST,6.41419180,5.53116838,633853
12,14,13,001,12/14/13/001,"OVAH,  OHEN-OSA PRIMARY SCHOOL I",UTOKA,OVIA NORTH EAST,6.38320422,5.55305017,36177
12,14,13,002,12/14/13/002,"OVAH,  OHEN-OSA PRIMARY SCHOOL  II",UTOKA,OVIA NORTH EAST,6.38311414,5.55340154,36178
12,14,13,003,12/14/13/003,"UTOKA,  ARUIGIE PRIMRY SCHOOL       I",UTOKA,OVIA NORTH EAST,6.37434526,5.52762896,36179
12,14,13,004,12/14/13/004,"UTOKA,  ARUIGIE PRIMARY SCHOOL    II",UTOKA,OVIA NORTH EAST,6.37482822,5.52726859,36180
12,14,13,005,12/14/13/005,"UTOKA,  ARUIGIE PRIMARY SCHOOL   III",UTOKA,OVIA NORTH EAST,6.37473938,5.52749539,36181
12,14,13,006,12/14/13/006,"ITE,  ITE PRIMARY SCHOOL",UTOKA,OVIA NORTH EAST,6.37517792,5.53472065,36182
12,14,13,007,12/14/13/007,AGIYOBA IMOSE PRIMARY SCHOOL,UTOKA,OVIA NORTH EAST,6.38079694,5.56724419,36183
12,14,13,008,12/14/13/008,"AGUWANGUE,  AGUWANGUE",UTOKA,OVIA NORTH EAST,6.37939118,5.56469027,36184
12,14,13,009,12/14/13/009,OVAH PRIMARY HEALTH CENTER I,UTOKA,OVIA NORTH EAST,6.38124682,5.55209320,633973
12,14,13,010,12/14/13/010,OVAH PRIMARY HEALTH CENTER II,UTOKA,OVIA NORTH EAST,6.38116686,5.55205665,633974
12,14,13,011,12/14/13/011,UTOKA COMMUNITY TOWN HALL,UTOKA,OVIA NORTH EAST,6.37446885,5.52975107,633975
12,14,13,012,12/14/13/012,UTOKA PRIMARY HEALTH CARE CENTER,UTOKA,OVIA NORTH EAST,6.57494660,5.52883174,633976
12,15,01,001,12/15/01/001,"IGUOBAZUWA, OZOLUA P/SCHOOL I",IGUOBAZUWA EAST,OVIA SOUTH WEST,6.56332391,5.35911639,36185
12,15,01,002,12/15/01/002,"IGUOBAZUWA, OZOLUA P/SCHOOL II",IGUOBAZUWA EAST,OVIA SOUTH WEST,6.56332382,5.35912085,36186
12,15,01,003,12/15/01/003,"IGUOBAZUWA, OZOLUA P/SCHOOL  III",IGUOBAZUWA EAST,OVIA SOUTH WEST,6.56332542,5.35911780,36187
12,15,01,004,12/15/01/004,"IGUOBAZUWA, OZOLUA P/SCHOOL  IV",IGUOBAZUWA EAST,OVIA SOUTH WEST,6.56332683,5.35912395,36188
12,15,01,005,12/15/01/005,"AIFESOBA,  AIFESOBA VILLAGE",IGUOBAZUWA EAST,OVIA SOUTH WEST,6.52428594,5.37631258,36189
12,15,01,006,12/15/01/006,"IGUOGUN, OBE P/SCHOOL",IGUOBAZUWA EAST,OVIA SOUTH WEST,6.56209787,5.31884840,36190
12,15,01,007,12/15/01/007,"IGUATAKPA I, OKUNZUWA P/SCHOOL",IGUOBAZUWA EAST,OVIA SOUTH WEST,6.56460125,5.30085387,36191
12,15,01,008,12/15/01/008,"IGUATAKPA  II ,  YORUBA CAMP",IGUOBAZUWA EAST,OVIA SOUTH WEST,6.60303996,5.28649553,36192
12,15,01,009,12/15/01/009,"OKUNZUWA,  OKUNZUWA VILLAGE",IGUOBAZUWA EAST,OVIA SOUTH WEST,6.56447696,5.29255969,36193
12,15,01,010,12/15/01/010,IGUOBAZUWA TOWNHALL,IGUOBAZUWA EAST,OVIA SOUTH WEST,6.55771159,5.35486065,633977
12,15,01,011,12/15/01/011,OPEN SPACE BY BOREHOLE AT IGUOBAZUWA NEW MARKET,IGUOBAZUWA EAST,OVIA SOUTH WEST,6.55512300,5.35421650,633978
12,15,01,012,12/15/01/012,"OPEN SPACE, IGUOBAZUWA PUBLIC FIELD",IGUOBAZUWA EAST,OVIA SOUTH WEST,6.56113500,5.36062103,633979
12,15,01,013,12/15/01/013,OPEN SPACE BY T_JUNCTION OLOGBOSERE QUATERS IGUOBAZUWA,IGUOBAZUWA EAST,OVIA SOUTH WEST,6.41093165,5.11311684,633980
12,15,01,014,12/15/01/014,OPEN SPACE LOCAL GOVERNMENT EDUCATION AUTHORITY IGUOBAZUWA,IGUOBAZUWA EAST,OVIA SOUTH WEST,6.56253327,5.36564346,633981
12,15,01,015,12/15/01/015,OPEN SPACE FARM ROAD JUNCTION IGUOGUN,IGUOBAZUWA EAST,OVIA SOUTH WEST,6.56265300,5.31668640,633982
12,15,01,016,12/15/01/016,IGUOGUN HEALTH POST,IGUOBAZUWA EAST,OVIA SOUTH WEST,6.56305850,5.31462750,633983
12,15,01,017,12/15/01/017,"OPEN SPACE BY PUBLIC TAP, IGUOGUN",IGUOBAZUWA EAST,OVIA SOUTH WEST,6.56216155,5.32070473,633984
12,15,01,018,12/15/01/018,OPEN SPACE BY THE JUNCTION OPP NEW APOSTOLIC CHURCH IGUOGUN,IGUOBAZUWA EAST,OVIA SOUTH WEST,6.56277670,5.32294330,633985
12,15,01,019,12/15/01/019,OSA PRIMARY SCHOOL IGUATAKPA II OGUNWALE,IGUOBAZUWA EAST,OVIA SOUTH WEST,6.59350500,5.28710330,633986
12,15,01,020,12/15/01/020,UBA PRIMARY SCHOOL IGUATAKPA III IJESHA VILLAGE,IGUOBAZUWA EAST,OVIA SOUTH WEST,6.62205730,5.27575150,633987
12,15,02,001,12/15/02/001,"IGUOBAZUWA,  IGUOBAZUWA G/S",IGUOBAZUWA WEST,OVIA SOUTH WEST,6.56711209,5.35395775,36194
12,15,02,002,12/15/02/002,"IGUOBAZUWA,  MIN. OF EDUCATION  I",IGUOBAZUWA WEST,OVIA SOUTH WEST,6.56654608,5.35421760,36195
12,15,02,003,12/15/02/003,"IGUOBAZUWA,  MIN. OF EDUCATION   II",IGUOBAZUWA WEST,OVIA SOUTH WEST,6.56655776,5.35423738,36196
12,15,02,004,12/15/02/004,"IGUOBAZUWA,  MIN. OF EDUCATION   III",IGUOBAZUWA WEST,OVIA SOUTH WEST,6.56657095,5.35424961,36197
12,15,02,005,12/15/02/005,"OBAZUMAMWEN,  OBAZUMAMWEN VILLAGE",IGUOBAZUWA WEST,OVIA SOUTH WEST,6.57846489,5.34188345,36198
12,15,02,006,12/15/02/006,"OKORO  II, OKORO P/SCHOOL",IGUOBAZUWA WEST,OVIA SOUTH WEST,6.58867718,5.33328688,36199
12,15,02,007,12/15/02/007,"OKOKPON,  OKOKPON P/SCHOOL",IGUOBAZUWA WEST,OVIA SOUTH WEST,6.60246291,5.32824134,36200
12,15,02,008,12/15/02/008,"OBARETIN,  OKPON P/SCHOOL",IGUOBAZUWA WEST,OVIA SOUTH WEST,6.63267128,5.33220536,36201
12,15,02,009,12/15/02/009,OPEN SPACE BY GENERAL HOSPITAL IGUOBAZUWA,IGUOBAZUWA WEST,OVIA SOUTH WEST,6.57208820,5.35163830,633988
12,15,02,010,12/15/02/010,OPEN SPACE BY ANGLICAN ROAD JUNCTION IGUOBAZUWA,IGUOBAZUWA WEST,OVIA SOUTH WEST,6.56787510,5.34937650,633989
12,15,02,011,12/15/02/011,IGUOBAZUWA MAGISTRATE COURT,IGUOBAZUWA WEST,OVIA SOUTH WEST,6.56463133,5.35366539,633990
12,15,02,012,12/15/02/012,OPEN SPACE BY LOCAL HOUSE IGUOBAZUWA,IGUOBAZUWA WEST,OVIA SOUTH WEST,6.56344657,5.35337500,633991
12,15,02,013,12/15/02/013,IGUOBAZUWA HEALTH CENTRE,IGUOBAZUWA WEST,OVIA SOUTH WEST,6.56523487,5.35413511,633992
12,15,02,014,12/15/02/014,OPEN SPACE BY POLICE BARRACKS IGUOBAZUWA,IGUOBAZUWA WEST,OVIA SOUTH WEST,6.56698650,5.35154170,633993
12,15,02,015,12/15/02/015,"IGUOBAZUWA SKILL ACQUISITION CENTRE, BY OLD MARKET",IGUOBAZUWA WEST,OVIA SOUTH WEST,6.56339760,5.35171140,633994
12,15,02,016,12/15/02/016,OPEN SPACE BESIDE THE TRANSFORMER IGUOBAZUWA JUCTION,IGUOBAZUWA WEST,OVIA SOUTH WEST,6.56335690,5.35102500,633995
12,15,02,017,12/15/02/017,OPEN SPACE IN FRONT OF BLESSED OSAGIE GROUP OF SCHOOL OBAZUMAMWEHI,IGUOBAZUWA WEST,OVIA SOUTH WEST,6.57596510,5.34493210,633996
12,15,02,018,12/15/02/018,"GOVERNMENT PRIMARY SCHOOL, OMORODION VILLAGE",IGUOBAZUWA WEST,OVIA SOUTH WEST,6.62182917,5.29932182,633997
12,15,02,019,12/15/02/019,"OPEN SPACE BY RURAL WATER PROJECT, OKOKPON",IGUOBAZUWA WEST,OVIA SOUTH WEST,6.59916160,5.32860750,633998
12,15,02,020,12/15/02/020,OPEN SPACE BY BENJOUR STREET JUCTION OBARETIN,IGUOBAZUWA WEST,OVIA SOUTH WEST,6.62683330,5.33194310,633999
12,15,02,021,12/15/02/021,OPEN SPACE BY 3RD JUCTION ODIONWERE STREET OKOKPON,IGUOBAZUWA WEST,OVIA SOUTH WEST,6.63240720,5.33121999,634000
12,15,03,001,12/15/03/001,"UMAZA,  ADOLO P/SCHOOL",UMAZA,OVIA SOUTH WEST,6.55318073,5.25759075,36202
12,15,03,002,12/15/03/002,"OBOBAIFO,  OBOBAIFO P/SCHOOL",UMAZA,OVIA SOUTH WEST,6.56826666,5.24499040,36203
12,15,03,003,12/15/03/003,ESSI UMOLUA P/SCHOOL,UMAZA,OVIA SOUTH WEST,6.56536066,5.23541001,36204
12,15,03,004,12/15/03/004,"SAYO,  SAYO VILLAGE",UMAZA,OVIA SOUTH WEST,6.55585087,5.20126039,36205
12,15,03,005,12/15/03/005,"IGUOSA , IGUOSA PRIMARY SCHOOL",UMAZA,OVIA SOUTH WEST,6.57980005,5.23073490,36206
12,15,03,006,12/15/03/006,"AIGUOBASIMWIN,  OHA P/SCHOOL",UMAZA,OVIA SOUTH WEST,6.57889603,5.18118567,36207
12,15,03,007,12/15/03/007,"OJUMU,  OKUA P/SCHOOL",UMAZA,OVIA SOUTH WEST,6.52304590,5.23279893,36208
12,15,03,008,12/15/03/008,"IGUELAIHO,  OBAHIAGBON P/SCHOOL",UMAZA,OVIA SOUTH WEST,6.49528743,5.22697951,36209
12,15,03,009,12/15/03/009,"UGBOKUA,  UGBOKUA VILLAGE",UMAZA,OVIA SOUTH WEST,6.50320367,5.25953783,36210
12,15,03,010,12/15/03/010,"IGUERHOHON,  AKUGBE P/SCHOOL I",UMAZA,OVIA SOUTH WEST,6.44706590,5.17033089,36211
12,15,03,011,12/15/03/011,"IGUERHOHON, AKUGBE P/SCHOOL  II",UMAZA,OVIA SOUTH WEST,6.44630343,5.17020014,36212
12,15,03,012,12/15/03/012,UMAZA SECONDARY SCHOOL,UMAZA,OVIA SOUTH WEST,6.54913997,5.26386503,634058
12,15,03,013,12/15/03/013,ELAIHO GRAMM SCHOOL IGUELAHO,UMAZA,OVIA SOUTH WEST,6.49503819,5.22885516,634059
12,15,03,014,12/15/03/014,OPEN SPACE BY ST. MATTHEW ANGLICAN CHURCH IGUELAIHO,UMAZA,OVIA SOUTH WEST,6.49160000,5.21226335,634060
12,15,03,015,12/15/03/015,"IGUOKAIKHEN PRY SCHOOL, IGUOKAKHEN",UMAZA,OVIA SOUTH WEST,6.47504667,5.22705507,634061
12,15,03,016,12/15/03/016,OPEN SPACE BY UNICEF WATER PROJECT AT IZIDE-NOKE COMMUNITY,UMAZA,OVIA SOUTH WEST,6.45177182,5.18682159,634062
12,15,04,001,12/15/04/001,"SILUKO,  SILUKO P/SCHOOL",SILUKO,OVIA SOUTH WEST,6.53557195,5.16299918,36213
12,15,04,002,12/15/04/002,"SILUKO,  SILUKO G/S",SILUKO,OVIA SOUTH WEST,6.53556835,5.16300829,36214
12,15,04,003,12/15/04/003,"SILUKO,  SILUKO POSTAL AGENCY",SILUKO,OVIA SOUTH WEST,6.53511896,5.16053926,36215
12,15,04,004,12/15/04/004,"ABIEYI, ABIEYI PRIMARY/SCHOOL  I",SILUKO,OVIA SOUTH WEST,6.59171191,5.21487127,36216
12,15,04,005,12/15/04/005,"ABIEYI , ABIEYI PRIMARY SCHOOL   II",SILUKO,OVIA SOUTH WEST,6.59171655,5.21487663,36217
12,15,04,006,12/15/04/006,"IGUAGBADO,  AGBADO P/SCHOOL",SILUKO,OVIA SOUTH WEST,6.43772708,5.14409049,36218
12,15,04,007,12/15/04/007,"MADAGBAYO,  OMOZAYE P/SCHOOL",SILUKO,OVIA SOUTH WEST,6.41045041,5.11152217,36219
12,15,04,008,12/15/04/008,"EJIDE WATER SIDE,  DAUYOMO P/SCHOOL",SILUKO,OVIA SOUTH WEST,6.46365794,5.13844584,36220
12,15,04,009,12/15/04/009,"GBELEMOTEN INLAND,  DOMINJU P/SCHOOL",SILUKO,OVIA SOUTH WEST,6.38904899,5.09981130,36221
12,15,04,010,12/15/04/010,"EJOR-OKOMU,  EJOR P/SCHOOL",SILUKO,OVIA SOUTH WEST,6.41017160,5.17603559,36222
12,15,04,011,12/15/04/011,"SAFAROGBO,  OHA P/SCHOOL",SILUKO,OVIA SOUTH WEST,6.38906244,5.09981002,36223
12,15,04,012,12/15/04/012,GBELEBU- GBELEBU P/SCHOOL,SILUKO,OVIA SOUTH WEST,6.39314822,5.10244097,36224
12,15,04,014,12/15/04/014,"OPEN SPACE NEAR MILLICENT PRIMARY SCHOOL, MARINDOTI-GBELEMOTEN",SILUKO,OVIA SOUTH WEST,6.34588487,5.09913515,634022
12,15,04,015,12/15/04/015,OPEN SPACE OKOMU IJAW COMMUNITY,SILUKO,OVIA SOUTH WEST,6.26655000,5.10657000,634023
12,15,04,016,12/15/04/016,"COMMUNITY SECONDARY SCHOOL, SAFAROGBO",SILUKO,OVIA SOUTH WEST,6.25317660,5.06420173,634024
12,15,04,017,12/15/04/017,GBELEBU SECONDARY SCH.,SILUKO,OVIA SOUTH WEST,6.39289532,5.10322988,634025
12,15,05,001,12/15/05/001,"UDO,  UDO MATERNITY   I",UDO,OVIA SOUTH WEST,6.48106889,5.36959519,36225
12,15,05,002,12/15/05/002,"UDO,  UDO MATERNITY   II",UDO,OVIA SOUTH WEST,6.48105457,5.36959177,36226
12,15,05,003,12/15/05/003,"UDO, UDO GRAMMAR SCHOOL",UDO,OVIA SOUTH WEST,6.48177576,5.36080861,36227
12,15,05,004,12/15/05/004,"UDO,  EZOTI P/SCHOOL  I",UDO,OVIA SOUTH WEST,6.47754435,5.35762380,36228
12,15,05,005,12/15/05/005,"UDO,  EZOTI P/SCHOOL   II",UDO,OVIA SOUTH WEST,6.47757286,5.35762906,36229
12,15,05,006,12/15/05/006,"UDO , EZOTI P/SCHOOL   III",UDO,OVIA SOUTH WEST,6.47753891,5.35759970,36230
12,15,05,007,12/15/05/007,"UDO,  COURT HALL",UDO,OVIA SOUTH WEST,6.47707308,5.35574774,36231
12,15,05,008,12/15/05/008,"UDO,  UDO P/SCHOOL (IGBESAMWAN)  I",UDO,OVIA SOUTH WEST,6.47534260,5.35109383,36232
12,15,05,009,12/15/05/009,"UDO,  UDO P/SCHOOL (IGBESAMWAN)  II",UDO,OVIA SOUTH WEST,6.47539090,5.35105725,36233
12,15,05,010,12/15/05/010,"IGUAFOLE,  OVONRAMWEN P/SCHOOL",UDO,OVIA SOUTH WEST,6.44404182,5.33560415,36234
12,15,05,011,12/15/05/011,"IGUEZE,  IGUEZE VILLAGE",UDO,OVIA SOUTH WEST,6.47373499,5.26608602,36235
12,15,05,012,12/15/05/012,"URHEZEN,  OGBOE P/SCHOOL",UDO,OVIA SOUTH WEST,6.48138924,5.25091250,36236
12,15,05,013,12/15/05/013,"OKOMU , OKOMU P/SCHOOL",UDO,OVIA SOUTH WEST,6.40742589,5.25814442,36237
12,15,05,014,12/15/05/014,"IKOKA-ETETE,  EGHOSA P/SCHOOL",UDO,OVIA SOUTH WEST,6.41864384,5.40619931,36238
12,15,05,015,12/15/05/015,"IGUOWAN,  IGUOWAN VILLAGE",UDO,OVIA SOUTH WEST,6.40947612,5.36540286,36239
12,15,05,016,12/15/05/016,"OPEN SPACE BESIDE MOJO COUNTRY HOME, UDO",UDO,OVIA SOUTH WEST,6.48028550,5.36794640,634026
12,15,05,017,12/15/05/017,"OPEN SPACE BY INNE QUARTERS AND ARAGUN JUNCTION, UDO",UDO,OVIA SOUTH WEST,6.48197480,5.36529340,634027
12,15,05,018,12/15/05/018,"OPEN SPACE BY FORESTRY ROAD JUNCTION  BY UDO PARK, UDO",UDO,OVIA SOUTH WEST,6.47768511,5.36247840,634028
12,15,05,019,12/15/05/019,OPEN SPACE BY  4 JUNCTION AT OGBE CENTRAL UDO,UDO,OVIA SOUTH WEST,6.47447200,5.35655400,634029
12,15,05,020,12/15/05/020,OPEN SPACE BY OPENER STREET JUCTION UDO,UDO,OVIA SOUTH WEST,6.47443830,5.35815170,634030
12,15,05,021,12/15/05/021,UDO TOWNHALL,UDO,OVIA SOUTH WEST,6.47765500,5.35889670,634031
12,15,05,022,12/15/05/022,UNIVERSITY OF BENIN TEACHING HOSPITAL UDO,UDO,OVIA SOUTH WEST,6.47297100,5.35444300,634032
12,15,05,023,12/15/05/023,OPEN SPACE -UDO NEW MARKET,UDO,OVIA SOUTH WEST,6.47118800,5.34322100,634033
12,15,05,024,12/15/05/024,"OKOMU STAFF SCHOOL, OKOMU",UDO,OVIA SOUTH WEST,6.40765640,5.25809800,634034
12,15,05,026,12/15/05/026,OPEN SPACE AT&P MARKET,UDO,OVIA SOUTH WEST,6.39914495,5.28209165,634036
12,15,06,001,12/15/06/001,"IGUOKOLO/IKPOBA,  AKUGBE P/SCHOOL",ORA,OVIA SOUTH WEST,6.48586409,5.38297816,36240
12,15,06,002,12/15/06/002,"ORA,  OZOLUA P/SCHOOL",ORA,OVIA SOUTH WEST,6.49739993,5.40567426,36241
12,15,06,003,12/15/06/003,AMIEGHOMWAN VILLAGE,ORA,OVIA SOUTH WEST,6.49231844,5.42575231,36242
12,15,06,004,12/15/06/004,"IGUORIAKHI UP HILL,  ORIAKHI P/SCHO0L",ORA,OVIA SOUTH WEST,6.48216744,5.44726483,36243
12,15,06,005,12/15/06/005,"OSSE,  OSSE RIVER PRIMARY SCHOOL",ORA,OVIA SOUTH WEST,6.46859746,5.41164319,36244
12,15,06,006,12/15/06/006,"IGUORIAKHI WATERSIDE, OR IAKHI P/SCHOOL)",ORA,OVIA SOUTH WEST,6.48236747,5.45974702,36245
12,15,06,007,12/15/06/007,OBARENREN PRIMARY SCHOOL,ORA,OVIA SOUTH WEST,6.49987300,5.39225000,634015
12,15,06,008,12/15/06/008,ORA TOWN HALL,ORA,OVIA SOUTH WEST,6.49817100,5.40193700,634016
12,15,06,009,12/15/06/009,AMIEGHOMWAN VILLAGE TOWN HALL,ORA,OVIA SOUTH WEST,6.49313900,5.42507900,634017
12,15,06,010,12/15/06/010,"OBA OVONRAMWEN GRAMMAR SCHOOL, IGUORIAKHI",ORA,OVIA SOUTH WEST,6.48210700,5.44607800,634018
12,15,06,011,12/15/06/011,OSSE - OSSE RIVER TOWN HALL,ORA,OVIA SOUTH WEST,6.46849500,5.41248400,634019
12,15,06,012,12/15/06/012,HEALTH POST IGUORIAKHI WATERSIDE,ORA,OVIA SOUTH WEST,6.48071500,5.46011000,634020
12,15,07,001,12/15/07/001,"USEN , OSASEYI P/SCHOOL  I",USEN,OVIA SOUTH WEST,6.74369531,5.34898847,36246
12,15,07,002,12/15/07/002,"USEN , OSASEYI P/SCHOOL   II",USEN,OVIA SOUTH WEST,6.74369758,5.34899158,36247
12,15,07,003,12/15/07/003,"USEN , ELAWURE G/S",USEN,OVIA SOUTH WEST,6.74111647,5.35224515,36248
12,15,07,004,12/15/07/004,"USEN,  OGIDIGBO QUARTERS",USEN,OVIA SOUTH WEST,6.74660969,5.34152791,36249
12,15,07,005,12/15/07/005,"OKORO  I,  OKORO PRIMARY SCHOOL",USEN,OVIA SOUTH WEST,6.70466722,5.32794561,36250
12,15,07,006,12/15/07/006,"ULURIN,  OBAKPOLOR P/SCHOOL  I",USEN,OVIA SOUTH WEST,6.80715697,5.29227986,36251
12,15,07,007,12/15/07/007,"ULURIN,  OBAKPOLOR P/SCHOOL   II",USEN,OVIA SOUTH WEST,6.80716149,5.29227756,36252
12,15,07,008,12/15/07/008,"OGUNMWENYI,  OMOZOGIE P/SCHOOL",USEN,OVIA SOUTH WEST,6.71753732,5.36403574,36253
12,15,07,009,12/15/07/009,"USEN,  ATAMABALE P/SCHOOL",USEN,OVIA SOUTH WEST,6.74371242,5.34897065,36254
12,15,07,010,12/15/07/010,"OKPA,  AZAGBA P/SCHOOL",USEN,OVIA SOUTH WEST,6.70167929,5.37685733,36255
12,15,07,011,12/15/07/011,"ADEYANBA,  ADEYANBA VILLAGE",USEN,OVIA SOUTH WEST,6.68955610,5.33216072,36256
12,15,07,012,12/15/07/012,"GENERAL HOSPITAL, USEN",USEN,OVIA SOUTH WEST,6.74863000,5.34490100,634063
12,15,07,013,12/15/07/013,"OPEN SPACE BY MARKET SQUARE, USEN",USEN,OVIA SOUTH WEST,6.74464600,5.34596500,634064
12,15,07,014,12/15/07/014,"OPEN SPACE BY EDO STATE POLYTECHNIC, USEN",USEN,OVIA SOUTH WEST,6.74391000,5.34092000,634065
12,15,07,016,12/15/07/016,"OPEN SPACE YOUTH CENTRE, BY AKURE JUNCTION",USEN,OVIA SOUTH WEST,6.74451900,5.34710740,634067
12,15,07,017,12/15/07/017,"OPEN SPACE MARKET SQUARE, OGIDIGBO QTRS",USEN,OVIA SOUTH WEST,6.79361100,5.36682900,634068
12,15,07,018,12/15/07/018,OPEN SPACE ULURIN HEALTH CENTRE,USEN,OVIA SOUTH WEST,6.80682160,5.29307800,634069
12,15,07,019,12/15/07/019,OPEN SPACE OPPOSITE AJEGULE CENTRAL MOSQUE,USEN,OVIA SOUTH WEST,6.77333600,5.29164700,634070
12,15,07,020,12/15/07/020,"OPEN SPACE OKEDE STREET JUNCTION, USEN",USEN,OVIA SOUTH WEST,6.74438110,5.34587460,634071
12,15,08,001,12/15/08/001,"UGBOGUI , ULAH P/SCHOOL",UGBOGUI,OVIA SOUTH WEST,6.71858109,5.26426489,36257
12,15,08,002,12/15/08/002,"UGBOGUI , IGBINOBA,  P/SCHOOL I",UGBOGUI,OVIA SOUTH WEST,6.69481786,5.24173884,36258
12,15,08,003,12/15/08/003,"UGBOGUI, IGBINOBA, P/SCHOOL   II",UGBOGUI,OVIA SOUTH WEST,6.69597359,5.24258893,36259
12,15,08,004,12/15/08/004,"UGBOGUI,  IGBINOBA,  P/SCHOOL  III",UGBOGUI,OVIA SOUTH WEST,6.69596041,5.24256245,36260
12,15,08,005,12/15/08/005,"EVBONOGBON,  EVBONOGBON PRIMARY SCHOOL",UGBOGUI,OVIA SOUTH WEST,6.74700688,5.15778837,36261
12,15,08,006,12/15/08/006,"IKOKA  I,  ESIGIE P/SCHOOL  I",UGBOGUI,OVIA SOUTH WEST,6.63709577,5.20929083,36262
12,15,08,007,12/15/08/007,"IKOKA  II , ESIGIE P/SCHOOL (ADEBAYO)  II",UGBOGUI,OVIA SOUTH WEST,6.63709800,5.20927911,36263
12,15,08,008,12/15/08/008,"AGBONBAYEMWEN,  AKENZUA P/SCH00L",UGBOGUI,OVIA SOUTH WEST,6.64251250,5.26512865,36264
12,15,08,009,12/15/08/009,"IGUOBANOR,  IGUOBANOR VILLAGE",UGBOGUI,OVIA SOUTH WEST,6.68290677,5.27504495,36265
12,15,08,010,12/15/08/010,"ADEN, ADEN RIVER P/SCHOOL",UGBOGUI,OVIA SOUTH WEST,6.69089864,5.29331053,36266
12,15,08,011,12/15/08/011,"IGBOBOR,  ABESI P/SCHOOL",UGBOGUI,OVIA SOUTH WEST,6.67888571,5.35500840,36267
12,15,08,012,12/15/08/012,"OKPONHA , OKPONHA P/SCHOOL",UGBOGUI,OVIA SOUTH WEST,6.65417130,5.34281782,36268
12,15,08,013,12/15/08/013,OFUMWENGBE TOWN (OFUMWENGBE),UGBOGUI,OVIA SOUTH WEST,6.63581589,5.33377826,36269
12,15,08,014,12/15/08/014,UGBOGUI SECONDARY SCHOOL,UGBOGUI,OVIA SOUTH WEST,6.69975500,5.24359800,634037
12,15,08,015,12/15/08/015,OPEN SPACE IGBINOBA MARKET SQUARE,UGBOGUI,OVIA SOUTH WEST,6.68863930,5.24108410,634038
12,15,08,016,12/15/08/016,IGBINOBA COMMUNITY TOWN HALL,UGBOGUI,OVIA SOUTH WEST,6.69295110,5.24180540,634039
12,15,08,017,12/15/08/017,UGBOGUI PRIMARY HEALTH CENTER,UGBOGUI,OVIA SOUTH WEST,6.69029380,5.24555060,634040
12,15,08,018,12/15/08/018,AIBANGBEE PRIMARY SCHOOL,UGBOGUI,OVIA SOUTH WEST,6.73803160,5.21872676,634041
12,15,08,019,12/15/08/019,OPEN SPACE EVBONOGBON MARKET SQUARE,UGBOGUI,OVIA SOUTH WEST,6.74454330,5.16177833,634042
12,15,08,020,12/15/08/020,EVBONOGBON HEALTH CENTER,UGBOGUI,OVIA SOUTH WEST,6.74175130,5.16285430,634043
12,15,08,022,12/15/08/022,"OPEN SPACE, GEORGIO ROCKS BY HARVEY JUNCTION",UGBOGUI,OVIA SOUTH WEST,6.74508300,5.16419000,634045
12,15,08,023,12/15/08/023,MAKPORO PRIMARY SCHOOL,UGBOGUI,OVIA SOUTH WEST,6.62943190,5.12373490,634046
12,15,08,024,12/15/08/024,OPEN SPACE BY POLICE STATION JUNCTION EVBONOGBON,UGBOGUI,OVIA SOUTH WEST,6.74769300,5.15532700,634047
12,15,08,025,12/15/08/025,"OPEN SPACE LIFE SPRING JUNCTION, EVBONOGBON",UGBOGUI,OVIA SOUTH WEST,6.74080000,5.16397200,634048
12,15,08,026,12/15/08/026,"RAZAK PRIMARY SCHOOL, RAZAK CAMP",UGBOGUI,OVIA SOUTH WEST,6.66271160,5.18633000,634049
12,15,08,027,12/15/08/027,IKOKA PRIMARY HEALTH CENTER,UGBOGUI,OVIA SOUTH WEST,6.63599330,5.20619430,634050
12,15,08,028,12/15/08/028,"PRIMARY HEALTH CENTRE, IKOHA II  (ADEBAYO)",UGBOGUI,OVIA SOUTH WEST,6.62580900,5.16671500,634051
12,15,08,029,12/15/08/029,OPEN SPACE IGBOBOR JUNCTION,UGBOGUI,OVIA SOUTH WEST,6.67803200,5.35676200,634052
12,15,08,030,12/15/08/030,"OPEN SPACE, BESIDE OKPONHA PRY SCH, ALONG USEN EXPRESS",UGBOGUI,OVIA SOUTH WEST,6.65424500,5.34294200,634053
12,15,08,031,12/15/08/031,OFUMWENGBE PRIMARY SCHOOL,UGBOGUI,OVIA SOUTH WEST,6.64109800,5.33131200,634054
12,15,08,032,12/15/08/032,OPEN SPACE IMUETIYAN STREET OFF OFUMWENGBE PRY SCH,UGBOGUI,OVIA SOUTH WEST,6.64032200,5.33193300,634055
12,15,08,033,12/15/08/033,COMPREHENSIVE PRIMARY HEALTH CENTER OFUMWENGBE,UGBOGUI,OVIA SOUTH WEST,6.63805600,5.33742800,634056
12,15,08,034,12/15/08/034,OFUMWENGBE PRIMARY HEALTH CENTER,UGBOGUI,OVIA SOUTH WEST,6.63968600,5.33464800,634057
12,15,09,001,12/15/09/001,"AJAKURAMA,  AJAKURAMA P/SCHOOL",OFUNAMA,OVIA SOUTH WEST,6.17183849,5.16266370,36270
12,15,09,002,12/15/09/002,"ABERE,  ABERE PRIMARY SCHOOL",OFUNAMA,OVIA SOUTH WEST,6.20488669,5.14733765,36271
12,15,09,006,12/15/09/006,"GBELUKANGA,  GBELUKANGA P/SCHOOL",OFUNAMA,OVIA SOUTH WEST,6.21373376,5.17663988,36275
12,15,09,007,12/15/09/007,"GBEOBA,  GBEOBA PRIMARY SCHOOL",OFUNAMA,OVIA SOUTH WEST,6.18274076,5.19963993,36276
12,15,09,008,12/15/09/008,"TORUKUBU , TORUKUBU PRIMARY SCHOOL",OFUNAMA,OVIA SOUTH WEST,6.20782554,5.11212644,36277
12,15,09,009,12/15/09/009,"OPEN SPACE BY MARKET SQUARE, AJAKURAMA",OFUNAMA,OVIA SOUTH WEST,6.16711497,5.16381829,634007
12,15,09,010,12/15/09/010,AJAKURAMA SENIOR SECONDARY SCHOOL,OFUNAMA,OVIA SOUTH WEST,6.17827327,5.16053829,634008
12,15,09,011,12/15/09/011,"COMMUNITY TOWN HALL, ABERE",OFUNAMA,OVIA SOUTH WEST,6.29476825,5.14666491,634009
12,15,09,013,12/15/09/013,"OPEN SPACE NEAR HEALTH CENTER, EGBEMA",OFUNAMA,OVIA SOUTH WEST,6.15182331,5.21636813,634011
12,15,09,014,12/15/09/014,"EGBEMA SECONDARY SCHOOL, OFUNAMA",OFUNAMA,OVIA SOUTH WEST,6.15490141,5.21695151,634012
12,15,09,015,12/15/09/015,"OLD COMMUNITY TOWN HALL, GBELUKANGA",OFUNAMA,OVIA SOUTH WEST,6.21489817,5.17595998,634013
12,15,09,016,12/15/09/016,"OPEN SPACE, NEAR HEALTH POST, GBEOBA",OFUNAMA,OVIA SOUTH WEST,6.18464810,5.99999995,634014
12,15,10,001,12/15/10/001,"UGBO,  OVIA PRIMARY SCHOOL",NIKOROGHA,OVIA SOUTH WEST,6.24656658,5.35512943,36278
12,15,10,002,12/15/10/002,AIGUOBASIMWINOTOR(AIGUOBASIMWINOTOR  VILLAGE),NIKOROGHA,OVIA SOUTH WEST,6.27488545,5.32766516,36279
12,15,10,003,12/15/10/003,"NIKOROGHA,  OLODIAMA P/SCHOOL",NIKOROGHA,OVIA SOUTH WEST,6.24820060,5.35538716,36280
12,15,10,004,12/15/10/004,"ASAMARA, IGBINOBA P/SCHOOL",NIKOROGHA,OVIA SOUTH WEST,6.31653205,5.35736309,36281
12,15,10,005,12/15/10/005,"AWORI,  AWORI VILLAGE",NIKOROGHA,OVIA SOUTH WEST,6.27251343,5.33403750,36282
12,15,10,006,12/15/10/006,"JAMAGIE,  OGONDI P/SCHOOL",NIKOROGHA,OVIA SOUTH WEST,6.31994706,5.32821975,36283
12,15,10,007,12/15/10/007,"AJEFIE , AJEFIE P/SCHOOL",NIKOROGHA,OVIA SOUTH WEST,6.24394787,5.35598487,36284
12,15,10,009,12/15/10/009,OPEN SPACE BY NIKOROGHA MOTOR PARK,NIKOROGHA,OVIA SOUTH WEST,6.24820390,5.35550840,634002
12,15,10,010,12/15/10/010,OPEN SPACE BY AT&P YARD,NIKOROGHA,OVIA SOUTH WEST,6.24732800,5.35569420,634003
12,15,10,011,12/15/10/011,"OPEN SPACE BY THE MOSQUE, HASSAN CAMP",NIKOROGHA,OVIA SOUTH WEST,6.24838000,5.35374000,634004
12,15,10,012,12/15/10/012,OPEN SPACE JAMAGIE-TORLOFA,NIKOROGHA,OVIA SOUTH WEST,6.13962000,5.27864000,634005
12,15,10,013,12/15/10/013,OPEN SPACE BY JAMAGIE TOWN HALL,NIKOROGHA,OVIA SOUTH WEST,6.14925000,5.24094000,634006
12,16,01,001,12/16/01/001,"INST. OF PHY EDUCATION, AFUZE I",EMAI  I,OWAN EAST,6.97368410,6.04473810,36285
12,16,01,002,12/16/01/002,"INST. OF PHY EDUCATION, AFUZE  II",EMAI  I,OWAN EAST,6.97369977,6.04469900,36286
12,16,01,003,12/16/01/003,"SPACE BY MOTOR PARK, AFUZE",EMAI  I,OWAN EAST,6.97550949,6.04675259,36287
12,16,01,004,12/16/01/004,"SPACE BY I.P.E. HOSTEL, AFUZE",EMAI  I,OWAN EAST,6.97478466,6.04042917,36288
12,16,01,005,12/16/01/005,"MATERNITY CENTRE, AFUZE I",EMAI  I,OWAN EAST,6.97110731,6.04347889,36289
12,16,01,006,12/16/01/006,"MATERNITY CENTRE, AFUZE  II",EMAI  I,OWAN EAST,6.97111588,6.04348391,36290
12,16,01,007,12/16/01/007,"PUB. FIELD GALLARY,  AFUZE",EMAI  I,OWAN EAST,6.97109562,6.04349085,36291
12,16,01,008,12/16/01/008,"OHOBO PRIMARY SCHOOL,  AFUZE  I",EMAI  I,OWAN EAST,6.96774158,6.04335199,36292
12,16,01,009,12/16/01/009,"OHOBO PRIMARY SCHOOL,  AFUZE    II",EMAI  I,OWAN EAST,6.96774349,6.04334628,36293
12,16,01,010,12/16/01/010,"SPACE BY SMALL MARKET,  AFUZE",EMAI  I,OWAN EAST,6.96896369,6.04283050,36294
12,16,01,011,12/16/01/011,"OPPOSITE PALACE GROUND,  AFUZE",EMAI  I,OWAN EAST,6.96896507,6.04283857,36295
12,16,01,012,12/16/01/012,"EMAI PRIMARY SCHOOL,  AFUZE I",EMAI  I,OWAN EAST,6.96515779,6.03963118,36296
12,16,01,013,12/16/01/013,"EMAI PRIMARY SCHOOL,  AFUZE  II",EMAI  I,OWAN EAST,6.96515392,6.03964196,36297
12,16,01,014,12/16/01/014,"OPEN SPACE,  OPPPOSITE POLICE STATION, AFUZE",EMAI  I,OWAN EAST,6.97750504,6.04716495,634072
12,16,01,015,12/16/01/015,OPEN SPACE BY MAIN MARKET AFUZE,EMAI  I,OWAN EAST,6.97505834,6.04760181,634073
12,16,01,016,12/16/01/016,OPEN SPACE REFERRAL MEDICAL CENTRE AFUZE,EMAI  I,OWAN EAST,6.97183654,6.04225986,634074
12,16,01,017,12/16/01/017,OPEN SPACE GENERAL HOSPITAL AFUZE,EMAI  I,OWAN EAST,6.97290016,6.03650182,634075
12,16,01,018,12/16/01/018,OPEN SPACE BY SMALL MARKET AFUZE II,EMAI  I,OWAN EAST,6.96950930,6.04278170,634076
12,16,01,019,12/16/01/019,MAGISTRATE COURT PREMISES AFUZE,EMAI  I,OWAN EAST,6.97015020,6.04353050,634077
12,16,01,020,12/16/01/020,EMAI  PRIMARY SCHOOL AFUZE III,EMAI  I,OWAN EAST,6.96578326,6.03887491,634078
12,16,01,021,12/16/01/021,EMAI PRIMARY SCHOOL AFUZE IV,EMAI  I,OWAN EAST,6.96572834,6.03900500,634079
12,16,02,001,12/16/02/001,"OWNU PRIMARY SCHOOL,  OVBIOMU   I",EMAI  II,OWAN EAST,7.05826858,6.05404506,36298
12,16,02,002,12/16/02/002,"OWNU PRIMARY SCHOOL,  OVBIOMU   II",EMAI  II,OWAN EAST,7.05828155,6.05404118,36299
12,16,02,003,12/16/02/003,"IGBIRA CAMP,  OJAVUN",EMAI  II,OWAN EAST,7.02617471,6.05471163,36300
12,16,02,004,12/16/02/004,"EGHU PRIMARY SCHOOL,  OJAVUN   I",EMAI  II,OWAN EAST,6.93644087,5.97613001,36301
12,16,02,005,12/16/02/005,"EGHU PRIMARY SCHOOL,  OJAVUN   II",EMAI  II,OWAN EAST,6.93643368,5.97610317,36302
12,16,02,006,12/16/02/006,"OKPOKHOMI PRIMARY SCHOOL,  OJAVUN  I",EMAI  II,OWAN EAST,6.94834969,5.99184361,36303
12,16,02,007,12/16/02/007,"OKPOKHOMI PRIMARY SCHOOL,  OJAVUN   II",EMAI  II,OWAN EAST,6.94834898,5.99184591,36304
12,16,02,008,12/16/02/008,"OGUTE PRIMARY SCHOOL,  OGUTE  I",EMAI  II,OWAN EAST,6.95503951,6.01008176,36305
12,16,02,009,12/16/02/009,"OGUTE PRIMARY SCHOOL,  OGUTE  II",EMAI  II,OWAN EAST,6.95503965,6.01007635,36306
12,16,02,010,12/16/02/010,"OBADA PRIMARY SCHOOL,  EVBIAMEN  I",EMAI  II,OWAN EAST,6.95034038,6.00466001,36307
12,16,02,011,12/16/02/011,"OBADA PRIMARY SCHOOL,  EVBIAMEN  II",EMAI  II,OWAN EAST,6.95033070,6.00464264,36308
12,16,02,012,12/16/02/012,"ST. JAMES ORA SCHOOL,  UAHOMI       I",EMAI  II,OWAN EAST,6.96119263,6.02793687,36309
12,16,02,013,12/16/02/013,"ST. JAMES ORA SCHOOL,  UAHOMI     II",EMAI  II,OWAN EAST,6.96119541,6.02793177,36310
12,16,02,014,12/16/02/014,"ETEYE PRIMARY SCHOOL,  ETEYE",EMAI  II,OWAN EAST,6.95894007,6.02674873,36311
12,16,02,015,12/16/02/015,"OVBIOMU TOWN HALL,OVBIOMU",EMAI  II,OWAN EAST,7.05810320,6.05432310,634080
12,16,02,016,12/16/02/016,"OVBIOMU MATERNITY CENTRE,OVBIOMU",EMAI  II,OWAN EAST,7.06422380,6.05258260,634081
12,16,02,017,12/16/02/017,OKPOKHOMI PRIMARY SCHOOL OJAVUN III,EMAI  II,OWAN EAST,6.94857200,5.99177880,634082
12,16,02,018,12/16/02/018,"OKPOKHOMI MATERNITY CENTRE, OJAVUN IV",EMAI  II,OWAN EAST,6.94890180,5.99197970,634083
12,16,02,019,12/16/02/019,OGUTE MATERNITY CENTRE OGUTE,EMAI  II,OWAN EAST,6.95230100,6.00974700,634084
12,16,02,020,12/16/02/020,ETEYE PRIMARY SCHOOL ETEYE II,EMAI  II,OWAN EAST,6.95948450,6.02614200,634085
12,16,03,001,12/16/03/001,"IVBIEVE PRIMARY SCHOOL,  IHIEVBE     I",IHIEVBE  I,OWAN EAST,7.03971631,6.12370817,36312
12,16,03,002,12/16/03/002,"IVBIEVE PRIMARY SCHOOL,  IHIEVBE     II",IHIEVBE  I,OWAN EAST,7.03971562,6.12371306,36313
12,16,03,003,12/16/03/003,"NEAR MOTOR GARAGE,  IHIEVBE",IHIEVBE  I,OWAN EAST,7.04041911,6.12639892,36314
12,16,03,004,12/16/03/004,"OBOH INTN SCHOOL,  IHIEVBE",IHIEVBE  I,OWAN EAST,7.03922593,6.12169777,36315
12,16,03,005,12/16/03/005,"MATERNITY CENTRE,  IHIEVBE",IHIEVBE  I,OWAN EAST,7.03972670,6.12369959,36316
12,16,03,006,12/16/03/006,"SPACE BY CUSTOMARY COURT,  IHIEVBE  I",IHIEVBE  I,OWAN EAST,7.03972191,6.12368975,36317
12,16,03,007,12/16/03/007,"SPACE BY CUSTOMARY COURT,  IHIEVBE   II",IHIEVBE  I,OWAN EAST,7.03972603,6.12368724,36318
12,16,03,008,12/16/03/008,"MARKET SQUARE IVBIORE,  OGHA",IHIEVBE  I,OWAN EAST,7.04306569,6.12866987,36319
12,16,03,009,12/16/03/009,"CUSTOMARY COURT,  EDON ROAD",IHIEVBE  I,OWAN EAST,7.03975712,6.12374508,36320
12,16,03,010,12/16/03/010,"OBOKHUODUMA PRIMARY SCHOOL,  IHIEVBE",IHIEVBE  I,OWAN EAST,7.04105317,6.13303332,36321
12,16,03,011,12/16/03/011,"EMABUN IGBIRA CAMP,  IHIEVBE",IHIEVBE  I,OWAN EAST,7.01553508,6.12813849,36322
12,16,03,012,12/16/03/012,IVBIEVE PRIMARY SCHOOL IHIEVBE III,IHIEVBE  I,OWAN EAST,7.03946290,6.12401240,634088
12,16,03,013,12/16/03/013,IVBIEVE PRIMARY SCHOOL IHIEVBE  IV,IHIEVBE  I,OWAN EAST,7.03937840,6.12399560,634089
12,16,03,014,12/16/03/014,NEAR MOTOR GARAGE IHIEVBE II,IHIEVBE  I,OWAN EAST,7.04059950,6.12612020,634090
12,16,03,015,12/16/03/015,OBOH INTERNATIONAL SCHOOL IHIEVBE II,IHIEVBE  I,OWAN EAST,7.04332260,6.12754320,634091
12,16,03,016,12/16/03/016,CUSTOMARY COURT EDON ROAD II,IHIEVBE  I,OWAN EAST,7.04023070,6.12376390,634092
12,16,03,017,12/16/03/017,OBOKHUODUMA PRIMARY SCHOOL IHIEVBE II,IHIEVBE  I,OWAN EAST,7.04126830,6.13272620,634093
12,16,04,001,12/16/04/001,"OTUAJABOR PRIMARY SCHOOL,  OTUA  I",IHIEVBE  II,OWAN EAST,7.06346031,6.12329417,36323
12,16,04,002,12/16/04/002,"OTUAJABOR PRIMARY SCHOOL,  OTUA   II",IHIEVBE  II,OWAN EAST,7.06345761,6.12329042,36324
12,16,04,003,12/16/04/003,"OTUAJABOR PRIMARY SCHOOL,  OTUA    III",IHIEVBE  II,OWAN EAST,7.06345407,6.12329341,36325
12,16,04,004,12/16/04/004,"EKHUEYE PRIMARY SCHOOL,  EKHUEYE  I",IHIEVBE  II,OWAN EAST,7.06875401,6.14044353,36326
12,16,04,005,12/16/04/005,"EKHUEYE PRIMARY SCHOOL,  EKHUEYE   II",IHIEVBE  II,OWAN EAST,7.06874823,6.14044101,36327
12,16,04,006,12/16/04/006,"OSAMARAN P/SCHOO,  OKHUAME   I",IHIEVBE  II,OWAN EAST,7.07013816,6.13137078,36328
12,16,04,007,12/16/04/007,"OSAMARAN P/SCHOOL,  OKHUAME    II",IHIEVBE  II,OWAN EAST,7.07013045,6.13138166,36329
12,16,04,008,12/16/04/008,"OSAMARAN FIELD,  OKHUAME",IHIEVBE  II,OWAN EAST,7.07014305,6.13136628,36330
12,16,04,009,12/16/04/009,"PRIMARY SCHOOL,  OGBEN  I",IHIEVBE  II,OWAN EAST,7.17267160,6.15873393,36331
12,16,04,010,12/16/04/010,"PRIMARY SCHOOL,  OGBEN   II",IHIEVBE  II,OWAN EAST,7.17268250,6.15873347,36332
12,16,04,011,12/16/04/011,"IGBIRA CAMP ALONG IGARA RD.,  OGBON  I",IHIEVBE  II,OWAN EAST,7.17267980,6.15872990,36333
12,16,04,012,12/16/04/012,"IGBIRA CAMP ALONG IGARA RD.,  OGBON   II",IHIEVBE  II,OWAN EAST,7.17268518,6.15873471,36334
12,16,04,013,12/16/04/013,HEALTH CENTRE OKHUAME IHIEVBE,IHIEVBE  II,OWAN EAST,7.06142320,6.12861560,634094
12,16,05,001,12/16/05/001,"ODION PRIMARY SCHOOL,  UOKHA  I",UOKHA/AKE,OWAN EAST,7.06601379,6.05131484,36335
12,16,05,002,12/16/05/002,"ODION PRIMARY SCHOOL,  UOKHA  II",UOKHA/AKE,OWAN EAST,7.06601408,6.05131917,36336
12,16,05,003,12/16/05/003,"UOKHA MATERNITY (FIELD), UOKHA",UOKHA/AKE,OWAN EAST,7.07467698,6.04746214,36337
12,16,05,004,12/16/05/004,"SPACE NEAR Y. MATERNITY,  UOKHA",UOKHA/AKE,OWAN EAST,7.07467757,6.04748120,36338
12,16,05,005,12/16/05/005,"EWEKA PRIMARY SCHOOL,  UOKHA  I",UOKHA/AKE,OWAN EAST,7.07651539,6.04962417,36339
12,16,05,006,12/16/05/006,"EWEKA PRIMARY SCHOOL,  UOKHA  II",UOKHA/AKE,OWAN EAST,7.07652981,6.04962049,36340
12,16,05,007,12/16/05/007,"OPEN FIELD EWEKA P/SCHOOL,  UOKHA",UOKHA/AKE,OWAN EAST,7.07652293,6.04962343,36341
12,16,05,008,12/16/05/008,"LAWANI CAMP,  UOKHA",UOKHA/AKE,OWAN EAST,7.09207403,6.04552621,36342
12,16,05,009,12/16/05/009,"AKE PRIMARY SCHOOL,  AKE I",UOKHA/AKE,OWAN EAST,7.16329295,6.01979554,36343
12,16,05,010,12/16/05/010,"AKE PRIMARY SCHOOL,  AKE  II",UOKHA/AKE,OWAN EAST,7.16329108,6.01979295,36344
12,16,05,011,12/16/05/011,"HEALTH CENTRE, AKE",UOKHA/AKE,OWAN EAST,7.15799323,6.02439269,36345
12,16,05,012,12/16/05/012,OPEN SPACE BY AKE MARKET,UOKHA/AKE,OWAN EAST,7.16005539,6.02358886,36346
12,16,05,013,12/16/05/013,"AKE IGBORO,  AKE",UOKHA/AKE,OWAN EAST,7.16590061,6.01498177,36347
12,16,05,014,12/16/05/014,"OTUGO GRAMMAR SCHOOL,  AKE",UOKHA/AKE,OWAN EAST,7.15800131,6.02438841,36348
12,16,05,015,12/16/05/015,"OWA VILLAGE SQUARE,  AKE",UOKHA/AKE,OWAN EAST,7.14856200,6.05095510,36349
12,16,06,001,12/16/06/001,"ANAMA P/SCHOOL,  IGUE-OKE",IGUE/IKAO,OWAN EAST,7.19339633,6.07097756,36350
12,16,06,002,12/16/06/002,"SADIKU IGBIRA CAMP,  IGUE-OKE",IGUE/IKAO,OWAN EAST,7.18918721,6.12323341,36351
12,16,06,003,12/16/06/003,"NEAR COCOA STORE,  IGUE-OKE",IGUE/IKAO,OWAN EAST,7.19392208,6.06473056,36352
12,16,06,004,12/16/06/004,"EWEYA P/SCHOOL,  IGUE-SALE",IGUE/IKAO,OWAN EAST,7.14893664,6.05104624,36353
12,16,06,005,12/16/06/005,"MARKET SQUARE,  IGUE-SALE",IGUE/IKAO,OWAN EAST,7.15176806,6.05229420,36354
12,16,06,006,12/16/06/006,"IGBIRA CAMP,  IGUE-SALE",IGUE/IKAO,OWAN EAST,7.14597718,6.05829802,36355
12,16,06,007,12/16/06/007,"INUMAI PRIMARY SCHOOL,  IKAO  I",IGUE/IKAO,OWAN EAST,7.20532193,6.02975627,36356
12,16,06,008,12/16/06/008,"INUMAI PRIMARY SCHOOL,  IKAO   II",IGUE/IKAO,OWAN EAST,7.20435926,6.03369470,36357
12,16,06,009,12/16/06/009,"INUMAI PRIMARY SCHOOL,  IKAO    III",IGUE/IKAO,OWAN EAST,7.20492650,6.03105247,36358
12,16,06,010,12/16/06/010,"INUMAI PRIMARY SCHOO, L IKAO     IV",IGUE/IKAO,OWAN EAST,7.20770507,6.02828181,36359
12,16,06,011,12/16/06/011,"ATEMONOKHAI PRIMARY SCHOOL,  IKAO",IGUE/IKAO,OWAN EAST,7.20758227,6.02061959,36360
12,16,06,012,12/16/06/012,"UTHO VILLAGE SQUAR,  IKAO I",IGUE/IKAO,OWAN EAST,7.20677458,6.01678191,36361
12,16,06,013,12/16/06/013,"UTHO VILLAGE SQUARE,  IKAO II",IGUE/IKAO,OWAN EAST,7.20677097,6.01675243,36362
12,16,06,014,12/16/06/014,"IGBIRA CAMP,  IGUE-SALE",IGUE/IKAO,OWAN EAST,7.12850679,6.06204098,36363
12,16,07,001,12/16/07/001,"AKUGBE PRIMARY SCHOOL, AROKHO I",IVBIMION,OWAN EAST,7.14246387,5.98312072,36364
12,16,07,002,12/16/07/002,"AKUGBE PRIMARY SCHOOL, AROKHO  II",IVBIMION,OWAN EAST,7.14245591,5.98313194,36365
12,16,07,003,12/16/07/003,"AKUGBE PRIMARY SCHOOL,  AROKHO  III",IVBIMION,OWAN EAST,7.14245928,5.98311591,36366
12,16,07,004,12/16/07/004,"NEAR MARKET SQUARE,  AROKHO",IVBIMION,OWAN EAST,7.14444861,5.98466457,36367
12,16,07,005,12/16/07/005,"MARKET SQUARE, AROKHO",IVBIMION,OWAN EAST,7.14445799,5.98465917,36368
12,16,07,006,12/16/07/006,"IGBIRA CAMP,  AROKHO",IVBIMION,OWAN EAST,7.12075859,5.97857295,36369
12,16,07,007,12/16/07/007,"EKPENGA PRY. SCHOOL, IKHIN",IVBIMION,OWAN EAST,7.14531477,5.93621664,36370
12,16,07,008,12/16/07/008,"EKPENGA FIELD, IKHIN",IVBIMION,OWAN EAST,7.14531095,5.93621334,36371
12,16,07,009,12/16/07/009,"YISA CAMP, IKHIN",IVBIMION,OWAN EAST,7.17514465,5.90038175,36372
12,16,07,010,12/16/07/010,"MOTOR PARK, IKHIN",IVBIMION,OWAN EAST,7.14780606,5.93847178,36373
12,16,07,011,12/16/07/011,"NEAR MOTOR CAM, IKHIN",IVBIMION,OWAN EAST,7.14796265,5.93841873,36374
12,16,07,012,12/16/07/012,"IRUOKE VILLAGE SQUARE,  AROKHO",IVBIMION,OWAN EAST,7.15189039,5.95192897,36375
12,16,07,013,12/16/07/013,"UBIALE PRIMARY SCHOOL,  UROE",IVBIMION,OWAN EAST,7.11381653,5.93539718,36376
12,16,07,014,12/16/07/014,"IYAKA CAMP,  UROE",IVBIMION,OWAN EAST,7.10474348,5.96831433,36377
12,16,07,015,12/16/07/015,"IVBIGUN PRIMARY SCHOOL,  OHANMI",IVBIMION,OWAN EAST,7.09728135,5.99958119,36378
12,16,07,016,12/16/07/016,"IGBIFUN PRIMARY SCHOOL,  OHANMA",IVBIMION,OWAN EAST,7.09754204,5.99960036,36379
12,16,07,017,12/16/07/017,"OHANMI VILLAGE SQUARE,  OHANMI",IVBIMION,OWAN EAST,7.09466437,6.00197174,36380
12,16,07,018,12/16/07/018,EKPENGA  PRIMARY SCHOOL IKHIN II,IVBIMION,OWAN EAST,7.14471110,5.93738630,634095
12,16,07,019,12/16/07/019,EKPENGA PRIMARY SCHOOL IKHIN III,IVBIMION,OWAN EAST,7.14440450,5.93728360,634096
12,16,07,020,12/16/07/020,UBIALE PRIMARY SCHOOL UROE II,IVBIMION,OWAN EAST,7.11399590,5.93662720,634097
12,16,08,001,12/16/08/001,"NEAR IMAFUN NEW SITE,  OTUO",OTUO  I,OWAN EAST,7.20195467,6.00617335,36381
12,16,08,002,12/16/08/002,"TOWN HALL,  OTUO",OTUO  I,OWAN EAST,7.20144944,6.00427377,36382
12,16,08,003,12/16/08/003,"NEAR THE TOWN HALL,  OTUO",OTUO  I,OWAN EAST,7.20152485,6.00429310,36383
12,16,08,004,12/16/08/004,"BY OLUMA MOTOR PARK,  OTUO",OTUO  I,OWAN EAST,7.20295479,6.00257833,36384
12,16,08,005,12/16/08/005,"OLUMA TOWN HALL,  OTUO",OTUO  I,OWAN EAST,7.20144059,6.00426669,36385
12,16,08,006,12/16/08/006,"OLUMA TOWN HALL,  OTUO",OTUO  I,OWAN EAST,7.20196286,6.00618154,36386
12,16,08,007,12/16/08/007,"OTUO DISPENSARY (FIELD),  OTUO",OTUO  I,OWAN EAST,7.20295289,6.00257097,36387
12,16,08,008,12/16/08/008,"ALOHO AZAMA COLLEGE ROAD,  OTUO",OTUO  I,OWAN EAST,7.20144456,6.00426190,36388
12,16,08,009,12/16/08/009,"ALOHO AZAMA OPEN SPACE , OTUO",OTUO  I,OWAN EAST,7.20088091,6.00444397,36389
12,16,08,010,12/16/08/010,"NEAR MATERNITY CENTRE,  OTUO",OTUO  I,OWAN EAST,7.20321655,6.00165751,36390
12,16,08,011,12/16/08/011,"UGBA TOWN SQUARE , OTUO",OTUO  I,OWAN EAST,7.20246005,6.00068525,36391
12,16,08,012,12/16/08/012,"IDESA PRIMARY SCHOOL,  OTUO",OTUO  I,OWAN EAST,7.20749778,6.00423426,36392
12,16,08,013,12/16/08/013,"OLILA TOWN HALL,  OTUO",OTUO  I,OWAN EAST,7.20749949,6.00264226,36393
12,16,08,014,12/16/08/014,"ISHIOKHA TOWN HALL,  OTUO",OTUO  I,OWAN EAST,7.20560864,6.00412600,36394
12,16,08,015,12/16/08/015,"IGHERA TOWN HALL,  OTUO",OTUO  I,OWAN EAST,7.19583381,6.00452162,36395
12,16,08,016,12/16/08/016,"IKHUERAN TOWN HALL,  OTUO",OTUO  I,OWAN EAST,7.20073065,6.00231883,36396
12,16,08,017,12/16/08/017,"IDESA PRIMAY SCHOOL,  OTUO",OTUO  I,OWAN EAST,7.20749100,6.00424085,36397
12,16,08,018,12/16/08/018,IKHUERAN TOWN HALL OTUO II,OTUO  I,OWAN EAST,7.19564700,6.00382050,634098
12,16,08,019,12/16/08/019,IKHUERAN TOWN HALL OTUO III,OTUO  I,OWAN EAST,7.19576980,6.00374380,634099
12,16,09,001,12/16/09/001,"IMOUKPE TOWN HALL,  OTUO",OTUO  II,OWAN EAST,7.19533285,6.00622565,36398
12,16,09,002,12/16/09/002,"WOMEN CENTRE,  OTUO",OTUO  II,OWAN EAST,7.19341417,6.00760019,36399
12,16,09,003,12/16/09/003,"IMAKHIZE PLAY GROUND,  OTUO I",OTUO  II,OWAN EAST,7.18991099,6.00813890,36400
12,16,09,004,12/16/09/004,"IMAKHIZE PLAY GROUND, OTUO  II",OTUO  II,OWAN EAST,7.18990987,6.00813385,36401
12,16,09,005,12/16/09/005,"UZAWA TOWN HALL,  OTUO    I",OTUO  II,OWAN EAST,7.18730822,6.00739996,36402
12,16,09,006,12/16/09/006,"UZAWA TOWN HALL,  OTUO    II",OTUO  II,OWAN EAST,7.18730355,6.00740472,36403
12,16,09,007,12/16/09/007,"OSIEKEPA TOWN HALL,  OTUO",OTUO  II,OWAN EAST,7.18340828,6.00452192,36404
12,16,09,008,12/16/09/008,"OHIGBA TOWN HALL,  OTUO",OTUO  II,OWAN EAST,7.17547245,5.99697608,36405
12,16,09,009,12/16/09/009,"AMOYA TOWN HALL,  OTUO",OTUO  II,OWAN EAST,7.17482484,5.99466216,36406
12,16,09,010,12/16/09/010,"TOWN SQUARE,  OTUO",OTUO  II,OWAN EAST,7.17481630,5.99467662,36407
12,16,09,011,12/16/09/011,"IMAROHE TOWN HALL,  OTUO",OTUO  II,OWAN EAST,7.17376870,5.99173763,36408
12,16,09,012,12/16/09/012,"IMOVIE TOWN SQUARE,  OTUO",OTUO  II,OWAN EAST,7.17443897,5.99245324,36409
12,16,09,013,12/16/09/013,"IMOVIE TOWN SQUARE,  OTUO",OTUO  II,OWAN EAST,7.17445839,5.99243854,36410
12,16,09,014,12/16/09/014,"AMOHON QUARTERS,  OTUO",OTUO  II,OWAN EAST,7.17325193,5.99068436,36411
12,16,09,015,12/16/09/015,"OGHOLUGBO PRIMARY SCHOOL,  OTUO",OTUO  II,OWAN EAST,7.20070806,5.97420700,36412
12,16,09,016,12/16/09/016,AYETORO ISUMEDE (ISISI CAMP),OTUO  II,OWAN EAST,7.19073066,5.94650351,36413
12,16,09,017,12/16/09/017,"AGO-OGBODO PRIMARY SCHOOL,  OTUO",OTUO  II,OWAN EAST,7.25066661,5.93676227,36414
12,16,09,018,12/16/09/018,OHIGBA TOWN HALL OTUO II,OTUO  II,OWAN EAST,7.17601470,5.99688360,634100
12,16,10,001,12/16/10/001,"IVBIOLWCO PIMARY SCHOOL,  ERAH  I",IVBIADAOBI,OWAN EAST,6.82834869,6.07877473,36415
12,16,10,002,12/16/10/002,"IVBIOLWCO PIMARY SCHOOL,  ERAH   II",IVBIADAOBI,OWAN EAST,6.82836379,6.07875911,36416
12,16,10,003,12/16/10/003,"ERAH GRAMMAR SCHOOL,  ERAH    I",IVBIADAOBI,OWAN EAST,6.82231495,6.08525076,36417
12,16,10,004,12/16/10/004,"ERAH GRAMMER SCHOOL,  ERAH    II",IVBIADAOBI,OWAN EAST,6.82232751,6.08524761,36418
12,16,10,005,12/16/10/005,"OAMEN PRIMARY SCHOOL,  ERAH",IVBIADAOBI,OWAN EAST,6.81463030,6.09078797,36419
12,16,10,006,12/16/10/006,"ESWRIRI PRIMARY SCHOOL , ERAH",IVBIADAOBI,OWAN EAST,6.84376992,6.16650906,36420
12,16,10,007,12/16/10/007,"EKEKE PRIMARY SCHOOL,  ERAH",IVBIADAOBI,OWAN EAST,6.85506112,6.14732562,36421
12,16,10,008,12/16/10/008,"IGBIRA CAMP EKEKE,  ERAN",IVBIADAOBI,OWAN EAST,6.85377865,6.14834008,36422
12,16,10,009,12/16/10/009,"NEAR  BAWA'S COMPOUND,  IVBIARO",IVBIADAOBI,OWAN EAST,7.04259469,6.17267457,36423
12,16,10,010,12/16/10/010,"MATERNITY CENTRE,  IVBIARO",IVBIADAOBI,OWAN EAST,7.04303478,6.16903220,36424
12,16,10,011,12/16/10/011,"ESE PRIMARY SCHOOL,  IVBIARO I",IVBIADAOBI,OWAN EAST,7.04266012,6.17442030,36425
12,16,10,012,12/16/10/012,"ESE PRIMARY SCHOOL,  IVBIARO II",IVBIADAOBI,OWAN EAST,7.04265735,6.17442379,36426
12,16,10,013,12/16/10/013,"EMOKPAERE PRIMARY SCHOOL,  IVBIARO",IVBIADAOBI,OWAN EAST,7.05803108,6.17913888,36427
12,16,10,014,12/16/10/014,"USUN PRIMARY SCHOOL,  IVBIARO  I",IVBIADAOBI,OWAN EAST,7.05304428,6.16905193,36428
12,16,10,015,12/16/10/015,"USUN PRIMARY SCHOOL,  IVBIARO  II",IVBIADAOBI,OWAN EAST,7.05304104,6.16904430,36429
12,16,10,016,12/16/10/016,"USUN PRIMARY SCHOOL,  IVBIARO  III",IVBIADAOBI,OWAN EAST,7.05303149,6.16906124,36430
12,16,10,017,12/16/10/017,"EMOKPAERE PRIMARY SCHOOL,  OVBIARO",IVBIADAOBI,OWAN EAST,7.05800167,6.17914640,36431
12,16,11,001,12/16/11/001,"CUSTOMARY COURT,  WARRAKE",WARRAKE,OWAN EAST,6.99873780,6.17253617,36432
12,16,11,002,12/16/11/002,"NEAR CUSTOMARY COURT,  WARRAKE",WARRAKE,OWAN EAST,6.99793302,6.17109697,36433
12,16,11,003,12/16/11/003,"SPACE BY CUSTOMARY COURT,  WARRAKE",WARRAKE,OWAN EAST,6.99553542,6.17420659,36434
12,16,11,004,12/16/11/004,"NEAR COCO PRODUCE STORE,  WARRAKE",WARRAKE,OWAN EAST,6.99495902,6.17597677,36435
12,16,11,005,12/16/11/005,"UGBEVBOJE PRIMARY SCHOOL, WARRAKE",WARRAKE,OWAN EAST,7.00179650,6.17080882,36436
12,16,11,006,12/16/11/006,"MARKET SQUARE B/W AFOKOSO,  WARRAKE",WARRAKE,OWAN EAST,6.99325453,6.17470096,36437
12,16,11,007,12/16/11/007,"MARKET SQUARE B/W AFOKOSO,  WARRAKE",WARRAKE,OWAN EAST,6.99497131,6.17597949,36438
12,16,11,008,12/16/11/008,"AGBALOSUN PRIMARY SCHOO,  WARRAKE",WARRAKE,OWAN EAST,6.99236224,6.18443753,36439
12,16,11,009,12/16/11/009,IGBIRA CAMP IYAKHARA,WARRAKE,OWAN EAST,6.98686680,6.19522789,36440
12,16,11,010,12/16/11/010,"MATERNITY CENTRE,  WARRAKE",WARRAKE,OWAN EAST,6.98753163,6.19234727,36441
12,16,11,011,12/16/11/011,"MARKET SQUARE B/W UZOFOR,  WARRAKE",WARRAKE,OWAN EAST,6.99326615,6.17472511,36442
12,16,11,012,12/16/11/012,"MARKET SQUARE PROPER, WARRAKE",WARRAKE,OWAN EAST,6.99496602,6.17600273,36443
12,16,11,013,12/16/11/013,"NEAR COCOA PRODUCE STORE,  IYADON",WARRAKE,OWAN EAST,6.99511631,6.18056894,36444
12,17,01,001,12/17/01/001,"UNDER A TREE BY NO. 19 UHONMORA ROAD,  OZALLA I",OZALLA,OWAN WEST,6.80065100,6.01408455,36445
12,17,01,002,12/17/01/002,"UNDER A TREE BY NO. 19 UHONMORA ROAD,  OZALLA II",OZALLA,OWAN WEST,6.80064945,6.01409474,36446
12,17,01,003,12/17/01/003,"ORHUEN PRIMARY SCHOOL, OZALLA  I",OZALLA,OWAN WEST,6.80165791,6.02193733,36447
12,17,01,004,12/17/01/004,"ORHUEN PRIMARY SCHOOL, OZALLA   II",OZALLA,OWAN WEST,6.80165924,6.02193390,36448
12,17,01,005,12/17/01/005,OZALLA PRIMARY SCHOOL OZALLA   III,OZALLA,OWAN WEST,6.79873342,6.02511873,36449
12,17,01,006,12/17/01/006,OZALLA PRIMARY SCHOOL OZALLA  IV,OZALLA,OWAN WEST,6.79873768,6.02513494,36450
12,17,01,007,12/17/01/007,"C. R. I. N PRIMARY SCHOOL,  OZALLA",OZALLA,OWAN WEST,6.83569983,5.96498356,36451
12,17,01,008,12/17/01/008,"EKWERAN CAMP,  OZALLA",OZALLA,OWAN WEST,6.82507803,6.03816555,36452
12,17,01,009,12/17/01/009,"UKATO CAMP,  OZALLA",OZALLA,OWAN WEST,6.81725881,5.98538359,36453
12,17,02,001,12/17/02/001,"OWERE PRIMARY SCHOOL, UHONMORA  I",UHONMORA,OWAN WEST,6.87341295,5.94772355,36454
12,17,02,002,12/17/02/002,"OWERE PRIMARY SCHOOL, UHONMORA  II",UHONMORA,OWAN WEST,6.87341423,5.94773107,36455
12,17,02,003,12/17/02/003,"OWERE PRIMARY SCHOOL, UHONMORA   III",UHONMORA,OWAN WEST,6.87341834,5.94773303,36456
12,17,02,004,12/17/02/004,"OKPO PRIMARY SCHOOL, UHONMORA  I",UHONMORA,OWAN WEST,6.86995189,5.94820164,36457
12,17,02,005,12/17/02/005,"OKPO PRIMARY SCHOOL, UHONMORA  II",UHONMORA,OWAN WEST,6.86995133,5.94822341,36458
12,17,02,006,12/17/02/006,"OKPO PRIMARY SCHOOL, UHONMORA  III",UHONMORA,OWAN WEST,6.86995495,5.94820674,36459
12,17,02,007,12/17/02/007,"SPACE NEAR UHONMORA TOWN HALL, UHONMORA  I",UHONMORA,OWAN WEST,6.87118658,5.94848161,36460
12,17,02,008,12/17/02/008,"SPACE NEAR UHONMORA TOWN HALL, UHONMORA   II",UHONMORA,OWAN WEST,6.87118955,5.94848935,36461
12,17,02,009,12/17/02/009,"BY OMUEBEN RD., UHONMORA",UHONMORA,OWAN WEST,6.86846410,5.95040484,36462
12,17,02,010,12/17/02/010,"EBEN PRIMARY SCHOOL, UHONMORA  I",UHONMORA,OWAN WEST,6.86437633,5.95270630,36463
12,17,02,011,12/17/02/011,"EBEN PRIMARY SCHOOL, UHONMORA   II",UHONMORA,OWAN WEST,6.86438329,5.95271041,36464
12,17,02,012,12/17/02/012,"EBEN PRIMARY SCHOOL, UHONMORA    III",UHONMORA,OWAN WEST,6.86438549,5.95271162,36465
12,17,02,013,12/17/02/013,"EBEN PRIMARY SCHOOL, UHONMORA    IV",UHONMORA,OWAN WEST,6.86438815,5.95271331,36466
12,17,03,001,12/17/03/001,"OHIA TOWN HALL,  EME-ORA",EME-ORA/OKE,OWAN WEST,6.91370023,5.95271496,36467
12,17,03,002,12/17/03/002,"UGUANROBA P/SCHOOL,  EME-ORA",EME-ORA/OKE,OWAN WEST,6.90743279,5.96178940,36468
12,17,03,003,12/17/03/003,"ST MARY'S GRAM. SCHOOL,  EME-ORA I",EME-ORA/OKE,OWAN WEST,6.90090174,5.96146629,36469
12,17,03,004,12/17/03/004,"ST MARY'S GRAM. SCHOOL,  EME-ORA  II",EME-ORA/OKE,OWAN WEST,6.90090886,5.96144118,36470
12,17,03,005,12/17/03/005,"ODEIJE P/SCHOOL, EME-ORA  I",EME-ORA/OKE,OWAN WEST,6.91368201,5.96606796,36471
12,17,03,006,12/17/03/006,"ODEIJE P/SCHOOL,  EME-ORA  II",EME-ORA/OKE,OWAN WEST,6.91367848,5.96606799,36472
12,17,03,007,12/17/03/007,"TOWN HALL,  EME - ORA  I",EME-ORA/OKE,OWAN WEST,6.91119389,5.96518480,36473
12,17,03,008,12/17/03/008,"TOWN HALL,  EME - ORA   II",EME-ORA/OKE,OWAN WEST,6.91117930,5.96519772,36474
12,17,03,009,12/17/03/009,"OWATO P/SCHOOL,  OKE OLD  I",EME-ORA/OKE,OWAN WEST,6.93217998,5.94027085,36475
12,17,03,010,12/17/03/010,"OWATO P/SCHOOL,  OKE OLD  II",EME-ORA/OKE,OWAN WEST,6.93218868,5.94028167,36476
12,17,03,011,12/17/03/011,"OWATO P/SCHOOL,  OKE OLD  III",EME-ORA/OKE,OWAN WEST,6.93218895,5.94028223,36477
12,17,03,012,12/17/03/012,EBULE/UGBIRIRI       I,EME-ORA/OKE,OWAN WEST,6.96790696,5.95451664,36478
12,17,03,013,12/17/03/013,EBULE/UGBIRIRI       II,EME-ORA/OKE,OWAN WEST,6.96790019,5.95452151,36479
12,17,03,014,12/17/03/014,IKHIDE HOSPITAL FIELD,EME-ORA/OKE,OWAN WEST,6.91547753,5.93675661,36480
12,17,03,015,12/17/03/015,NEAR OKE NEW MARKET   I,EME-ORA/OKE,OWAN WEST,6.90952585,5.92904337,36481
12,17,03,016,12/17/03/016,NEAR OKE NEW MARKET   II,EME-ORA/OKE,OWAN WEST,6.90952088,5.92904586,36482
12,17,03,017,12/17/03/017,OWATO PRIMARY SCHOOL OKE NEW   I,EME-ORA/OKE,OWAN WEST,6.91432986,5.92385508,36483
12,17,03,018,12/17/03/018,OWATO PRIMARY SCHOOL OKE NEW    II,EME-ORA/OKE,OWAN WEST,6.91432446,5.92384987,36484
12,17,04,001,12/17/04/001,"HOLY TRINITY G/SCHOOL , SABONGIDA ORA",SABONGIDA/ORA/OGBETURU,OWAN WEST,6.89824198,5.93707300,36485
12,17,04,002,12/17/04/002,"EVBIOBE CENTRAL SCH., SABONGIDA ORA  I",SABONGIDA/ORA/OGBETURU,OWAN WEST,6.89919468,5.93627203,36486
12,17,04,003,12/17/04/003,"EVBIOBE CENTRAL SCH. , SABONGIDA ORA   II",SABONGIDA/ORA/OGBETURU,OWAN WEST,6.89919669,5.93627108,36487
12,17,04,004,12/17/04/004,"BESIDE CUSTOMARY COURT , SABONGIDDA ORA",SABONGIDA/ORA/OGBETURU,OWAN WEST,6.90556351,5.93756855,36488
12,17,04,005,12/17/04/005,"EVBOBE P/SCHOOL,  SABONGIDDA ORA I",SABONGIDA/ORA/OGBETURU,OWAN WEST,6.90634412,5.93678994,36489
12,17,04,006,12/17/04/006,"EVBOBE P/SCHOOL,  SABONGIDDA ORA  II",SABONGIDA/ORA/OGBETURU,OWAN WEST,6.90633439,5.93677990,36490
12,17,04,007,12/17/04/007,"OBE P/SCHOOL,  SABONGIDDA ORA  I",SABONGIDA/ORA/OGBETURU,OWAN WEST,6.90314470,5.93133076,36491
12,17,04,008,12/17/04/008,"OBE P/SCHOOL,  SABONGIDDA ORA  II",SABONGIDA/ORA/OGBETURU,OWAN WEST,6.90314063,5.93132966,36492
12,17,04,009,12/17/04/009,"OBE P/SCHOOL,  SABONGIDDA ORA   III",SABONGIDA/ORA/OGBETURU,OWAN WEST,6.90314809,5.93133569,36493
12,17,04,010,12/17/04/010,"BY OVBIARE IKHEODE HOUSE,  SABONGIDDA ORA   I",SABONGIDA/ORA/OGBETURU,OWAN WEST,6.90577382,5.93337217,36494
12,17,04,011,12/17/04/011,"BY OVBIARE IKHEODE HOUSE,  SABONGIDDA ORA   II",SABONGIDA/ORA/OGBETURU,OWAN WEST,6.90579059,5.93339186,36495
12,17,04,012,12/17/04/012,"OGWAIDI BY IDUMU,  SABONGIDDA ORA  I",SABONGIDA/ORA/OGBETURU,OWAN WEST,6.90356904,5.93590909,36496
12,17,04,013,12/17/04/013,"OGWAIDI BY IDUMU,  SABONGIDDA ORA   II",SABONGIDA/ORA/OGBETURU,OWAN WEST,6.90358009,5.93590859,36497
12,17,04,014,12/17/04/014,"UGBUBEZI P/SCHOOL,  UGBUBEDO I",SABONGIDA/ORA/OGBETURU,OWAN WEST,6.87401818,5.87336724,36498
12,17,04,015,12/17/04/015,"UGBUBEZI P/SCHOOL, UGBUBEDO  II",SABONGIDA/ORA/OGBETURU,OWAN WEST,6.87401622,5.87335813,36499
12,17,04,016,12/17/04/016,"ATORURU CAMP P/SCHOOL,  UGBUBEDO  I",SABONGIDA/ORA/OGBETURU,OWAN WEST,6.86153285,5.85876021,36500
12,17,04,017,12/17/04/017,"ATORURU CAMP P/SCHOOL,  UGBUBEDO  II",SABONGIDA/ORA/OGBETURU,OWAN WEST,6.86152800,5.85875956,36501
12,17,04,018,12/17/04/018,"ATORURU CAMP P/SCHOOL,  UGBUBEDO  III",SABONGIDA/ORA/OGBETURU,OWAN WEST,6.84318301,5.83451374,36502
12,17,04,019,12/17/04/019,"ATORURU CAMP P/SCHOOL,  UGBUBEDO   IV",SABONGIDA/ORA/OGBETURU,OWAN WEST,6.84942572,5.81003993,36503
12,17,04,020,12/17/04/020,OPEN SPACE OPPOSITE OLD OWAN WEST PARK,SABONGIDA/ORA/OGBETURU,OWAN WEST,6.90092310,5.92743310,634101
12,17,05,001,12/17/05/001,"EHORO P/SCHOOL,  AVBIOSI      I",AVBIOSI,OWAN WEST,6.96105009,5.91192454,36504
12,17,05,002,12/17/05/002,"EHORO P/SCHOOL,  AVBIOSI       II",AVBIOSI,OWAN WEST,6.96105240,5.91192081,36505
12,17,05,003,12/17/05/003,"EHORO P/SCHOOL, AVBIOSI         III",AVBIOSI,OWAN WEST,6.96105660,5.91193663,36506
12,17,05,004,12/17/05/004,"IVLEHA PRIMARY SCHOOL,  AVBIOSI       I",AVBIOSI,OWAN WEST,6.95763730,5.91371701,36507
12,17,05,005,12/17/05/005,"IVLEHA PRIMARY SCHOOL,  AVBIOSI       II",AVBIOSI,OWAN WEST,6.95763940,5.91372630,36508
12,17,05,006,12/17/05/006,"IVLEHA PRIMARY SCHOOL , AVBIOSI       III",AVBIOSI,OWAN WEST,6.95764225,5.91372856,36509
12,17,05,007,12/17/05/007,"UMENDE PRIMARY SCHOOL, AVBIOSI       I",AVBIOSI,OWAN WEST,6.99510024,5.91158300,36510
12,17,05,008,12/17/05/008,"UMENDE PRIMARY SCHOOL, AVBIOSI       II",AVBIOSI,OWAN WEST,6.99511214,5.91157840,36511
12,17,05,009,12/17/05/009,"UMENDE PRIMARY SCHOOL,  AVBIOSI       III",AVBIOSI,OWAN WEST,6.99509646,5.91157360,36512
12,17,05,010,12/17/05/010,"UGBADA CAMP P/SCHOOL,  AVBIOSI              I",AVBIOSI,OWAN WEST,6.99736939,5.96073461,36513
12,17,05,011,12/17/05/011,"UGBADA CAMP P/SCHOOL , AVBIOSI             II",AVBIOSI,OWAN WEST,6.99736240,5.96073825,36514
12,17,05,012,12/17/05/012,"OBI CAMP P/SCHOOL,  AVBIOSI",AVBIOSI,OWAN WEST,6.96204735,5.82035114,36515
12,17,05,013,12/17/05/013,"IGBIRA CAMP P/SCHOOL,  AVBIOSI",AVBIOSI,OWAN WEST,6.96403984,5.83762812,36516
12,17,06,001,12/17/06/001,"ETEASEME PRIMARY SCHOOL,  UKHUSE-OSI       I",UKHUSE -OSI,OWAN WEST,7.03221193,5.92300706,36517
12,17,06,002,12/17/06/002,"ETEASEME PRIMARY SCHOOL , UKHUSE-OSI       II",UKHUSE -OSI,OWAN WEST,7.03222693,5.92300383,36518
12,17,06,003,12/17/06/003,"ETEASEME PRIMARY SCHOOL,  OKAGBARO OHIA UKHUSE  I",UKHUSE -OSI,OWAN WEST,7.03496861,5.92397061,36519
12,17,06,004,12/17/06/004,"ETEASEME PRIMARY SCHOOL,  OKAGBARO OHIA UKHUSE   II",UKHUSE -OSI,OWAN WEST,7.03496926,5.92397549,36520
12,17,06,005,12/17/06/005,"AWEKA PRIMARY SCHOOL,  UKHUSE  I",UKHUSE -OSI,OWAN WEST,7.01648503,5.91822741,36521
12,17,06,006,12/17/06/006,"AWEKA PRIMARY SCHOOL,  UKHUSE    II",UKHUSE -OSI,OWAN WEST,7.01647493,5.91824331,36522
12,17,06,007,12/17/06/007,"OWARA PRIMARY SCHOOL,  UKHUSE   I",UKHUSE -OSI,OWAN WEST,7.01774241,5.92260721,36523
12,17,06,008,12/17/06/008,"OWARA PRIMARY SCHOOL,  UKHUSE    II",UKHUSE -OSI,OWAN WEST,7.01775575,5.92259290,36524
12,17,06,009,12/17/06/009,BESIDE ADULT EDUCATION CENTRE       I,UKHUSE -OSI,OWAN WEST,7.03991754,5.89601463,36525
12,17,06,010,12/17/06/010,BESIDE ADULT EDUCATION CENTRE       II,UKHUSE -OSI,OWAN WEST,7.03992687,5.89601740,36526
12,17,07,001,12/17/07/001,"OSEZE PRIMARY SCHOOL,  ERUERE         I",ERUERE,OWAN WEST,7.05771793,5.92876701,36527
12,17,07,002,12/17/07/002,"OSEZE PRIMARY SCHOOL,  ERUERE         II",ERUERE,OWAN WEST,7.05773665,5.92875497,36528
12,17,07,003,12/17/07/003,"OSEZE PRIMARY SCHOOL,  ERUERE         III",ERUERE,OWAN WEST,7.05774660,5.92874656,36529
12,17,07,004,12/17/07/004,OSE -CAMP(ALONG ERUERE (UHE ROAD) ERUERE   I,ERUERE,OWAN WEST,7.06661384,5.92081947,36530
12,17,07,005,12/17/07/005,"OSE -CAMP(ALONG ERUERE(UHE ROAD) , ERUERE   II",ERUERE,OWAN WEST,7.06662295,5.92081419,36531
12,17,07,006,12/17/07/006,"OPEN FIELD,  ERUERE   I",ERUERE,OWAN WEST,7.06401367,5.92484647,36532
12,17,07,007,12/17/07/007,"OPEN FIELD,  ERUERE    II",ERUERE,OWAN WEST,7.08160636,5.93609290,36533
12,17,07,008,12/17/07/008,"OSEZE PRIMARY SCHOOL,  ERUERE    I",ERUERE,OWAN WEST,7.05773997,5.92874572,36534
12,17,07,009,12/17/07/009,"OSEZE PRIMARY SCHOOL,  ERUERE    II",ERUERE,OWAN WEST,7.05773358,5.92875680,36535
12,17,08,001,12/17/08/001,"BORE - HOLE, OKPUJE",OKPUJE,OWAN WEST,7.03568561,5.88692797,36536
12,17,08,002,12/17/08/002,"OSAIJE PRIMARY SCHOOL,  OKPUJE       I",OKPUJE,OWAN WEST,7.03167618,5.88804060,36537
12,17,08,003,12/17/08/003,"OSAIJE PRIMARY SCHOOL,  OKPUJE       II",OKPUJE,OWAN WEST,7.03166665,5.88804242,36538
12,17,08,004,12/17/08/004,"UNDER A TREE IVBIODOHEN,  OKPUJE",OKPUJE,OWAN WEST,7.03540487,5.88827969,36539
12,17,08,005,12/17/08/005,"BY ASIKHEODE IVBIODOHEN,  OKPUJE      I",OKPUJE,OWAN WEST,7.03541289,5.88826620,36540
12,17,08,006,12/17/08/006,"BY IVBIODOHEN TOWN HAL,  OKPUJE       II",OKPUJE,OWAN WEST,7.03463738,5.88863358,36541
12,17,08,007,12/17/08/007,"ISLAMIC SCHOOL UNDER A TREE, IGBIRA CAMP",OKPUJE,OWAN WEST,7.07470370,5.85813800,36542
12,17,08,008,12/17/08/008,"ISLAMIC SCHOOL IVBIODOHEN,  IGBIRA CAMP    I",OKPUJE,OWAN WEST,7.07467679,5.85815030,36543
12,17,08,009,12/17/08/009,"ISLAMIC SCHOOL IVBIODOHEN, IGBIRA CAMP      II",OKPUJE,OWAN WEST,7.07466956,5.85815835,36544
12,17,08,010,12/17/08/010,"EFUARE P/SCHOOL,  AVBIOGHOLA/OKPUJE     I",OKPUJE,OWAN WEST,7.02609120,5.88593785,36545
12,17,08,011,12/17/08/011,"EFUARE P/SCHOOL,  AVBIOGHOLA/OKPUJE     II",OKPUJE,OWAN WEST,7.02617515,5.88597732,36546
12,17,08,012,12/17/08/012,"OLEKE P/SCHOOL , IKPAYAN    I",OKPUJE,OWAN WEST,7.02273741,5.88588353,36547
12,17,08,013,12/17/08/013,"OLEKE P/SCHOOL, IKPAYAN   II",OKPUJE,OWAN WEST,7.02273760,5.88589472,36548
12,17,08,014,12/17/08/014,"ILEVBIOJE P/SCHOOL , IKPAYAN      I",OKPUJE,OWAN WEST,7.01984737,5.88794032,36549
12,17,08,015,12/17/08/015,"ILEVBIOJE P/SCHOOL , IKPAYAN       II",OKPUJE,OWAN WEST,7.01985574,5.88794880,36550
12,17,08,016,12/17/08/016,BY ASIKHEODE AVBIOLA/ OKPUJU,OKPUJE,OWAN WEST,7.02600969,5.88588979,36551
12,17,08,017,12/17/08/017,"EGUAOJE PRY. SCH. ,  AVBIOLA/ OKPUJU   I",OKPUJE,OWAN WEST,7.03784050,5.89001340,36552
12,17,08,018,12/17/08/018,"EGUAOJE P/SCHOOL,   AVBIOLA/OKPUJU   II",OKPUJE,OWAN WEST,7.03784675,5.89000653,36553
12,17,09,001,12/17/09/001,"BY OLD COURT HALL,  UZEBBA     I",UZEBBA  I,OWAN WEST,7.00294492,5.91317581,36554
12,17,09,002,12/17/09/002,"BY OLD COURT HALL,  UZEBBA     II",UZEBBA  I,OWAN WEST,7.00294311,5.91317880,36555
12,17,09,003,12/17/09/003,"OLEGUAMA P/SCHOOL,  UZEBBA     I",UZEBBA  I,OWAN WEST,7.00346995,5.91387760,36556
12,17,09,004,12/17/09/004,"OLEGUAMA P/SCHOOL , UZEBBA     II",UZEBBA  I,OWAN WEST,7.00348304,5.91387110,36557
12,17,09,005,12/17/09/005,"UZEBBA TOWN HALL , UZEBBA      I",UZEBBA  I,OWAN WEST,6.99899352,5.90939158,36558
12,17,09,006,12/17/09/006,"UZEBBA TOWN HALL,  UZEBBA      II",UZEBBA  I,OWAN WEST,6.99899204,5.90939008,36559
12,17,09,007,12/17/09/007,"BACK OF AREA COUNCIL OFFICE,  UZEBBA    I",UZEBBA  I,OWAN WEST,6.99926811,5.90912552,36560
12,17,09,008,12/17/09/008,"BACK OF AREA COUNCIL OFFICE,  UZEBBA     II",UZEBBA  I,OWAN WEST,6.99926286,5.90912891,36561
12,17,09,009,12/17/09/009,"NEAR OBA'S OLD HOUSE ULEYON QTS,  UZEBBA    I",UZEBBA  I,OWAN WEST,7.00035746,5.90845249,36562
12,17,09,010,12/17/09/010,"NEAR OBA'S OLD HOUSE ULEYON QTS,  UZEBBA    II",UZEBBA  I,OWAN WEST,7.00035817,5.90847029,36563
12,17,09,011,12/17/09/011,"MISSION ROAD BY EJEKHILE,  UZEBBA    I",UZEBBA  I,OWAN WEST,7.00042562,5.90983604,36564
12,17,09,012,12/17/09/012,"MISSION ROAD BY EJEKHILE,  UZEBBA   II",UZEBBA  I,OWAN WEST,7.00042591,5.90984261,36565
12,17,10,001,12/17/10/001,"OKHAIDE P/SCHOOL,  UZEBBA  II-  I",UZEBBA  II,OWAN WEST,6.99909984,5.90264203,36566
12,17,10,002,12/17/10/002,"OKHAIDE P/SCHOOL,  UZEBBA  II-   II",UZEBBA  II,OWAN WEST,6.99909873,5.90263359,36567
12,17,10,003,12/17/10/003,"UNUEHI GRAMMER SCHOOL , UZEBBA  II-  I",UZEBBA  II,OWAN WEST,6.99560245,5.89784856,36568
12,17,10,004,12/17/10/004,"UNUEHI GRAMMER SCHOOL , UZEBBA  II-   II",UZEBBA  II,OWAN WEST,6.99558981,5.89783173,36569
12,17,10,005,12/17/10/005,"GRACE NURSERY SCHOOL,  UZEBBA  II   -   I",UZEBBA  II,OWAN WEST,6.99804064,5.90478038,36570
12,17,10,006,12/17/10/006,"GRACE NURSERY SCHOOL,  UZEBBA  II -    II",UZEBBA  II,OWAN WEST,6.99804087,5.90478618,36571
12,17,10,007,12/17/10/007,"UMIEHI CENTRAL SCHOOL, UZEBBA    I",UZEBBA  II,OWAN WEST,6.99536681,5.90199024,36572
12,17,10,008,12/17/10/008,"UMIEHI CENTRAL SCHOOL,  UZEBBA   II",UZEBBA  II,OWAN WEST,6.99536998,5.90198597,36573
12,17,10,009,12/17/10/009,"BY OKADA PARK, UZEBBA  II - I",UZEBBA  II,OWAN WEST,6.99617491,5.90425915,36574
12,17,10,010,12/17/10/010,"BY OKADA PARK,  UZEBBA  II - II",UZEBBA  II,OWAN WEST,6.99618193,5.90425213,36575
12,17,11,001,12/17/11/001,"ST STEPHEN'S P/SCHOOL,  SOBE",SOBE,OWAN WEST,6.84938981,5.77370115,36576
12,17,11,002,12/17/11/002,"ALIFAN BY RIGHT, SOBE",SOBE,OWAN WEST,6.84794703,5.77540417,36577
12,17,11,003,12/17/11/003,"TOWN HALL,  SOBE",SOBE,OWAN WEST,6.84796951,5.77758052,36578
12,17,11,004,12/17/11/004,"NEAR ODIGIE'S HOUSE,  SOBE",SOBE,OWAN WEST,6.84841313,5.77421925,36579
12,17,11,005,12/17/11/005,"NEAR EGUABOR'S HOUSE BY RIGHT,  SOBE",SOBE,OWAN WEST,6.84785579,5.77562388,36580
12,17,11,006,12/17/11/006,"ALUFE ST. BY RIGHT,  SOBE",SOBE,OWAN WEST,6.84785727,5.77561320,36581
12,17,11,007,12/17/11/007,"L.A. SCHOOL,  SOBE",SOBE,OWAN WEST,6.85134584,5.77398217,36582
12,17,11,008,12/17/11/008,"ST STEPHEN'S P/SCHOOL,  SOBE",SOBE,OWAN WEST,6.84939155,5.77370503,36583
12,17,11,009,12/17/11/009,"ST. EUGENE P/SCHOOL,  SOBE",SOBE,OWAN WEST,6.85552363,5.77711080,36584
12,17,11,010,12/17/11/010,"GOLD HOUSE BY RIGHT,  SOBE",SOBE,OWAN WEST,6.84963562,5.77781851,36585
12,17,11,011,12/17/11/011,"OPPOSITE MAGOUS HOUSE,  SOBE",SOBE,OWAN WEST,6.84955205,5.77902621,36586
12,17,11,012,12/17/11/012,"AT UDOGIE BY RIGHT,  SOBE I",SOBE,OWAN WEST,6.84747235,5.77485354,36587
12,17,11,013,12/17/11/013,"AT UDOGIE BY RIGHT,  SOBE  II",SOBE,OWAN WEST,6.84748277,5.77521366,36588
12,17,11,014,12/17/11/014,"IFIDON BY RIGHT,  SOBE",SOBE,OWAN WEST,6.85090747,5.77651855,36589
12,17,11,015,12/17/11/015,"AT UWOLO BY RGHT,  SOBE",SOBE,OWAN WEST,6.84590373,5.77779384,36590
12,17,11,016,12/17/11/016,"ISIKHALA BY RIGHT,  SOBE   I",SOBE,OWAN WEST,6.84696404,5.77849257,36591
12,17,11,017,12/17/11/017,"ISIKHALA BY RIGHT,  SOBE   II",SOBE,OWAN WEST,6.84591073,5.77778845,36592
12,17,11,019,12/17/11/019,NEAR ODEBAH HOUSE SOBE,SOBE,OWAN WEST,6.84434664,5.77849063,36594
12,18,01,001,12/18/01/001,UGIAMWEN - UGIAMWEN P/SCHOOL,EHOR,UHUNMWODE,6.67925452,6.08903783,36595
12,18,01,002,12/18/01/002,UGIAMWEN - UGIAMWEN GRAMMAR SCHOOL,EHOR,UHUNMWODE,6.67307291,6.08160337,36596
12,18,01,003,12/18/01/003,UKPOGO- UKPOGO P/SCHOOL,EHOR,UHUNMWODE,6.65532050,6.04689564,36597
12,18,01,004,12/18/01/004,"UGBIYOKHO , UGBIYOKHO P/SCHOOL",EHOR,UHUNMWODE,6.64932858,6.08549709,36598
12,18,01,005,12/18/01/005,EHOR - ARUOSA PRIMARY SCHOOL,EHOR,UHUNMWODE,6.61509570,5.98009383,36599
12,18,01,006,12/18/01/006,EHOR - OGBE P/SCHOOL,EHOR,UHUNMWODE,6.60758158,5.96913609,36600
12,18,01,007,12/18/01/007,EHOR - EGUADA P/SCHOOL,EHOR,UHUNMWODE,6.61954781,5.99494057,36601
12,18,01,008,12/18/01/008,ABUMERE ABUMERE P/SCHOOL,EHOR,UHUNMWODE,6.69818728,6.03828647,36602
12,18,01,009,12/18/01/009,"OKEMUEN,  OKEMUEN P/SCHOOL",EHOR,UHUNMWODE,6.66487566,6.01615436,36603
12,18,01,010,12/18/01/010,"UGBIYAYA,  UGBIYAYA P/SCHOOL",EHOR,UHUNMWODE,6.68455244,5.99531578,36604
12,18,01,012,12/18/01/012,EHOR POST OFFICE,EHOR,UHUNMWODE,6.60833750,5.97972650,634109
12,18,01,013,12/18/01/013,EHOR GRAMMAR SCHOOL EHOR,EHOR,UHUNMWODE,6.60833750,5.97972650,634110
12,18,01,017,12/18/01/017,EHOR MARKET SQUARE,EHOR,UHUNMWODE,6.60833750,5.97972650,634114
12,18,02,001,12/18/02/001,"UGIEGHUDU,  ESIGIE P/SCHOOL",UHI,UHUNMWODE,6.53430024,6.03854790,36605
12,18,02,002,12/18/02/002,"EGBISI,  EGBISI (OPEN SPACE)",UHI,UHUNMWODE,6.49296740,6.04682190,36606
12,18,02,003,12/18/02/003,"UGIEGHUDU,  IDIA P/SCHOOL",UHI,UHUNMWODE,6.54197769,6.03565430,36607
12,18,02,004,12/18/02/004,"UGIEGHUDU,  TOWN HALL",UHI,UHUNMWODE,6.53657732,6.03795625,36608
12,18,02,005,12/18/02/005,"OBAZAGBON,  OBAZAGBON P/SCHOOL",UHI,UHUNMWODE,6.51623088,6.07663848,36609
12,18,02,006,12/18/02/006,"UHI,  BAPTIST PRIMARY SCHOOL",UHI,UHUNMWODE,6.59899120,6.00938568,36610
12,18,02,007,12/18/02/007,"UHI , IDUNMWUNOGO P/SCHOOL",UHI,UHUNMWODE,6.59432562,6.01216300,36611
12,18,02,008,12/18/02/008,UHI- AKUGBE PRIMARY SCHOOL,UHI,UHUNMWODE,6.57627272,6.01304948,36612
12,18,02,009,12/18/02/009,ERHIBORHIBO - ERHIBORHIRO PRIMARY SCHOOL,UHI,UHUNMWODE,6.60127092,6.00353620,36613
12,18,02,010,12/18/02/010,"OPEN SPACE, OPPOSITE ANGLICAN CHURCH, UHIMWENTO",UHI,UHUNMWODE,6.57946973,6.01019975,634131
12,18,03,001,12/18/03/001,IGIEDUMA - ODOGBO PRIMARY SCHOOL,IGIEDUMA,UHUNMWODE,6.59054185,5.95273416,36614
12,18,03,002,12/18/03/002,"IRIWE,  OPEN SPACE",IGIEDUMA,UHUNMWODE,6.56317310,5.96619202,36615
12,18,03,003,12/18/03/003,ERUA -OGISO PRIMARY SCHOL,IGIEDUMA,UHUNMWODE,6.57440366,5.90409451,36616
12,18,03,004,12/18/03/004,"ERUA , OLD ERUA PRIMARY SCHOOL",IGIEDUMA,UHUNMWODE,6.58949918,5.94714009,36617
12,18,03,005,12/18/03/005,UTENI - UTERI PRIMARY SCHOOL,IGIEDUMA,UHUNMWODE,6.57643152,5.92762703,36618
12,18,03,006,12/18/03/006,UGHA ERE PRIMARY SCHOOL,IGIEDUMA,UHUNMWODE,6.54837129,5.87784677,36619
12,18,03,007,12/18/03/007,OBASOGIE - OBASOGIE PRIMARY SCHOOL,IGIEDUMA,UHUNMWODE,6.56618877,5.89140367,36620
12,18,04,001,12/18/04/001,"ORHUA,  ORHUAKHIDE PRIMARY SCHOOL",IRHUE,UHUNMWODE,6.77003518,5.98381037,36621
12,18,04,002,12/18/04/002,"ORHUA,  OLD R.C.M.",IRHUE,UHUNMWODE,6.76639173,5.98253128,36622
12,18,04,003,12/18/04/003,"OKE,  IDIA  PRIMARY SCHOOL",IRHUE,UHUNMWODE,6.69878867,5.90091901,36623
12,18,04,004,12/18/04/004,"OKE,  OLD R.C.M. P/SCHOOL",IRHUE,UHUNMWODE,6.69867656,5.90009525,36624
12,18,04,005,12/18/04/005,"IRHUE,  OSARO PRIMARY SCHOOL",IRHUE,UHUNMWODE,6.68811464,5.93828654,36625
12,18,04,006,12/18/04/006,UMOKPE - UMOKPE PRIMARY SCHOOL,IRHUE,UHUNMWODE,6.68281319,5.94494073,36626
12,18,04,007,12/18/04/007,EKPAN - EKPAN PRIMARY SCHOOL,IRHUE,UHUNMWODE,6.69204840,5.91445681,36627
12,18,04,008,12/18/04/008,CIVIC CENTER ORHUA,IRHUE,UHUNMWODE,6.61628836,5.98160841,634119
12,18,04,009,12/18/04/009,"OPEN SPACE OKADA PARK, OKE",IRHUE,UHUNMWODE,6.69870665,5.89858834,634120
12,18,05,001,12/18/05/001,AZAGBA - ARUOSA PRIMARY SCHOOL,UMAGBAE NORTH,UHUNMWODE,6.37670386,5.74108072,36628
12,18,05,002,12/18/05/002,"IKHUENIRO,  UWA P/SCHOOL",UMAGBAE NORTH,UHUNMWODE,6.33423031,5.73187393,36629
12,18,05,003,12/18/05/003,IGUOMO - IGUOMO PRIMARY SCHOOL,UMAGBAE NORTH,UHUNMWODE,6.34527392,5.73399543,36630
12,18,05,004,12/18/05/004,IGUE-UWANGUE UWANGUE P/SCHOOL,UMAGBAE NORTH,UHUNMWODE,6.39282854,5.83120734,36631
12,18,05,005,12/18/05/005,"IRIGHON,  ADAGBAFI PRIMARY SCHOOL",UMAGBAE NORTH,UHUNMWODE,6.36962889,5.78789075,36632
12,18,05,006,12/18/05/006,IGUOZEVBARU - EHIOZE P/SCHOOL,UMAGBAE NORTH,UHUNMWODE,6.47353767,5.83057968,36633
12,18,05,007,12/18/05/007,IGUOVBIAHIANMWEN -AIBUEKU P/SCHOOL,UMAGBAE NORTH,UHUNMWODE,6.49620242,5.85075826,36634
12,18,05,008,12/18/05/008,OKHUO - HATMAN ESTATE,UMAGBAE NORTH,UHUNMWODE,6.51986380,5.85926440,36635
12,18,05,009,12/18/05/009,"URHOKUOSA, OKUOSA P/SCHOOL",UMAGBAE NORTH,UHUNMWODE,6.44884024,5.80038634,36636
12,18,05,010,12/18/05/010,EVBUOSA - OPEN SPACE,UMAGBAE NORTH,UHUNMWODE,6.44258025,5.79530860,36637
12,18,05,011,12/18/05/011,IGUOVBIOBO -OBASOGIE P/SCHOOL,UMAGBAE NORTH,UHUNMWODE,6.42571940,5.77788388,36638
12,18,05,012,12/18/05/012,OKPAGHA COMMUNITY TOWN HALL,UMAGBAE NORTH,UHUNMWODE,6.35548500,5.75593800,634132
12,18,05,013,12/18/05/013,"OPEN SPACE OPPOSITE REVIVAL CHURCH BYE PASS, IKHUENIRO",UMAGBAE NORTH,UHUNMWODE,6.32939500,5.75422500,634133
12,18,05,014,12/18/05/014,OPEN SPACE INEC HOUSING ESTATE IKHUENIRO,UMAGBAE NORTH,UHUNMWODE,6.30710300,5.74576500,634134
12,18,05,015,12/18/05/015,IGUOMO SECONDARY SCHOOL,UMAGBAE NORTH,UHUNMWODE,6.34876157,5.73411830,634135
12,18,05,016,12/18/05/016,OPEN SPACE BY THE COMMUNITY BOREHOLE EKIUGBO,UMAGBAE NORTH,UHUNMWODE,6.39242686,5.78977011,634136
12,18,05,017,12/18/05/017,OPEN SPACE MINISTRY OF AGRICULTURE OKHUO VILLAGE,UMAGBAE NORTH,UHUNMWODE,6.57341485,5.86037658,634137
12,18,05,018,12/18/05/018,"OPEN SPACE SKILL ACQUISITION CENTER, URHOKUOSA",UMAGBAE NORTH,UHUNMWODE,6.45609346,5.80743682,634138
12,18,05,019,12/18/05/019,"HEALTH CENTER, URHOKUOSA",UMAGBAE NORTH,UHUNMWODE,6.45392498,5.80439016,634139
12,18,05,021,12/18/05/021,"OPEN SPACE BEHIND OLD PALACE, IKHUENIRO",UMAGBAE NORTH,UHUNMWODE,6.33682300,5.71646500,634141
12,18,05,022,12/18/05/022,"IKHUEN-OBO TOWN HALL, IKHUEN-OBO",UMAGBAE NORTH,UHUNMWODE,6.35548500,5.72278700,634142
12,18,06,001,12/18/06/001,AHOR - AKENZUA P/SCHOOL,UMAGBAE SOUTH,UHUNMWODE,6.41599932,5.71681277,36639
12,18,06,002,12/18/06/002,"EKOSE,  EWEDO PRIMARY SCHOOL",UMAGBAE SOUTH,UHUNMWODE,6.42722484,5.74580141,36640
12,18,06,003,12/18/06/003,ORIOR - OWEGIE PRIMARY SCHOOL,UMAGBAE SOUTH,UHUNMWODE,6.41019246,5.67116409,36641
12,18,06,004,12/18/06/004,EGBA AGUEBOR P/SCHOOL,UMAGBAE SOUTH,UHUNMWODE,6.49615859,5.74985142,36642
12,18,06,005,12/18/06/005,EVBU-IYAMU -TOWN HALL,UMAGBAE SOUTH,UHUNMWODE,6.48211424,5.77016088,36643
12,18,06,006,12/18/06/006,IGUOSULA - OBANOSA P/SCHOOL,UMAGBAE SOUTH,UHUNMWODE,6.53852403,5.75089236,36644
12,18,06,007,12/18/06/007,EYAEN -EYAEN P/SCHOOL,UMAGBAE SOUTH,UHUNMWODE,6.38320325,5.71205405,36645
12,18,06,008,12/18/06/008,"UZALA , UZALA P/SCHOOL",UMAGBAE SOUTH,UHUNMWODE,6.45399344,5.71539365,36646
12,18,06,009,12/18/06/009,IDUNMWUNGHA - ASE PRIMARY /SCHOOL,UMAGBAE SOUTH,UHUNMWODE,6.40770262,5.75921192,36647
12,18,06,010,12/18/06/010,"AYEN,  ADOLOR P/SCHOOL",UMAGBAE SOUTH,UHUNMWODE,6.45160641,5.73819733,36648
12,18,06,011,12/18/06/011,"OPEN SPACE OPPOSITE MOSQUE, KARA, AHOR",UMAGBAE SOUTH,UHUNMWODE,6.40496670,5.71859501,634143
12,18,06,012,12/18/06/012,USELUNAHOR COMMUNITY TOWN HALL,UMAGBAE SOUTH,UHUNMWODE,6.41950162,5.72012655,634144
12,18,06,013,12/18/06/013,UHEGIE EVBO -EWEDO TOWN HALL,UMAGBAE SOUTH,UHUNMWODE,6.43007512,5.74207842,634145
12,18,06,014,12/18/06/014,OBA EREDIAUWA  PRIMARY SCHOOL IDUNMWOWINA,UMAGBAE SOUTH,UHUNMWODE,6.39600499,5.68207171,634146
12,18,06,015,12/18/06/015,"IYAYI EFIANAYI GRAMMAR SCHOOL, EGBA",UMAGBAE SOUTH,UHUNMWODE,6.49121324,5.75084992,634147
12,18,06,016,12/18/06/016,"OROWO VILLAGE SQUARE, OROWO",UMAGBAE SOUTH,UHUNMWODE,6.52192659,5.74998155,634148
12,18,06,017,12/18/06/017,EKO-AIMUFUA PRIMARY  SCHOOL,UMAGBAE SOUTH,UHUNMWODE,6.53911158,5.74998155,634149
12,18,06,018,12/18/06/018,"KHALIO BIN ALMA JIRI PRIMARY SCHOOL KARA, EYAEN",UMAGBAE SOUTH,UHUNMWODE,6.37482504,5.70348009,634150
12,18,06,019,12/18/06/019,"IGHEKEPE COMMUNITY TOWN HALL, IGHEKEPE",UMAGBAE SOUTH,UHUNMWODE,6.36757516,5.70879657,634151
12,18,06,020,12/18/06/020,IDOKPA TOWN HALL IDOKPA,UMAGBAE SOUTH,UHUNMWODE,6.39012516,5.73640656,634152
12,18,06,021,12/18/06/021,"EWARE PRIMARY SCHOOL, IDOKPA",UMAGBAE SOUTH,UHUNMWODE,6.39443666,5.73252339,634153
12,18,06,022,12/18/06/022,EYAEN SECONDARY SCHOOL EYAEN,UMAGBAE SOUTH,UHUNMWODE,6.38925486,5.71258318,634154
12,18,06,023,12/18/06/023,"OPEN FIELD OPPOSITE JB MODERN ACADEMY, PIPELINE",UMAGBAE SOUTH,UHUNMWODE,6.39462991,5.69958318,634155
12,18,06,025,12/18/06/025,2+2 MARKET  SQUARE EYEAN,UMAGBAE SOUTH,UHUNMWODE,6.37979208,5.70076093,634156
12,18,06,026,12/18/06/026,OPEN SPACE BY AREA COMMAND EYAEN,UMAGBAE SOUTH,UHUNMWODE,6.39518834,5.72307497,634157
12,18,06,027,12/18/06/027,EYAEN INTERNATIONAL MARKET,UMAGBAE SOUTH,UHUNMWODE,6.37891176,5.95159516,634158
12,18,06,028,12/18/06/028,"VILLAGE SQUARE,OMOMO CAMP UZALA",UMAGBAE SOUTH,UHUNMWODE,6.47207008,5.70355821,634159
12,18,06,029,12/18/06/029,OGUEKA TOWN HALL,UMAGBAE SOUTH,UHUNMWODE,6.41331721,5.76981850,634160
12,18,06,030,12/18/06/030,IDUNMWUNGHA SECONDARY SCHOOL,UMAGBAE SOUTH,UHUNMWODE,6.40323681,5.76032985,634161
12,18,06,031,12/18/06/031,"NATIONAL HOUSING ESTATE IDU_EGIE, ASE",UMAGBAE SOUTH,UHUNMWODE,6.40153990,5.75189330,634162
12,18,06,032,12/18/06/032,"VILLAGE SQUARE, AYEN WATERSIDE AYEN",UMAGBAE SOUTH,UHUNMWODE,6.48290178,5.74609503,634163
12,18,06,024,12/18/06/024,"OPEN FIELD BY ARMY BARRACKS, EYAEN",UMAGBAE SOUTH,UHUNMWODE,6.37890176,5.70795838,675042
12,18,07,001,12/18/07/001,"EGUAEHOLOR , ISI PRIMARY SCHOOL",ISI NORTH,UHUNMWODE,6.42305327,6.02838220,36649
12,18,07,002,12/18/07/002,"EGUAEHOLOR,  ELEIHOR G/SCHOOL",ISI NORTH,UHUNMWODE,6.42440628,6.04002946,36650
12,18,07,003,12/18/07/003,"EKUDO,  TOWN HALL",ISI NORTH,UHUNMWODE,6.42255120,6.03056170,36651
12,18,07,004,12/18/07/004,"OHE,  OZUA P/SCHOOL",ISI NORTH,UHUNMWODE,6.42375938,6.04771403,36652
12,18,07,005,12/18/07/005,"OKHUOKHUO,  OVIAWE PRIMARY SCHOOL",ISI NORTH,UHUNMWODE,6.41242246,6.06574614,36653
12,18,07,006,12/18/07/006,OBANISI - ISI P/SCHOOL,ISI NORTH,UHUNMWODE,6.41972003,6.02177813,36654
12,18,07,007,12/18/07/007,UVBENISI -UVBENISI P/SCHOOL,ISI NORTH,UHUNMWODE,6.40555455,6.03939699,36655
12,18,07,008,12/18/07/008,OGBAHU OGBAHU TOWN HALL,ISI NORTH,UHUNMWODE,6.38065242,6.12628318,36656
12,18,07,009,12/18/07/009,"OGHADA,  OGHADA G/S",ISI NORTH,UHUNMWODE,6.38138687,6.10517325,36657
12,18,07,010,12/18/07/010,"OGHADA , OGHADA P/SCHOOL",ISI NORTH,UHUNMWODE,6.37493348,6.10282590,36658
12,18,07,011,12/18/07/011,"OGHADA,  UGBEZE P/SCHOOL",ISI NORTH,UHUNMWODE,6.35935213,6.08118148,36659
12,18,08,001,12/18/08/001,IZIKHIRHI ALAGHODARO P/SCHOOL,ISI SOUTH,UHUNMWODE,6.38680348,5.99904458,36660
12,18,08,002,12/18/08/002,IGUOGBE - IGUOGBE P/SCHOOL,ISI SOUTH,UHUNMWODE,6.36630293,5.95662081,36661
12,18,08,003,12/18/08/003,"ILOBI , ILOBI PRIMARY SCHOOL",ISI SOUTH,UHUNMWODE,6.37775105,5.95448267,36662
12,18,08,004,12/18/08/004,OKUOKHUO -OKUOKHUO TOWN HALL,ISI SOUTH,UHUNMWODE,6.47254341,5.90342297,36663
12,18,08,005,12/18/08/005,"EVBOWE,  EGHOSA PRIMARY SCHOOL",ISI SOUTH,UHUNMWODE,6.54891631,5.87926486,36664
12,18,08,006,12/18/08/006,"EWAN,  EWAN TOWH HALL",ISI SOUTH,UHUNMWODE,6.49834405,5.85163980,36665
12,18,08,007,12/18/08/007,"IGUAGBAN,  IGUAGBAN P/SCHOOL",ISI SOUTH,UHUNMWODE,6.34325325,5.93609017,36666
12,18,08,008,12/18/08/008,"IGUESOGBAN MARKET SQUARE, IGUESOGBAN",ISI SOUTH,UHUNMWODE,6.39929656,6.00761678,634122
12,18,08,009,12/18/08/009,"IGUOGBE  PRIMARY HEALTH CENTER, IGUOGBE",ISI SOUTH,UHUNMWODE,6.36497846,5.95130179,634123
12,18,08,010,12/18/08/010,EVBOGHO VILLAGE  TOWN HALL,ISI SOUTH,UHUNMWODE,6.37891176,5.95159516,634124
12,18,09,001,12/18/09/001,"EVBOZOGBO,  EVBOZOGBO P/SCHOOL",OHUAN,UHUNMWODE,6.33590491,5.95870455,36667
12,18,09,002,12/18/09/002,IGUEHANA - IGUEHANA P/SCHOOL,OHUAN,UHUNMWODE,6.32735214,5.90363027,36668
12,18,09,003,12/18/09/003,"ERHUENEHIAN,  ERHUENEHIAN P/SCHOOL",OHUAN,UHUNMWODE,6.33131218,5.86801193,36669
12,18,09,004,12/18/09/004,"URHOKUOSA,  NOWA EPEN-IDE P/SCHOOL",OHUAN,UHUNMWODE,6.31594346,5.95244628,36670
12,18,09,005,12/18/09/005,"EVBUENEK,  EVBENEKI PRIMARY SCHOOL",OHUAN,UHUNMWODE,6.36113268,5.89609725,36671
12,18,09,006,12/18/09/006,"OBADAN,M OBADAN MIX SEC. SCHOOL",OHUAN,UHUNMWODE,6.47790247,5.89962099,36672
12,18,09,007,12/18/09/007,"IDIBO,  IDIBO PRIMARY SCHOOL",OHUAN,UHUNMWODE,6.41975895,5.86348251,36673
12,18,09,008,12/18/09/008,EVBOHUAN - EVBOHUAN  PRIMARY SCHOOL,OHUAN,UHUNMWODE,6.42609393,5.89904047,36674
12,18,09,009,12/18/09/009,"ADESAGBON,  ADESAGBON P/SCHOOL",OHUAN,UHUNMWODE,6.48470720,5.86559120,36675
12,18,09,010,12/18/09/010,"UDENI, AITEGUOSA P/SCHOOL",OHUAN,UHUNMWODE,6.48722917,5.85735345,36676
12,18,09,011,12/18/09/011,"ISIUWA PRIMARY SCHOOL, ISUA",OHUAN,UHUNMWODE,6.31620995,5.95250510,634125
12,18,09,013,12/18/09/013,EBUENEHIA TOWN HALL,OHUAN,UHUNMWODE,6.33077338,5.86428825,634127
12,18,09,014,12/18/09/014,IGUOGHAE COMMUNITY TOWN HALL EBUENEKI,OHUAN,UHUNMWODE,6.34763829,5.88838488,634128
12,18,09,015,12/18/09/015,CIVIC CENTER IGUIYE,OHUAN,UHUNMWODE,6.37491167,5.89648314,634129
12,18,09,016,12/18/09/016,OBADAN PRIMARY SCHOOL OBADAN,OHUAN,UHUNMWODE,6.47781004,5.89950834,634130
12,18,10,001,12/18/10/001,"OKHUAIHE,  OKEZE P/SCHOOL",EGBEDE,UHUNMWODE,6.32658633,5.76930793,36677
12,18,10,002,12/18/10/002,"ADUHANHAN,  ADUHANHAN P/SCHOOL",EGBEDE,UHUNMWODE,6.31925045,5.79521982,36678
12,18,10,003,12/18/10/003,"EKHORNUWAYA,  OPEN SPACE",EGBEDE,UHUNMWODE,6.31950164,5.79858916,36679
12,18,10,004,12/18/10/004,"EKHORNIGUOKUEN,  ARUOSA P/SCHOOL",EGBEDE,UHUNMWODE,6.34373321,5.82653455,36680
12,18,10,005,12/18/10/005,"EMUHEN,  EMUHEN PRIMARY SCHOOL",EGBEDE,UHUNMWODE,6.27832137,5.81650942,36681
12,18,10,006,12/18/10/006,"UGONOBA , AYOBAHAN P/SCHOOL",EGBEDE,UHUNMWODE,6.31415445,5.85103107,36682
12,18,10,007,12/18/10/007,"UGONEKI,  UGONEKI P/SCHOOL",EGBEDE,UHUNMWODE,6.30266340,5.87791242,36683
12,18,10,008,12/18/10/008,"UVBE,  UVBE PRIMARY SCHOOL",EGBEDE,UHUNMWODE,6.28983725,5.95126629,36684
12,18,10,009,12/18/10/009,"UGBOGIRI,  OSULA P/SCHOOL",EGBEDE,UHUNMWODE,6.29322878,5.92037301,36685
12,18,10,010,12/18/10/010,UGHA-OKHUAIHE  TOWN HALL,EGBEDE,UHUNMWODE,6.47781004,5.76735790,634102
12,18,10,011,12/18/10/011,ADUHANHAN MARKET SQUARE,EGBEDE,UHUNMWODE,6.32418934,5.79699330,634103
12,18,10,012,12/18/10/012,OKUEKPEN TOWN HALL UGONOBA,EGBEDE,UHUNMWODE,6.30968505,5.85394498,634104
12,18,10,013,12/18/10/013,"OKOGO, COMMUNITY TOWN HALL, UGONEKI",EGBEDE,UHUNMWODE,6.27983176,5.86954672,634105
12,18,10,015,12/18/10/015,"EMUSON PRIMARY SCHOOL, UGBOMOSON",EGBEDE,UHUNMWODE,6.29502673,5.91172201,634107
